:01002000E9F6
:05002800220D20FCC9BF
:070030001A22130D20FAC98A
:08004000F5E521A5C0C3800015
:20008000C5D52AB6280BE53A6E67E7E12318F3E804D1C1E1F041E60220FAF1D921A3C034B5
:2000A000200223343E01E091C380FFF041E60220FA3EC0C384FFAF019D0021A0C0CD763518
:2000C0003EC0E09267AF6F0EA0C32800F3E0FFAFFBE00FC9F092B7C8E0463E283D20FDC9AE
:0100F000C946
:02010000185590
:20010400CEED6666CC0D000B03730083000C000D0008111F8889000EDCCC6EE6DDDDD999DF
:16012400BBBB67636E0EECCCDDDC999FBBB9333E5469746C650079
:20014400000000000000000001000000FAA1C047FAA0C0F357583100E0D5CD9C35CDB600F5
:20016400D17AEAA0C0FE112007AFCB3B17EAA1C0AFE042E043E041E04A3E07E04B11D40005
:200184002180FF0E0CF7CD80FF119C00CDED013EE4E047E0483E1BE0493EC0E0403E01E0C6
:2001A400FFAFE00F21A3C02277E0263CE090CD2D3FFBCDDA2C760018FCF040E680C8AFE051
:2001C400917600F091B728F9C921A5C02A4F2A47B1C87BB920F67AB820F2444D0B0B2A02A8
:1701E40003572A0203B220F6C921A5C02AB628032318F97A3273C93D
:0D3F2D0001090021243F113DC1CD7F35C9A0
:203576005F78B1C8730B545D1378B1C8CB38CB1930032A1213040C18062A12132A12130D70
:1E35960020F70520F4C9F040E680C8F044FE9230FAF044FE9138FAF040E67FE040C95F
:2002000034020040004000017E0310000000023F020040004000014E0310000000034D021F
:20022000004000400001A603100000000400020F021E020353544552454F204D4144004244
:2002400041434B204F4E20545241434B00504F4C4152474549535400000000001A1B2A2BF9
:200260001A1B1A1B00003A3BDADF00001B1B2B2B1B1B1B1B20213031E0E1E4E5E2E3E6E730
:20028000E8E9ECEDEAEBEEEF0C0D1C1D0E0F1E1F60617071626372732021303122233233BE
:2002A00000003C3D0C0D747564651E1F3A3B3C3D3A3B161706070000000016173A3B00007E
:2002C0002627363724253435282938392E003E002C2D0000002F003F404150514445565765
:2002E000464356534647545542475257404552574441565346435451424750554847565770
:20030000464956574647565946475857424352534445545546475657404152534441545143
:200320004243505140455055ACADBCBD0000AEAFBEBF00003A3B2C2D02031213030313139D
:200340000304131446476E6E02036E6E03036E6E03046E6E01046E6E606170716465767727
:200360006663767366677475626772776065727764617673666374716267707568677677EF
:200380006669767766677679666778776263727364657475666776776061727364617471C3
:2003A00062637071606570750203000003030000030400000104000000001213000013138B
:2003C000000013140000111400006E6E7E7E000000090019080018004C4D5C5D5A5A101091
:2003E000104B104B10105B5B4A104A104C5A4A105A4D104B104B5B5D4A105C5B4E10101019
:20040000104F10101010105F10105E104A4B4A4B5A5A5B5B101010104C4D4A4B5A4D5B5DDF
:200420004A4B5C5D4C5A5C5B00C1D0D1C2C3D2D3C400D4D5C6C7D6D76C6D7C7DC8C9D8D9CA
:20044000CACB00DBCCCDDCDDCECFDE00C0C5DADF6A6B7A7B0000C0C500006F7F8F9F0000B6
:2004600006076E6E7E7E16176A6B7A7B4E4F5E5F4A4B5A5B4C4D5C5D0A0B1A1B0B0B1B1B14
:20048000006A6E7A6B007B6E006A007A6B007B000000AFAE46475657008090BB8100BA91BE
:2004A00082AB0092AA839300000094958485BABB8687BABB0000969788890000AAAB9899D0
:2004C000AAAB9A9B8A8B000000A100B1A0ABB0BBAAA3BAB3A200B20000A500B5A4ABB4BB4F
:2004E000AAA7BAB7A600B600A8ABBABBAAA9BABBAAABBAB9AAABB8BB1500FF00001500FF96
:200500001500FFFF0015FFFF1515FFFF000015000000001500001515FF00000000FF00003B
:200520000000FF00000000FFFFFF00000000FFFFFF00FF0000FF00FFFFFFFF00FFFF00FFCB
:20054000FF00FFFF00FFFFFFFF0000FF00FFFF000500000000050000050500002C09003F1D
:20056000082D3E00002F3C192E00183D22233233242534353C3D3A3B2C2D3A3B3A3B5657C7
:2005800046473A3B00003C3D2C2D0000000015000000001500001515050000000005000029
:2005A00005050000FFFFFFFF101056571010561046105610000094958485BABB22233233D5
:2005C000222332332425343524253435202130312021303100000000404152534247525771
:2005E00042475055000000004243505140455257202130312021303100AC00BCAD00BD0063
:20060000000000AE0000AF0000BE0000BF0000000000ACADBCBD00000000003C00003D00B5
:20062000002C00002D00000000220032230033002322333200600070610071000024003413
:2006400025003500252435340000000044415653000000000000000000010100000101015B
:2006600000000000020202020000000202000000000000000000000000000000000000006E
:2006800000000000000000000000000000000000000000000000000000000000000000005A
:2006A00000000000000000000000000000000000000000000000000000000000000000003A
:2006C00000000000000000000000000000000000020000000000000002020000020202020C
:2006E0000101000000000000000000000000000000000000000000000000000000000000F8
:200700000000000000000000000000000000000000000000000000000000000000030300D3
:200720000000000303030303030303000000000000000000000000000000000000000000A1
:2007400000000000000000000000000000000000000000000000000000090906030909006C
:2007600004040303040302010708040403800703040508080802030107070707070707075E
:2007800007070707070707000707070700000080070707040707070707070707070707071F
:2007A00007070707070707000707070705050505060606080403010207070707070707077C
:2007C000070707070707070007070707800480010002800380080704000008080403040391
:2007E000090980808080008080808080808080808080808080808080808080808080808067
:200800008080808080808080808080800506808080808080808080808080808080000080CD
:2008200080050600000000000000000700000000008080808080808080050580058006050C
:1808400000000000000000008080808080800880808080080780808009
:20800000000000000000000000000000000000000000000000000000000000000000000060
:20802000000000000000000000000000000000000000000000000000000000000000000040
:20804000000000000000000000000000000000000000000000000000000000000000000020
:20806000000000000000000000000000000000000000000000000000000000000000000000
:208080000000000000000000000000000000000000000000000000000000000000000000E0
:2080A0000000000000000000000000000000000000000000000000000000000000000000C0
:2080C0000000000000000000000000000000000000000000000000000000000000000000A0
:2080E00000000000000000000000000000000000000000242F2F2F2F2F2F2F2F2F2F2F2F28
:208100002F2F2F2F2F2F2F2F2F2F22060206060602060606020606060206060602060606FD
:2081200002060606020606060206060602060606020606060206060602060606020606069F
:2081400002060606020606060206060602060606020606060206060602060606020606067F
:2081600002060606020606060206060602060606020606060206060602060606020606065F
:2081800002060606020606060206060602060606020606060206060602060606020606063F
:2081A0000206060000000000000000000000000000000000000000000000000000000000B1
:2081C00000000000000000000000000000000000000000000000000000000000000000009F
:2081E00000000000000000000000000000000000000000000000000000000000000000007F
:2082000000000000000000000000000000000000000000000000000000000000000000005E
:2082200000000000000000000000000000000000000000000000000000000000000000003E
:2082400000000000000000000000000000000000000000000000000000000000000000001E
:208260000000000000000000000000000000000000000000000000000000000000000000FE
:208280000000000000000000000000000000000000000000000000000000000000000000DE
:2082A0000000000000000000000000000000000000000000000000000000000000000000BE
:2082C00000000000000000000000000000000000000000000000000000000000000000009E
:2082E00000000000000000000000000000000000000000000000000000000000242F2F2FCD
:208300002F2F2F2F2F2F2F2F2F2F2F2F2F2F2F2F2F2F2F2F2F2F2F2F2F2F2F2F2F2F2F2F7D
:208320002F2F2F2F2F2F2F2F2F2F2F2F2F2F2F2F2F2F2F2F2F2F2F2F2F2F2F2F2F2F2F2F5D
:208340002F2F2F2F2F2F2F2F2F2F2F2F2F2F2F2F2F2F2F2F2F2F2F2F2F2F2F2F2F2F2F2F3D
:208360002F2F2F2F2F2F2F2F2F2F2F2F2F2F220000000000242F2F2F2F2F2F2F2F2F00007E
:208380000000000000000000000000000000000000000000000000000000000000000000DD
:2083A0000000000000000000000000000000000000000000000000000000000000000000BD
:2083C00000000000000000000000000000000000000000000000000000000000000000009D
:2083E00000000000000000000000000000000000000000000000000000000000000000007D
:2084000000000000000000000000000000000000000000000000000000000000000000005C
:2084200000000000000000000000000000000000000000000000000000000000000000003C
:2084400000000000000000000000000000000000000000000000000000000000000000001C
:208460000000000000000000000000000000000000242F2F2F2F2F2F2F2F2F2F2F2F2F2F46
:208480002F2F2F2F2F2F2F2F220602060606020606060206060602060606020606060206D0
:2084A00006060206060602060606020606060206060602060606020606060206060602061C
:2084C0000606020606060206060602060606020606060206060602060606020606060206FC
:2084E0000606020606060206060602060606020606060206060602060606020606060206DC
:208500000606020606060206060602060606020606060206060602060606020606060206BB
:20852000060000000000000000000000000000000000000000000000000000000000000035
:2085400000000000000000000000000000000000000000000000000000000000000000001B
:208560000000000000000000000000000000000000000000000000000000000000000000FB
:208580000000000000000000000000000000000000000000000000000000000000000000DB
:2085A0000000000000000000000000000000000000000000000000000000000000000000BB
:2085C00000000000000000000000000000000000000000000000000000000000000000009B
:2085E00000000000000000000000000000000000000000000000000000000000000000007B
:2086000000000000000000000000000000000000000000000000000000000000000000005A
:2086200000000000000000000000000000000000000000000000000000000000000000003A
:2086400000000000000000000000000000000000000000000000000000000000000000001A
:208660000000000000000000000000000000000000000000000000000000242F2F2F2F2FEB
:208680002F2F2F2F2F2F2F2F2F2F2F2F2F2F2F2F2F2F2F2F2F2F2F2F2F2B23232323232346
:2086A000232323232323232323232C2B232323232323232323232323232323232323232349
:2086C0002323232F2323232323232323232323232323232323232323232323232323232C25
:2086E0002B2323232323232323232323270000000000242F2F2F2F2F2F2F2F2F00000000DC
:20870000000000000000000000000000000000000000000000000000000000000000000059
:20872000000000000000000000000000000000000000000000000000000000000000000039
:20874000000000000000000000000000000000000000000000000000000000000000000019
:208760000000000000000000000000000000000000000000000000000000000000000000F9
:208780000000000000000000000000000000000000000000000000000000000000000000D9
:2087A0000000000000000000000000000000000000000000000000000000000000000000B9
:2087C000000000000000000000000000000000000000000000000000000000000000000099
:2087E000000000000000000000000000000000242F2F2F2F2F2F2F2F2F2F2F2F2F2F2F2F65
:208800002F2F2F2F2F2F22060206060602060606020606060206060602060606020606069E
:20882000020606060206060602060606020606060206060602060606020606060206060698
:20884000020606060206060602060606020606060206060602060606020606060206060678
:20886000020606060206060602060606020606060206060602060606020606060206060658
:2088800002060606020606060206060602060606020606060206060602060606020606003E
:2088A0000000000000000000000000000000000000000000000000000000000000000000B8
:2088C000000000000000000000000000000000000000000000000000000000000000000098
:2088E000000000000000000000000000000000000000000000000000000000000000000078
:20890000000000000000000000000000000000000000000000000000000000000000000057
:20892000000000000000000000000000000000000000000000000000000000000000000037
:20894000000000000000000000000000000000000000000000000000000000000000000017
:208960000000000000000000000000000000000000000000000000000000000000000000F7
:208980000000000000000000000000000000000000000000000000000000000000000000D7
:2089A0000000000000000000000000000000000000000000000000000000000000000000B7
:2089C000000000000000000000000000000000000000000000000000000000000000000097
:2089E000000000000000000000000000000000000000000000000000242F2F2F2F2F2F2F0A
:208A00002F2F2F2F2F2F2F2F2F2F2F2F2F2F2F2F2F2F2F2F2F2F2F222F2F2F2F2F2F2F2F83
:208A2000000000000000000028271E1E00000000000000001E1E1E00000000000000000051
:208A400000321E1E000000001E1E0000000000000000000000000000000000001B24221BF0
:208A600000000000000000000000000000000000242F2F2F2F2F2F2F2F2F0000000000002B
:208A80000000000000000000000000000000000000000000000000000000000000000000D6
:208AA0000000000000000000000000000000000000000000000000000000000000000000B6
:208AC000000000000000000000000000000000000000000000000000000000000000000096
:208AE000000000000000000000000000000000000000000000000000000000000000000076
:208B0000000000000000000000000000000000000000000000000000000000000000000055
:208B2000000000000000000000000000000000000000000000000000000000000000000035
:208B4000000000000000000000000000000000000000000000000000000000000000000015
:208B600000000000000000000000000000242F2F2F2F2F2F2F2F2F2F2F2F2F2F2F2F2F2F83
:208B80002F2F2F2F2206020606060206060602060606020606060206060602060606020671
:208BA000060602060606020606060206060602060606020606060206060602060606020615
:208BC0000606020606060206060602060606020606060206060602060606020606060206F5
:208BE0000606020606060206060602060606020606060206060602060606020606060206D5
:208C00000606020606060206060602060606020606060206060602060606020606000000C2
:208C2000000000000000000000000000000000000000000000000000000000000000000034
:208C4000000000000000000000000000000000000000000000000000000000000000000014
:208C60000000000000000000000000000000000000000000000000000000000000000000F4
:208C80000000000000000000000000000000000000000000000000000000000000000000D4
:208CA0000000000000000000000000000000000000000000000000000000000000000000B4
:208CC000000000000000000000000000000000000000000000000000000000000000000094
:208CE000000000000000000000000000000000000000000000000000000000000000000074
:208D0000000000000000000000000000000000000000000000000000000000000000000053
:208D2000000000000000000000000000000000000000000000000000000000000000000033
:208D4000000000000000000000000000000000000000000000000000000000000000000013
:208D600000000000000000000000000000000000000000000000242F2F2F2F2F2F2F2F2F28
:208D80002F2F2F2F2F2F2F2F2F2F2F2F2F2F2F2F2F2F2F2F2F222F2F2F2F2F2F2F2F00005E
:208DA0000000000000001B1B0000000000000000000000000000000000000000000000007D
:208DC0000000000000000000000000252121212121212121212600000000002827000000D0
:208DE0000025260000000000000000000000242F2F2F2F2F2F2F2F2F00000000000000005D
:208E0000000000000000000000000000000000000000000000000000000000000000000052
:208E2000000000000000000000000000000000000000000000000000000000000000000032
:208E4000000000000000000000000000000000000000000000000000000000000000000012
:208E60000000000000000000000000000000000000000000000000000000000000000000F2
:208E80000000000000000000000000000000000000000000000000000000000000000000D2
:208EA0000000000000000000000000000000000000000000000000000000000000000000B2
:208EC000000000000000000000000000000000000000000000000000000000000000000092
:208EE0000000000000000000000000242F2F2F2F2F2F2F2F2F2F2F2F2F2F2F2F2F2F2F2FA2
:208F00002F2F2206020606060206060602060606020606060206060602060606020606063F
:208F2000020606060206060602060606020606060206060602060606020606060206060691
:208F4000020606060206060602060606020606060206060602060606020606060206060671
:208F6000020606060206060602060606020606060206060602060606020606060206060651
:208F800002060606020606060206060602060606020606060206060602060600000000004B
:208FA0000000000000000000000000000000000000000000000000000000000000000000B1
:208FC000000000000000000000000000000000000000000000000000000000000000000091
:208FE000000000000000000000000000000000000000000000000000000000000000000071
:20900000000000000000000000000000000000000000000000000000000000000000000050
:20902000000000000000000000000000000000000000000000000000000000000000000030
:20904000000000000000000000000000000000000000000000000000000000000000000010
:209060000000000000000000000000000000000000000000000000000000000000000000F0
:209080000000000000000000000000000000000000000000000000000000000000000000D0
:2090A0000000000000000000000000000000000000000000000000000000000000000000B0
:2090C000000000000000000000000000000000000000000000000000000000000000000090
:2090E0000000000000000000000000000000000000000000242F2F2F2F2F2F2F2F2F2F2F47
:209100002F2F2F2F2F2F2F2F2F2F2F2F2F2F2F2F2F2F2F222F2F2F2F2F2F2F2F0000001127
:2091200011000000000000000011111111110000000000121212121212301200000000001B
:20914000001225212121212121292F2F2F2F2F2F2F2F2F22111100000000000000001124C9
:20916000220000000000000000000000242F2F2F2F2F2F2F2F2F0000000000000000000002
:209180000000000000000000000000000000000000000000000000000000000000000000CF
:2091A0000000000000000000000000000000000000000000000000000000000000000000AF
:2091C00000000000000000000000000000000000000000000000000000000000000000008F
:2091E00000000000000000000000000000000000000000000000000000000000000000006F
:2092000000000000000000000000000000000000000000000000000000000000000000004E
:2092200000000000000000000000000000000000000000000000000000000000000000002E
:2092400000000000000000000000000000000000000000000000000000000000000000000E
:20926000000000000000000000242F2F2F2F2F2F2F2F2F2F2F2F2F2F2F2F2F2F2F2F2F2FC0
:20928000220501050505010505050105050501050505010505050105050501050505010531
:2092A00005050105050501050505010505050105050501050505010505050105050501052E
:2092C00005050105050501050505010505050105050501050505010505050105050501050E
:2092E0000505010505050105050501050505010505050105050501050505010505050105EE
:209300000505010505050105050501050505010505050105050501050500000000000000E8
:2093200000000000000000000000000000000000000000000000000000000000000000002D
:2093400000000000000000000000000000000000000000000000000000000000000000000D
:209360000000000000000000000000000000000000000000000000000000000000000000ED
:209380000000000000000000000000000000000000000000000000000000000000000000CD
:2093A0000000000000000000000000000000000000000000000000000000000000000000AD
:2093C00000000000000000000000000000000000000000000000000000000000000000008D
:2093E00000000000000000000000000000000000000000000000000000000000000000006D
:2094000000000000000000000000000000000000000000000000000000000000000000004C
:2094200000000000000000000000000000000000000000000000000000000000000000002C
:2094400000000000000000000000000000000000000000000000000000000000000000000C
:209460000000000000000000000000000000000000002823232323232323232323232323FD
:209480002323232323232323232323232323232323272F2F2F2F2F2F2F2F252E2E2E2E2ECF
:2094A0002E2E2E2E2E2E2E2E2E2E2E2E2E2E2E2E2E2E212E2E2E2E232E2E2E2E2E2E2E2E04
:2094C000232323232323232323232323232C2F2F2F2A2E2E2E2E2E2E2E2E212121292A219B
:2094E00021212121100000000000242F2F2F2F2F2F2F2F2F0000000000000000000000000D
:2095000000000000000000000000000000000000000000000000000000000000000000004B
:2095200000000000000000000000000000000000000000000000000000000000000000002B
:2095400000000000000000000000000000000000000000000000000000000000000000000B
:209560000000000000000000000000000000000000000000000000000000000000000000EB
:209580000000000000000000000000000000000000000000000000000000000000000000CB
:2095A0000000000000000000000000000000000000000000000000000000000000000000AB
:2095C00000000000000000000000000000000000000000000000000000000000000000008B
:2095E00000000000000000242F2F2F2F2F2F2F2F2F2F2F2F2F2F2F2F2F2F2F2F2F2F22001B
:2096000000000000000000000000000000000000000000000000000000000000000000004A
:20962000002D000000000000000000000000321B1B1B1B1B1B1B1B1B1B1B1B1B1B3200001F
:2096400000000000000000000000000000000000000000000000002D1B1B1B1B0000000071
:2096600000000000000000000000000000000000000000001B1B1B1B1B1B1B2D1B1B1B1B94
:209680001B1B1B1B1B1B1B1B242F2F2F2F2F2F2F2F2F2F2F2F2F2200000000000000000049
:2096A00000000000000000000000000000000000000000001010100000000000000000007A
:2096C00000000000000000000000000000000000000000000000000000000000000000008A
:2096E00000000000000000000000000000000000000000000000000000000000000000006A
:20970000000000000000000000000000000000000000000000000000000000000000000049
:20972000000000000000000000000000000000000000000000000000000000000000000029
:20974000000000000000000000000000000000000000000000000000000000000000000009
:209760000000000000000000000000000000000000000000000000000000000000000000E9
:209780000000000000000000000000000000000000000000000000000000000000000000C9
:2097A0000000000000000000000000000000000000000000000000000000000000000000A9
:2097C000000000000000000000000000000000000000000000000000000000000000000089
:2097E0000000000000000000000000000000000010000000000000000000000000102F2FEB
:209800002F2F2F2F2F2F1017171717171700002F2F2F2F2F2F2F2F2F1017170D170D0D0D64
:20982000171717170D170D0D17171717171717102F101717170D0D17171717171717171770
:20984000101010101010170D0D0D17102F2F2F2F101717170D0D17102F2F2F2F2F2F2F2F79
:209860002F2F100000000000242F2F2F2F2F2F2F2F2F0000000000000000000000000000AF
:209880000000000000000000000000000000000000000000000000000000000000000000C8
:2098A0000000000000000000000000000000000000000000000000000000000000000000A8
:2098C000000000000000000000000000000000000000000000000000000000000000000088
:2098E000000000000000000000000000000000000000000000000000000000000000000068
:20990000000000000000000000000000000000000000000000000000000000000000000047
:20992000000000000000000000000000000000000000000000000000000000000000000027
:20994000000000000000000000000000000000000000000000000000000000000000000007
:209960001100000000242F2F2F2F2F2F2F2F2F2F2F2F2F2F2F2F2F2F2F2F2F2F2200000086
:20998000000000000000000000000000000000000000000000000000000000000000002D9A
:2099A0000000000000000000000000000000000000000000000000000000000000000000A7
:2099C000000000000000000000000000000000000000000000320000000000000000000055
:2099E000000000000000000000000000000000000000000000000000002D0000000000003A
:209A0000000000000000242F2F2F2F2F2F2F2F2F2F2F2F2F2200000000000000000000009D
:209A20000000000000000000000000000000000000001B1B1B0000000000000000000000D5
:209A40000000000000000000000000000000000000000000003019000000000000000000BD
:209A60000000000000000000000000000000000000000000000000000000000000000000E6
:209A80000000000000000000000000000000000000000000000000000000000000000000C6
:209AA0000000000000000000000000000000000000000000000000000000000000000000A6
:209AC000000000000000000000000000000000000000000000000000000000000000000086
:209AE000000000000000000000000000000000000000000000000000000000000000000066
:209B0000000000000000000000000000000000000000000000000000000000000000000045
:209B2000000000000000000000000000000000000000000000000000000000000000000025
:209B4000000000000000000000000000000000000000000000000000000000000000000005
:209B600000000000000000000000000000001000000000000000000000000000102F2F2F38
:209B80002F2F2F1000000000000000000000102F2F2F2F2F2F1000000000000000000000EE
:209BA00000000000000000000000000000102F1000000000000000000000000000001B1B20
:209BC0001B1B1B1B0000000000101010101010000000000000102F2F2F2F2F2F2F2F2F2FD3
:209BE000100000000000242F2F2F2F2F2F2F2F2F000000000000000000000000000000008A
:209C0000000000000000000000000000000000000000000000000000000000000000000044
:209C2000000000000000000000000000000000000000000000000000000000000000000024
:209C4000000000000000000000000000000000000000000000000000000000000000000004
:209C60000000000000000000000000000000000000000000000000000000000000000000E4
:209C800000000000000000000000001919000000000000191900000000000000001111112D
:209CA000110000000000000000000000000000000000000000000000000000000000000093
:209CC00000000000000000000000000000000000000000000000000000000000000019006B
:209CE00000000028232323232C2F2F2F2F2F2F2F2F2F2F2F2F2B2323232327000000000072
:209D0000000000000000000000000000000000000000000000000000000000000032000011
:209D2000000000000000000000000000000000000000000000000000000000000000000023
:209D4000000000000000000000000000000000000000000000000000000000000000000003
:209D600000000000000000000000000000000000000000000000002D0000000000000000B6
:209D80000000000028232323232323232323232323232700000000000000000000000000AD
:209DA0000000000000000000000000000000000000000000000000000000000000000000A3
:209DC000000000000000000000000000000000300000002D000019190000000000000000F4
:209DE000000000000000000000000000000000000000000000000000000000000000000063
:209E0000000000000000000000000000000000000000000000000000000000000000000042
:209E2000000000000000000000000000000000000000000000000000000000000000000022
:209E4000000000000000000000000000000000000000000000000000000000000000000002
:209E60000000000000000000000000000000000000000000000000000000000000000000E2
:209E80000000000000000000000000000000000000000000000000000000000000000000C2
:209EA0000000000000000000000000000000000000000000000000000000000000000000A2
:209EC000000000000000000000000000000000000000000000000000000000000000000082
:209EE000000000000000000000000000100000000000000000000000000000101010101002
:209F00001000000000000000000000000010101010101000000000000000000000000000D1
:209F20000000000000000000000000102F10000000000000000000000000000000000000D2
:209F4000000000000000001B1B1B1B1B1B000000000000101010101010101010101010009F
:209F600000000000242F2F2F2F2F2F2F2F2F00000000000000000000000000000000000016
:209F80000000000000000000000000000000000000000000000000000000000000000000C1
:209FA0000000000000000000000000000000000000000000000000000000000000000000A1
:209FC000000000000000000000000000000000000000000000000000000000000000000081
:209FE000000000000000000000000000000000000000000000000000000000000000190048
:20A00000000000000000000011111111000000001111111100000000000000191919190054
:20A0200000000000000011000000000000000000000000000000000000000000000000000F
:20A040000000000000000000000000000000000000000000000000001900000000000000E7
:20A060000000000000002823232323232323232323232327000000000000000000000000ED
:20A080000000000000000000000000000000000000000000000000000000000000000000C0
:20A0A0000000000000000000000000000000000000000000000000000000000000000000A0
:20A0C000000000000000000000000000000000000000000000000000000000000000000080
:20A0E00000000000000000000000000000000000000000000032000000000000000000002E
:20A1000000000000000000000000000000000000000000000000000000000000000000003F
:20A1200000000000000000000000000000000000000000000000000000000000000000001F
:20A14000000000000000000000300000002D0000002D000000000019190000000000000043
:20A160000000000000000000000000000000000000000000000000000000000000000000DF
:20A180000000000000000000000000000000000000000000000000000000000000000000BF
:20A1A00000000000000000000000000000000000000000000000000000000000000000009F
:20A1C00000000000000000000000000000000000000000000000000000000000000000007F
:20A1E00000000000000000000000000000000000000000000000000000000000000000005F
:20A2000000000000100000000000000000000000000000000000000000000000000000002E
:20A2200000000000000000000000000000000000000000000000000000000000000000001E
:20A240000000000000000000000000000000000000000000000000000000000000000000FE
:20A260000000000000000000000000000000000000000000000000000000000000000000DE
:20A280000000000000000000000000000000000000000000000000000000000000000000BE
:20A2A00000000000000000000010101000000000000000000000000000000000000000006E
:20A2C00000000000000000000000000000000000000000000000000000000000000000007E
:20A2E0000000242F2F2F2F2F2F2F2F2F000000000000000000000000000000000000000093
:20A3000000000000000000000000000000000000000000000000000000000000000000003D
:20A3200000000000000000000000000000000000000000000000000000000000000000001D
:20A340000000000000000000000000000000000000000000000000000000000000000000FD
:20A360000000000000000000000000000000000000000000000000001900000000000000C4
:20A38000332E212121212121212121212121212121212121212600000000000000000000C3
:20A3A0002521212126000000000000000000000000000000000000000000000000000000EF
:20A3C000000000000000000000000000000000000000190000000000000000000000000064
:20A3E00000000000000000000000000000000000000000000000000000000000000000005D
:20A4000000000000000000000000000000000000000000000000000000000000000000003C
:20A4200000000000000000000000000000000000000000000000000000000000000000001C
:20A440000000000000000000000000000000000000000000000000000000000000000000FC
:20A460000000000000000000000000000000000000000000000000000000000000000000DC
:20A480000000000000000000000000000000000000000000000000000000000000000000BC
:20A4A00000000000000000000000000030000000000000000000000000000000000000006C
:20A4C000000000300000002D0000002D0000002D000000000000000019191900000000007A
:20A4E00000000000000000000000000000000000000000000000000000000000000000005C
:20A500000000000000000000000000000000000000000000000010100000000000001010FB
:20A520001000000000001000000000000010000000000000000000000000000000000000EB
:20A540000000000000000000000000000000000000000000000000000000000000000000FB
:20A560000000000000000000000000000000000000000000000000000000000000000000DB
:20A580000000000010000000000000000000000000000000000000000000000000000000AB
:20A5A00000000000000010101000000000000000000000000000000000000000000000006B
:20A5C00000000000000000000000000000000000000000000000000000000000000000007B
:20A5E00000000000000000000000000000000000000000000000000000000000000000005B
:20A6000000000000000000000000000000000000000000000000000000000000000000003A
:20A6200000000000000000000000000000000000000000000000000000000000000000001A
:20A640000000000000000000000000000000000000000000000000000000000000000000FA
:20A66000242F2F2F2F2F2F2F2F2F000000000000000000000000000000000000000000000F
:20A680000000000000000000000000000000000000000000000000000000000000000000BA
:20A6A00000000000000000000000000000000000000000000000000000000000000000009A
:20A6C00000000000000000000000000000000000000000000000000000000000000000007A
:20A6E000000000000000000000000000000000000000190000000000000000000000000041
:20A70000242F2F2F2F2F2F2F2F2F2F2F2F2F2F2F2F2F2F2A21212121212121212121292FFB
:20A720002F2F22110000000000000000000000000000110000000000000000000000000077
:20A740000000000000000000000000001900000000000000000000000000000000000000E0
:20A760000000000000000000000000000000000000000000000000000000000000000000D9
:20A780000000000000000000000000000000000000000000000000000000000000000000B9
:20A7A000000000000000000000000000000000000000000000000000000000000000000099
:20A7C000000000000000000000000000000000000000000000000000000000000000000079
:20A7E000000000000000000000000000000000000000000000000000000000000000000059
:20A80000000000000000000000000000000000000000000000000000000000000000000038
:20A82000000000000000300000003200000000000000000000000000000000000030000086
:20A84000002D0000002D0000002D0000002D0000000000000000000000000000191900030F
:20A860000303000000000000000000000000000000000000000000000000000000000000D2
:20A8800000000000000000000000000000000000000000001B1B0000000000001B1B1B0031
:20A8A000000000001B0000000000001B000000000000000000000000000000000000000062
:20A8C000000000000000000000000000000000000000000000000000000000000000000078
:20A8E00000000000000000000000000000000000000000000000000000000000191919000D
:20A90000000000001000120000000000000000000000000000000000000000000000000015
:20A92000000000001B1B1B00000000000000000000000000000000000000000000000000C6
:20A940000000000000000000000000000000000000000000000000000000000000000000F7
:20A960000000000000000000000000000000000000000000000000000000000000000000D7
:20A980000000000000000000000000000000000000000000000000000000000000000000B7
:20A9A000000000000000000000000000000000000000000000000000000000000000000097
:20A9C000000000000000000000000000000000000000000000000000000000000000242F24
:20A9E0002F2F2F2F2F2F2F2F000000000000000000000000000000000000000000000000DF
:20AA0000000000000000000000000000000000000000000000000000000000000000000036
:20AA2000000000000000000000000000000000000000000000000000000000000000000016
:20AA40000000000000000000000000000000000000000000000000000000000000000000F6
:20AA6000000000000000000000000000190000000000000000000000000000000000242F6A
:20AA80002F2F2F2F2F2F2F2F2F2F2F2F2F2F2F2F2F2F2F2F2F2F2F2F2F2F2F2F2F2F2F2FD6
:20AAA0002A2121212121212E2E2E3100001919191900000000000000110000000000000076
:20AAC0000000000000001900000000000000000000000000332E2E2E2E2E2E212121212171
:20AAE0002121212121212121212121212121212121212600000000000000000000000000DE
:20AB0000000000000000000000000000000000000000000000000000000000000000000035
:20AB2000000000000000000000000000000000000000000000000000000000000000000015
:20AB40000000000000000000000000000000000000000000000000000000000000000000F5
:20AB60000000000000000000000000000000000000000000000000000000000000000000D5
:20AB80000000000000000000000000000000000000000000000000000000000000000000B5
:20ABA00030000000320000002F0000000000000000000000000000300000002D0000002D7A
:20ABC0000000002D0000002D0000002D0000000000000000000000000000000000242F2279
:20ABE000000000030303030000000000000000000000000000000000000000000000000049
:20AC0000000000000000000000000000000000000000000000000000000000000000000034
:20AC2000000000000000000000000000000000000000000000000000000000000000000014
:20AC40001019000000000000000000000000000000000000000000000000000000000000CB
:20AC60000000000000000000000000000000000000000000000019000000000000001000AB
:20AC80000000000010000000000000000000000000000000000000000000000000000000A4
:20ACA000000000000000000000000000000000000000000000000000000000000000000094
:20ACC000000000000000000000000000000000000000000000000000000000000000110063
:20ACE000000000000000000000000000000000000000000000000000000000000000000054
:20AD0000000000000000000000000000000000000000000010101000000000000000000003
:20AD2000000000000000000000000000000000000000000000000000000000000000000013
:20AD400000000000000000000000000000000000000000000000000000000000242F2F2F42
:20AD60002F2F2F2F2F2F0000000000000000000000000000000000000000000000000000B9
:20AD80000000000000000000000000000000000000000000000000000000000000000000B3
:20ADA000100000000000000000000000000000000000000000000000000000000000000083
:20ADC000000000000000000000000000000000000000000000000000000000001100000062
:20ADE00000000000000019000000000000000000000000000000000000000000242F2F2F89
:20AE00002F2F2F2F2F2F2F2F2F2F2F2F2F2F2F2F2F2F2F2F2F2F2F2F2F2F2F2F2F2F2F2F52
:20AE20002F2F2F2F2200000000000000000000001919191919191900000000000000000085
:20AE400019000000000000000000000000000000000000000000000000242F2F2F2F2F2F9B
:20AE60002F2F2F2F2F2F2F2F2F2F2F2F2F2F2F2F22000000000000000000000000000000C0
:20AE80000000000000000000000000000000000000000000000000000000000000000000B2
:20AEA000000000000000000000000000000000000000000000000000000000000000000092
:20AEC000000000000000000000000000000000000000000000000000000000000000300042
:20AEE000000000000000000000000000000000000000000000000000000025212121212188
:20AF00002121212121212121260000000000000000000000000000000000300000002D00A6
:20AF200000002F0000002F00000000000000000000300000002D0000002D0000002D0000FC
:20AF4000002D0000002D0000002D0000000000000000000000000000000000242F220000F5
:20AF600000242F2F2200190000000000000000000000000000000000000000000000000014
:20AF800000001919000000000000000000000000000000000000000000000000000000007F
:20AFA0000000000000000000000000000000000000000000000000000000100000002D0054
:20AFC000001900000000000000000000000000000000001010101000000000000000000018
:20AFE000000000000000000000000000000000001900000000000000000000000000100028
:20B000000000000000000000001100000000001919190000000000000000000000000000D4
:20B02000000000000000000000000000000000000000000000000000000000000000000010
:20B0400019000000000000000000000011000000000000001100000000001919190000006A
:20B06000000010000000000000000000000000000010101010101000000000000000000060
:20B08000000000101010101010000000000000000000102F10000000000000000000000001
:20B0A00000000000000000000000000000000000000000000000000000000000001111115D
:20B0C0001111110000000000001010101010101010101010100000000000242F2F2F2F2F6E
:20B0E0002F2F2F2F0000000000000000000000000000000000000000000000000000000094
:20B100000000000000000000000000000000000000000000000000000000100000002D00F2
:20B1200000000000000000000000000000000000000000000000000000000000000000000F
:20B1400000000000000000000000110000000000000000252121212121212121212121212D
:20B160002600000000000000000000000000000000000000000000000000242F2F2F2F2F9A
:20B180002F2F2F2F2F2F2F2F2F2F2F2F2F2F2F2F2F2F2F2F2F2F2F2F2F2F2F2F2F2F2F2FCF
:20B1A0002F2F22000000000000000000000000000000000000001919191919000000000092
:20B1C0000000000000000000000000000000000000000000000000242F2F2F2F2F2F2F2FD3
:20B1E0002F2F2F2F2F2F2F2F2F2F2F2F2F2F2200000000000000000000000000000000009B
:20B2000000000000000000000000000000000000000000000000000000000000000000002E
:20B220000000000000000000000000000000000000000000000000000000300000000000DE
:20B24000000000000000000000000000000000000000000000003000000000002D00000091
:20B26000000000000000000000000000000000000000000000000000242F2F2F2F2F2F2F61
:20B280002F2F2F2F2F2F2A21212121212121212121212121260000002D0000002D0000003D
:20B2A0002F00000025212121212121260000002D0000002D0000002D0000002D0000002D6D
:20B2C0000000002D0000002D0000000000000000000000000000000000242F22000000247B
:20B2E0002F2F22000000190000000000000000000000000019190000000000001919000051
:20B3000000000000000000000000000000000000000000000000000000000000000000002D
:20B320000000000000000000000000000000000000000000100000002D0000002D000000A3
:20B3400000190000000000000000000000000000001B1B1B1B000000000000000000000068
:20B360000000000000000000000019000000000000000000000000000000000000001000A4
:20B38000000000001919001900190000000000000019000000000000000000000000000030
:20B3A00000000000000000000000000000000000000000000000000010191900000000004B
:20B3C000190000000000000019001900191919190000190019000000000000001919190041
:20B3E0001000000000000000000000000000102F2F2F2F2F2F100000000000000000000003
:20B40000102F2F2F2F2F2F100000000000000000102F1000000000000000000000000000A3
:20B42000000000000000000000000000000000001111111111110000000000101010101056
:20B4400010000000000000102F2F2F2F2F2F2F2F2F2F100000000000242F2F2F2F2F2F2F79
:20B460002F2F0000000000000000000000000000000000110000000000000000000000005D
:20B480000000121100000000000000000000000000001111100C0C182D0C0C182D0000009D
:20B4A000000000000000000000000000000000000011110000000000252121212121212659
:20B4C0000C0C182521212121212121212126181818242F2F2F2F2F2F2F2F2F2F2F2F2218EE
:20B4E0000C180C0C18181818181818180C0C0C0C0C180C18180C0C18242F2F2F2F2F2F2F23
:20B500002F2F2F2F2F2F2F2F2F2F2F2F2F2F2F2F2F2F2F2F2F2F2F2F2F2F2F2F2F2F2F2F4B
:20B52000221818180C0C180C18181818180C0C180C0C18181818180C1818180C180C0C1885
:20B5400018180C0C181818180C180C0C1818181818180C0C18242F2F2F2F2F2F2F2F2F2F4D
:20B560002F2F2F2F2F2F2F2F2F2F2F2F220000000000000000000000000000000000000075
:20B58000000000000000000000000000000000000000000000000000000000003011111148
:20B5A0001111111111111111111111300000000000000000000000002D111111110000002F
:20B5C00000000000000000000000000000003011111111112D11111111112D000000000037
:20B5E00000000000000000000000000000000000000000000000242F2F2F2F2F2F2F2F2F80
:20B600002F2F2F2F2F2F2F2F2F2F2F2F2F2F2F2F2F2F22180C0C2D0C0C182D0C1818300C88
:20B620000C18242F2F2F2F2F2F2218180C2D1818182D0C0C0C2D0C0C182D0C0C182D180C79
:20B640000C2D0C0C182D181818180C180C0C18180C0C1818181818242F22180C0C242F2FD1
:20B6600022180C0C181816000000000000111110180C0C18181010101818180C180C0C18D4
:20B680001810101011110000000000001111000000000000111111000000000011000000DA
:20B6A000000000110000000000000000111110180C0C2D1818182D0C0C182D0C0C0C0C18D0
:20B6C0001816000000000011110000000000000000000000000000111000000000000000F9
:20B6E000001616161618180C0C18181818180C180C0C180C1818180C180C0C1818181010E6
:20B700000C0C181818180C180C0C18180C0C18180C1616161111000000000000111111005A
:20B720000000000000000000101616181818161618181816161010180C0C18181818181805
:20B74000161616181818180C0C0C0C0C0C0C0C0C0C0C181818180C180C0C180C0C181000CF
:20B760000000000000000000000000102F2F2F2F2F2F2F2F1018180C180C0C1818102F2F27
:20B780002F2F2F2F2F2F10180C180C0C0C18102F1018181818181818180C0C181818181868
:20B7A000180C0C180C1818180C180C0C0C18101010101010180C0C1818102F2F2F2F1018D9
:20B7C000180C0C1818102F2F2F2F2F2F2F2F2F2F100000000000242F2F2F2F2F2F2F2F2F48
:20C00000000000000000000000000000000000000000000000000000000000000000000020
:20C02000000000000000000000000000000000000000000000000000000000000000000000
:20C040000000000000000000000000000000000000000000000000000000000000000000E0
:20C060000000000000000000000000000000000000000000000000000000000000000000C0
:20C080000000000000000000000000000000000000000000000000000000000000000000A0
:20C0A000000000000000000000000000000000000000000000000000000000000000000080
:20C0C000000000000000000000000000000000000000000000000000000000000000000060
:20C0E000000000000000000000000000000000000000000000000000000000000000000040
:20C1000000000000000000000000000000000000000000000000000000000000000000001F
:20C120000000000000000000000000000000000000000000000000000000000000000000FF
:20C140000000000000000000000000000000000000000000000000000000000000000000DF
:20C160000000000000000000000000000000000000000000000000000000000000000000BF
:20C1800000000000000000000000000000000000000000000000000000000000000000009F
:20C1A0000000000000060606020606060206060602060606020606060206060602060606F5
:20C1C0000206060602060606020606060206060602060606020606060206060602060606BF
:20C1E00002060606020606060206060602060606020606060206060602060606020606069F
:20C2000002060606020606060206060602060606020606060206060602060606020606067E
:20C220000206060602060606020606060206060600000000000000000000000000000000AE
:20C240000000000000000000000000000000000000000000000000000000000000000000DE
:20C260000000000000000000000000000000000000000000000000000000000000000000BE
:20C2800000000000000000000000000000000000000000000000000000000000000000009E
:20C2A00000000000000000000000000000000000000000000000000000000000000000007E
:20C2C00000000000000000000000000000000000000000000000000000000000000000005E
:20C2E00000000000000000000000000000000000000000000000000000000000000000003E
:20C3000000000000000000000000000000000000000000000000000000000000000000001D
:20C320000000000000000000000000000000000000000000000000000000000000000000FD
:20C3400000000000242F2F2F2F2F2F2F2F2F00000000000000000000000000000000000012
:20C360000000000000000000000000000000000000000000000000000000000000000000BD
:20C3800000000000000000000000000000000000000000000000000000000000000000009D
:20C3A00000000000000000000000000000000000000000000000000000000000000000007D
:20C3C00000000000000000000000000000000000000000000000000000000000000000005D
:20C3E00000000000000000000000000000000000000000000000000000000000000000003D
:20C4000000000000000000000000000000000000000000000000000000000000000000001C
:20C420000000000000000000000000000000000000000000000000000000000000000000FC
:20C440000000000000000000000000000000000000000000000000000000000000000000DC
:20C460000000000000000000000000000000000000000000000000000000000000000000BC
:20C4800000000000000000000000000000000000000000000000000000000000000000009C
:20C4A00000000000000000000000000000000000000000000000000000000000000000007C
:20C4C00000000000000000000000000000000000000000000000000000000000000000005C
:20C4E0000000000000000000000000000000000000000006060602060606020606060206FA
:20C5000006060206060602060606020606060206060602060606020606060206060602067B
:20C5200006060206060602060606020606060206060602060606020606060206060602065B
:20C5400006060206060602060606020606060206060602060606020606060206060602063B
:20C56000060602060606020606060206060602060606020606060206060602060606000023
:20C5800000000000000000000000000000000000000000000000000000000000000000009B
:20C5A00000000000000000000000000000000000000000000000000000000000000000007B
:20C5C00000000000000000000000000000000000000000000000000000000000000000005B
:20C5E00000000000000000000000000000000000000000000000000000000000000000003B
:20C6000000000000000000000000000000000000000000000000000000000000000000001A
:20C620000000000000000000000000000000000000000000000000000000000000000000FA
:20C640000000000000000000000000000000000000000000000000000000000000000000DA
:20C660000000000000000000000000000000000000000000000000000000000000000000BA
:20C68000000000000000000000000000000000000000242F2F2F2F2F2F2F2F2F00000000CF
:20C6A00000000000000000000000000000000000000000000000000000000000000000007A
:20C6C00000000000000000000000000000000000000000000000000000000000000000005A
:20C6E00000000000000000000000000000000000000000000000000000000000000000003A
:20C70000000000000000000000000000000000000000000000000000000000000000000019
:20C720000000000000000000000000000000000000000000000000000000000000000000F9
:20C740000000000000000000000000000000000000000000000000000000000000000000D9
:20C760000000000000000000000000000000000000000000000000000000000000000000B9
:20C78000000000000000000000000000000000000000000000000000000000000000000099
:20C7A000000000000000000000000000000000000000000000000000000000000000000079
:20C7C000000000000000000000000000000000000000000000000000000000000000000059
:20C7E000000000000000000000000000000000000000000000000000000000000000000039
:20C80000000000000000000000000000000000000000000000000000000000000000000018
:20C820000000000000000000000000000000000000000000000000000000000000000000F8
:20C8400000060606020606060206060602060606020606060206060602060606020606063A
:20C86000020606060206060602060606020606060206060602060606020606060206060618
:20C880000206060602060606020606060206060602060606020606060206060602060606F8
:20C8A0000206060602060606020606060206060602060606020606060206060602060606D8
:20C8C00002060606020606060206060600000000000000000000000000000000000000001C
:20C8E000000000000000000000000000000000000000000000000000000000000000000038
:20C90000000000000000000000000000000000000000000000000000000000000000000017
:20C920000000000000000000000000000000000000000000000000000000000000000000F7
:20C940000000000000000000000000000000000000000000000000000000000000000000D7
:20C960000000000000000000000000000000000000000000000000000000000000000000B7
:20C98000000000000000000000000000000000000000000000000000000000000000000097
:20C9A000000000000000000000000000000000000000000000000000000000000000000077
:20C9C000000000000000000000000000000000000000000000000000000000000000000057
:20C9E000242F2F2F2F2F2F2F2F2F000000000000000000000000000000000000000000006C
:20CA0000000000000000000000000000000000000000000000000000000000000000000016
:20CA20000000000000000000000000000000000000000000000000000000000000000000F6
:20CA40000000000000000000000000000000000000000000000000000000000000000000D6
:20CA60000000000000000000000000000000000000000000000000000000000000000000B6
:20CA8000000000000000000000000000000000000000000000000000000000000000000096
:20CAA000000000000000000000000000000000000000000000000000000000000000000076
:20CAC000000000000000000000000000000000000000000000000000000000000000000056
:20CAE000000000000000000000000000000000000000000000000000000000000000000036
:20CB0000000000000000000000000000000000000000000000000000000000000000000015
:20CB20000000000000000000000000000000000000000000000000000000000000000000F5
:20CB40000000000000000000000000000000000000000000000000000000000000000000D5
:20CB60000000000000000000000000000000000000000000000000000000000000000000B5
:20CB800000000000000000000000000000000006060602060606020606060206060602063F
:20CBA0000606020606060206060602060606020606060206060602060606020606060206D5
:20CBC0000606020606060206060602060606020606060206060602060606020606060206B5
:20CBE000060602060606020606060206060602060606020606060206060602060606020695
:20CC0000060602060606020606060206060602060606020606060206060600000000000090
:20CC20000000000000000000000000000000000000000000000000000000000000000000F4
:20CC40000000000000000000000000000000000000000000000000000000000000000000D4
:20CC60000000000000000000000000000000000000000000000000000000000000000000B4
:20CC8000000000000000000000000000000000000000000000000000000000000000000094
:20CCA000000000000000000000000000000000000000000000000000000000000000000074
:20CCC000000000000000000000000000000000000000000000000000000000000000000054
:20CCE000000000000000000000000000000000000000000000000000000000000000000034
:20CD0000000000000000000000000000000000000000000000000000000000000000000013
:20CD20000000000000000000000000000000242F2F2F2F2F2F2F2F2F000000000000000028
:20CD40000000000000000000000000000000000000000000000000000000000000000000D3
:20CD60000000000000000000000000000000000000000000000000000000000000000000B3
:20CD8000000000000000000000000000000000000000000000000000000000000000000093
:20CDA000000000000000000000000000000000000000000000000000000000000000000073
:20CDC000000000000000000000000000000000000000000000000000000000000000000053
:20CDE000000000000000000000000000000000000000000000000000000000000000000033
:20CE0000000000000000000000000000000000000000000000000000000000000000000012
:20CE20000000000000000000000000000000000000000000000000000000000000000000F2
:20CE40000000000000000000000000000000000000000000000000000000000000000000D2
:20CE60000000000000000000000000000000000000000000000000000000000000000000B2
:20CE8000000000000000000000000000000000000000000000000000000000000000000092
:20CEA000000000000000000000000000000000000000000000000000000000000000000072
:20CEC000000000000000000000000000000000000000000000000000000000000006060640
:20CEE000020606060206060602060606020606060206060602060606020606060206060692
:20CF0000020606060206060602060606020606060206060602060606020606060206060671
:20CF2000020606060206060602060606020606060206060602060606020606060206060651
:20CF4000020606060206060602060606020606060206060602060606020606060206060631
:20CF6000020606060206060600000000000000000000000000000000000000000000000089
:20CF8000000000000000000000000000000000000000000000000000000000000000000091
:20CFA000000000000000000000000000000000000000000000000000000000000000000071
:20CFC000000000000000000000000000000000000000000000000000000000000000000051
:20CFE000000000000000000000000000000000000000000000000000000000000000000031
:20D00000000000000000000000000000000000000000000000000000000000000000000010
:20D020000000000000000000000000000000000000000000000000000000000000000000F0
:20D040000000000000000000000000000000000000000000000000000000000000000000D0
:20D0600000000000000000000000000000000000000000000000000000000000242F2F2FFF
:20D080002F2F2F2F2F2F000000000000000000000000000000000000000000000000000076
:20D0A000000000000000000000000000000000000000000000000000000000000000000070
:20D0C000000000000000000000000000000000000000000000000000000000000000000050
:20D0E000000000000000000000000000000000000000000000000000000000000000000030
:20D1000000000000000000000000000000000000000000000000000000000000000000000F
:20D120000000000000000000000000000000000000000000000000000000000000000000EF
:20D140000000000000000000000000000000000000000000000000000000000000000000CF
:20D160000000000000000000000000000000000000000000000000000000000000000000AF
:20D1800000000000000000000000000000000000000000000000000000000000000000008F
:20D1A00000000000000000000000000000000000000000000000000000000000000000006F
:20D1C00000000000000000000000000000000000000000000000000000000000000000004F
:20D1E00000000000000000000000000000000000000000000000000000000000000000002F
:20D2000000000000000000000000000000000000000000000000000000000000000000000E
:20D22000000000000000000000000005050501050505010505050105050501050505010599
:20D2400005050105050501050505010505050105050501050505010505050105050501054E
:20D2600005050105050501050505010505050105050501050505010505050105050501052E
:20D2800005050105050501050505010505050105050501050505010505050105050501050E
:20D2A000050501050505010505050105050501050505010505050000000000000000000014
:20D2C00000000000000000000000000000000000000000000000000000000000000000004E
:20D2E00000000000000000000000000000000000000000000000000000000000000000002E
:20D3000000000000000000000000000000000000000000000000000000000000000000000D
:20D320000000000000000000000000000000000000000000000000000000000000000000ED
:20D340000000000000000000000000000000000000000000000000000000000000000000CD
:20D360000000000000000000000000000000000000000000000000000000000000000000AD
:20D3800000000000000000000000000000000000000000000000000000000000000000008D
:20D3A00000000000000000000000000000000000000000000000000000000000000000006D
:20D3C00000000000000000000000242F2F2F2F2F2F2F2F2F00000000000000000000000082
:20D3E00000000000000000000000000000000000000000000000000000000000000000002D
:20D4000000000000000000000000000000000000000000000000000000000000000000000C
:20D420000000000000000000000000000000000000000000000000000000000000000000EC
:20D440000000000000000000000000000000000000000000000000000000000000000000CC
:20D460000000000000000000000000000000000000000000000000000000000000000000AC
:20D4800000000000000000000000000000000000000000000000000000000000000000008C
:20D4A00000000000000000000000000000000000000000000000000000000000000000006C
:20D4C00000000000000000000000000000000000000000000000000000000000000000004C
:20D4E00000000000000000000000000000000000000000000000000000000000000000002C
:20D5000000000000000000000000000000000000000000000000000000000000000000000B
:20D520000000000000000000000000000000000000000000000000000000000000000000EB
:20D540000000000000000000000000000000000000000000000000000000000000000000CB
:20D560000000000000000000000000000000000000000000000000000000000000000000AB
:20D58000000000000000000000000000102F2F2F2F2F100000000000000000000000102F41
:20D5A0002F2F2F2F2F2F2F2F2F2F2F2F2F2F100000000000000000000000000000102F2F5B
:20D5C0002F2F2F2F2F2F2F2F2F2F100000000000000000000000000000102F2F2F2F2F2F3B
:20D5E0002F2F2F2F2F2F2F2F2F2F2F2F2F2F2F2F2F2F2F2F2F2F2F2F2F2F2F2F2F2F2F2F4B
:20D600002F2F2F10000000000000000000000000000000000000000000000000000000006D
:20D620000000000000000000000000000000000000000000000000000000000000000000EA
:20D640000000000000000000000000000000000000000000000000000000000000000000CA
:20D660000000000000000000000000000000000000000000000000000000000000000000AA
:20D6800000000000000000000000000000000000000000000000000000000000000000008A
:20D6A00000000000000000000000000000000000000000000000000000000000000000006A
:20D6C00000000000000000000000000000000000000000000000000000000000000000004A
:20D6E00000000000000000000000000000000000000000000000000000000000000000002A
:20D70000000000000000000000000000000000000000000000000000242F2F2F2F2F2F2F9C
:20D720002F2F0000000000000000000000000000000000000000000000000000000000008B
:20D740000000000000000000000000000000000000000000000000000000000000000000C9
:20D760000000000000000000000000000000000000000000000000000000000000000000A9
:20D78000000000000000000000000000000000000000000000000000000000000000000089
:20D7A000000000000000000000000000000000000000000000000000000000000000000069
:20D7C000000000000000000000000000000000000000000000000000000000000000000049
:20D7E000000000000000000000000000000000000000000000000000000000000000000029
:20D80000000000000000000000000000000000000000000000000000000000000000000008
:20D820000000000000000000000000000000000000000000000000000000000000000000E8
:20D840000000000000000000000000000000000000000000000000000000000000000000C8
:20D860000000000000000000000000000000000000000000000000000000000000000000A8
:20D88000000000000000000000000000000000000000000000000000000000000000000088
:20D8A000000000000000000000000000000000000000000000000000000000000000000068
:20D8C000000000000000000000000000000000000000000000000000000000102F2F2F109B
:20D8E00000000000000000000000000000102F2F2F2F2F2F2F2F2F2F2F2F2F1000000000A5
:20D90000000000000000000000000000102F2F2F2F2F2F2F2F2F2F10000000000000000011
:20D920000000000000000000102F2F2F2F2F2F2F2F2F2F2F2F2F2F2F2F2F2F2F2F2F2F2F9E
:20D940002F2F2F2F2F2F2F2F2F2F2F2F2F2F2F2F2F10000000000000000000000000000098
:20D960000000000000000000000000000000000000000000000000000000000000000000A7
:20D98000000000000000000000000000000000000000000000000000000000000000000087
:20D9A000000000000000000000000000000000000000000000000000000000000000000067
:20D9C000000000000000000000000000000000000000000000000000000000000000000047
:20D9E000000000000000000000000000000000000000000000000000000000000000000027
:20DA0000000000000000000000000000000000000000000000000000000000000000000006
:20DA20000000000000000000000000000000000000000000000000000000000000000000E6
:20DA40000000000000000000000000000000000000000000000000000000000000000000C6
:20DA6000000000000000242F2F2F2F2F2F2F2F2F00000000000000000000000000000000DB
:20DA8000000000000000000000000000000000000000000000000000000000000000000086
:20DAA000000000000000000000000000000000000000000000000000000000000000000066
:20DAC000000000000000000000000000000000000000000000000000000000000000000046
:20DAE000000000000000000000000000000000000000000000000000000000000000000026
:20DB0000000000000000000000000000000000000000000000000000000000000000000005
:20DB20000000000000000000000000000000000000000000000000000000000000000000E5
:20DB40000000000000000000000000000000000000000000000000000000000000000000C5
:20DB60000000000000000000000000000000000000000000000000000000000000000000A5
:20DB8000000000000000000000000000000000000000000000000000000000000000000085
:20DBA000000000000000000000000000000000000000000000000000000000000000000065
:20DBC000000000000000000000000000000000000000000000000000000000000000000045
:20DBE000000000000000000000000000000000000000000000000000000000000000000025
:20DC0000000000000000000000000000000000000000000000000000000000000000000004
:20DC200000000000000000000000102F100000000000000000000000000000002F2F2F2FD9
:20DC40002F2F2F2F2F2F2F2F2F000000000000000000000000000000000000102F2F2F2F51
:20DC60002F2F2F2F1000000000000000000000000000000000000010101010101010101048
:20DC8000101010101010101010101010101010101010101010101010101010101010101084
:20DCA000000000000000000000000000000000000000000000000000000000000000000064
:20DCC000000000000000000000000000000000000000000000000000000000000000000044
:20DCE000000000000000000000000000000000000000000000000000000000000000000024
:20DD0000000000000000000000000000000000000000000000000000000000000000000003
:20DD20000000000000000000000000000000100000000000000000000000000000000000D3
:20DD40000000000000000000000000000000000000000000000000000000000000000000C3
:20DD60000000000000000000000000000000000000000000000000000000000000000000A3
:20DD8000000000000000000000000000000000000000000000000000000000000000000083
:20DDA0000000000000000000000000000000000000000000242F2F2F2F2F2F2F2F2F000098
:20DDC000000000000000000000000000000000000000000000000000000000000000000043
:20DDE000000000000000000000000000000000000000000000000000000000000000000023
:20DE0000000000000000000000000000000000000000000000000000000000000000000002
:20DE20000000000000000000000000000000000000000000000000000000000000000000E2
:20DE40000000000000000000000000000000000000000000000000000000000000000000C2
:20DE60000000000000000000000000000000000000000000000000000000000000000000A2
:20DE8000000000000000000000000000000000000000000000000000000000000000000082
:20DEA000000000000000000000000000000000000000000000000000001010100000000032
:20DEC000000000000000000000000000000000000000000000000000000000000000000042
:20DEE000000000000000000000000000000000000000000000000000000000000000000022
:20DF0000000000000000000000000000000000000000000000000000000000000000000001
:20DF20000000000000000000000000000000000000000000000000000000000000000000E1
:20DF400000000000191919190000000000110000000000000000000000000000000000004C
:20DF6000000000000000000000000000000000000000000000000000001000000000000091
:20DF800000000000000000000000002F2F2F2F2F2F2F2F2F2F2F000000000000000000007C
:20DFA00000000000000000000000102F2F2F2F2F2F10000000000000000000000000000027
:20DFC00000000000001E1E1E1E1E1E1E1E1E00000000000000000000000000000000000033
:20DFE000000000000000000000000000000000000000000000000000000000000000000021
:20E00000000000000000000000000000000000000000000000000000000000000000000000
:20E020000000000000000000000000000000000000000000000000000000000000000000E0
:20E040000000000000000000000000000000000000000000000000000000000000000000C0
:20E06000000000000000000000000000000000000000000000000000000000001B00000085
:20E08000000000000000000000000000000000000000000000000000000000000000000080
:20E0A000000000000000000000000000000000000000000000000000000000000000000060
:20E0C000000000000000000000000000000000000000000000000000000000000000000040
:20E0E000000000000000000000000000000000000000000000000000000000000000000020
:20E100000000242F2F2F2F2F2F2F2F2F000000000000000000000000000000000000000034
:20E120000000000000000000000000000000000000000000000000000000000000000000DF
:20E140000000000000000000000000000000000000000000000000000000000000000000BF
:20E1600000000000000000000000000000000000000000000000000000000000000000009F
:20E1800000000000000000000000000000000000000000000000000000000000000000007F
:20E1A00000000000000000000000000000000000000000000000000000000000000000005F
:20E1C00000000000000000000000000000000000000000000000000000000000000000003F
:20E1E00000000000000000000000000000000000000000000000000000000000000000001F
:20E20000000000000000001B1B1B00000000000000000000000000000000000000000000AD
:20E220000000000000000000000000000000000000000000000000000000000000000000DE
:20E2400019190000000000000000000000000000000000000000000000000000000000008C
:20E2600000000000000000000000000000000000000000000000000000000000000000009E
:20E280000000000000000000000000000000000000000000000019191919191900000000E8
:20E2A00000000000000000000000000000000000000000000000000000000000000000005E
:20E2C0000000000000000000000000000000000000000000000000000000102F2F2F2F2F43
:20E2E0002F2F1000000000000000000000101010100000000000000000102F2F2F2F100094
:20E300000000000000000000000000000000000000000000000000000000000000000000FD
:20E320000000000000000000000000000000000000000000000000000000000000000000DD
:20E340000000000000000000000000000000000000000000000000000000000000000000BD
:20E3600000000000000000000000000000000000000000000000000000000000000000009D
:20E3800000000000000000000000000000000000000000000000000000000000000000007D
:20E3A00000000000000000000000000000000000000000000000000000000000000000005D
:20E3C00000000000000000000000000000000000000000000000000000000000000000003D
:20E3E00000000000000000000000000000000000000000000000000000000000000000001D
:20E400000000000000000000000000000000000000000000000000000000000000000000FC
:20E420000000000000000000000000000000000000000000000000000000000000000000DC
:20E4400000000000000000000000000000000000242F2F2F2F2F2F2F2F2F000000000000F1
:20E4600000000000000000000000000000000000000000000000000000000000000000009C
:20E4800000000000000000000000000000000000000000000000000000000000000000007C
:20E4A00000000000000000000000000000000000000000000000000000000000000000104C
:20E4C00010101010101010101010101000000000000000000000000000000000000000007C
:20E4E00000000000000000000000000000000000000000000000000000000000000000001C
:20E500000000000000000000000000000000190000000000000000000000000000000000E2
:20E520000000110000000000000000000000000000000000000000000000000000000000CA
:20E54000000000000000350000000000000000000000000000000000000000000000000086
:20E5600000000000000000000000000000000000000000000000000000000000000000118A
:20E58000000000000000000000001919000000000019000000000000000000000000000030
:20E5A00000000000000000000000000000000000001900000000000000003500000000000D
:20E5C000000000000000000000000000000000000000000000000000000000000035000006
:20E5E000000000000000000000000000000000000019000000000000000000000000000002
:20E600000000000000000000000000000000000000000000000000000000000000000000FA
:20E620000000000000000000001010101010101000000000000000000000102F2F2F2F108E
:20E6400000000000000000001010101000000000000000001010101000000000000000003A
:20E6600000000000000000000000000000000000000000000000000000000000000000009A
:20E6800000000000000000000000000000000000000000000000000000000000000000007A
:20E6A00000000000000000000000000000000000000000000000000000000000000000005A
:20E6C00000000000000000000000000000000000000000000000000000000000000000003A
:20E6E0000000000010000000000000100000000000001000000000000000000000000000EA
:20E700000000000000000000000000000000000000000000000000000000001100000000E8
:20E720000000000000000000000000000000000000000000000000000000000000000000D9
:20E740000000000000000000000000000000000000000000000000000000000000000010A9
:20E76000000000000000000010000000000000000010000000000000000000000000000079
:20E78000000000000000000000000000000000000000000011000000000000000000242F15
:20E7A0002F2F2F2F2F2F2F2F000000000000000000000000000000000000000000000000E1
:20E7C000000000000000000000000000000000000000000000000000000000000000000039
:20E7E000000000000000000000000000000000000000000000000000000000000000000019
:20E80000000000000000000000000000001B1B1B1B1B1B1B1B1B1B1B1B1B00000000000099
:20E820000000000000000000000000000000000000000000000000000000000000000000D8
:20E8400000000000000000000000000000000000000000000000000019000000000000009F
:20E8600000000000000000000000000000000000190000000000000000000000000035004A
:20E88000000000000000000000000000000000000000000010000000000000000000000068
:20E8A000000000000000000000000000000000000000000000000000000000000000000058
:20E8C0000000000000000000101919191910000000000000000000000000000000000000B4
:20E8E0000019000000000000000000000000000000000000000000000000001900000000E6
:20E900000000000019000000100000000000000000000000000000000000000000000000CE
:20E92000001010000000000000000010000000000000000000000000000019190000000075
:20E940000019003500000000000000001C100000000000000000000000000000000000003D
:20E96000000000000000000000000000100000000000000000000000000000000000000087
:20E9800000000000000000102F2F2F2F2F2F1000000000000000000000000000000000003D
:20E9A00000102F2F2F2F100000000000000000000000000000000000000000000000121257
:20E9C0001212121212121212000000000000000000000000000000000000000000000000A7
:20E9E000000000000000000000000000000000000000000000000000000000000000000017
:20EA00000000000000000000000000000000110000000000000011000000000000000000D4
:20EA20000000000000000000000000000000000000001000000000000010000000000000B6
:20EA40001000000000000000000000000000000000000000000000000000000000000000A6
:20EA600000000000001919191919191919191900000000000011000000000000000000008B
:20EA8000000000000000000000000000000000000000000000000000000000000000000076
:20EAA000000000000000000000000000001B00000000000000001B00000000000000001B05
:20EAC000000000000000000000000000000000000000000000101010000000000000000006
:20EAE000100010000000000000000000242F2F2F2F2F2F2F2F2F000000000000000000002B
:20EB00000000000000000000000000000000000000000000000000000000000000000000F5
:20EB20000000000000000000000000000000000000000000000000000000000000000000D5
:20EB4000100000000000000000000000000000000000001100000000000000000000000094
:20EB6000000000000000000000000000000000000000110000000000000000000000000084
:20EB8000110000000000000000000000000000000000000011000000000000000000000053
:20EBA000000019000000000000000000000000000000000000000000000019000000000023
:20EBC000000000000000000000000000100000000000000000000000000000000000100015
:20EBE00000002D0000000000000000000000000000100000000000000000000000000000D8
:20EC0000000000000000000000000000000000000000100000002D000000002D001919193F
:20EC200000350000000000000000000000000000001919000000000000000000000011005C
:20EC4000000000000019000000000000000000000000000000002D0000000000000000006E
:20EC60000000000000000000000000000000001B1B00000000000000002D00000000000031
:20EC800000000000000000000000000000000000001900000000000019001C2D00000000F9
:20ECA00000000000000000000000000000000000000000000000000000102F100000000005
:20ECC0000000000000000000000000000000000000000000102F2F2F2F2F2F2F2F1000009C
:20ECE0000000000000000000000000000000102F2F2F2F2F2F1000000000000000101010AA
:20ED00001010101010101010101010101010101010101010101010101010101010101010F3
:20ED200010101010101000000000000000000000000000000000000000000000001900005A
:20ED400000000000190000000000000000000000000000000000000000003500190000004C
:20ED600000000000190019190000000000001900000000000000000000000000000000002F
:20ED8000000000000000000000000000000000000000000000000000000000000000000073
:20EDA000000000000000000000000000000000190000000000000000000000000000001921
:20EDC0001919191900000000000000000000000000000000000000000000101000000000AF
:20EDE0000000000000000000001010101000000000000000000000000000000000000000D3
:20EE00000000000000000000000000000000000000000000000000001000000000000010D2
:20EE200000000000000000000000100000002D0000000000000000000000242F2F2F2F2F86
:20EE40002F2F2F2F00000000000000000000000000000000000000000000000000000000F6
:20EE6000000000000000000000000010000000000000000000000000001900000000000069
:20EE800000000000000000000000100000002D000000000000000000000000000000000035
:20EEA000001000000000000000000000000000000000000000000000000000000000000042
:20EEC0001000000000000000000000000000100000000000000000000000000000001019E9
:20EEE00019191000000000001100003500000000000000000000000000000019191900003F
:20EF000000000000190000000000190000000011000000000000100000002D000000000071
:20EF20000010000000000000100000002D0000002D00000000000000000000100000002D1A
:20EF40000000000000000000000000000000000000000000000000000000000010000000A1
:20EF60002D0000002D000000002D00000000001900000000000000000000000000000000F1
:20EF8000000000001019191919191919191919100000000000000000000000000000000057
:20EFA000000000002D00000000000000000000000000000000000000000000000000000024
:20EFC000000000001000002D000000000000000000000000000000000000000000000000F4
:20EFE00000000000000000001C2D00000000000000000000000000000000000000000000C8
:20F00000000000000000102F2F2F1000000000000000000000000000000000000000000043
:20F0200000102F2F2F2F2F2F2F2F2F2F100000000000000000000000000000102F2F2F2F0E
:20F040002F2F2F2F100000000000102F2F2F2F2F2F2F2F2F2F2F2F2F2F2F2F2F2F2F2F2FF9
:20F060002F2F2F2F2F2F2F2F2F2F2F2F2F2F2F2F2F2F2F1000000000000000000000000003
:20F080000000000000000019000000000019190000000000003500000000000000000000F0
:20F0A00000000000000000001900100000000035000010000000001919000000000000357B
:20F0C000000000000000000000000000000010000000000000100000000000001000000000
:20F0E0000000000000110000000000000000001100000000000000000019000000000000D5
:20F100000000000000000000000000000000000000000000000000000000110000000000DE
:20F1200000000000000000001B1B000000000000000000000000001B1B1B1B00000000002D
:20F1400000000000000000000010000000000000000010000000000000000010000000007F
:20F160000000100000002D0000100000002D000000000000000000002D0000002D000000BB
:20F180000000003500000000242F2F2F2F2F2F2F2F2F00000000000000000000000000353A
:20F1A000111111110000000000111100000000000000001111100C0C0C2D00000000000066
:20F1C0000000351111111111111111000000000000001111101818182D0C0C182D1111113B
:20F1E000000000000000111100000011000000000000000011000000EAEB000000350000C1
:20F2000000EAEB00000000000000110000000000000000111110111111000000000035115D
:20F220001111111016161616101818182D0C0C182D181810161616161610180C0C1818181B
:20F240000C180C0C1818181818180C0C18161618181818180C180C0C181810161610181826
:20F2600010180C0C2D0C0C182D1818180C0C182D1818101818182D0C0C182D0C0C182D1898
:20F28000180C180C0C101018182D0C0C182D18181016101111110000000011000000F4F6AC
:20F2A000F50000001111101818182D0C0C182D180C0C2D0C180C0C2D18180C180C0C1818F3
:20F2C000180C180C0C181818181818180C0C181818182D18180C0C180C18180C182D0C187C
:20F2E00018180C180C0C181800350C0C180C0C1818182D111111111111000000000000001A
:20F3000000000011110000F4F6F500000000000000002D18182D180C180C0C0C180C180CBA
:20F320000C18180C0C0C180C0C181818181818180C180C0C0C0C182D0000000000000000FC
:20F3400000000000000000000000000000000000000000102F2F2F2F2F10000000000000A2
:20F360000000000000000000000000000000102F2F2F2F2F2F2F2F2F2F2F2F100000000039
:20F380000000000000000000102F2F2F2F2F2F2F2F2F2F10000000102F2F2F2F2F2F2F2FEF
:20F3A0002F2F2F2F2F2F2F2F2F2F2F2F2F2F2F2F2F2F2F2F2F2F2F2F2F2F2F2F2F2F2F2F6D
:20F3C0002F1011000000000000111100000011101610180C180C0C180C0C0C180C0C0C1890
:20F3E000181810101111111100000000000000001111100C180C0C18100C0C180C10181867
:20F4000010180C0C18180C0C1818181810101111111100000000000000000011100000007F
:20F42000000011100000000000111016161616161616161616161018181816161616180CC4
:20F44000161616160C180C0C1818180C0C18000000000C0C0C00000000350C0C18180C0CE7
:20F460000C0C16161616161616000000000011000000F4F5000000000000000000110000CF
:20F4800000F4F500000000000000000011110000000000000000111000000000000000112F
:20F4A000100000000000000011101616100C0C182D0C0C182D18182D1818182D18181818F3
:20F4C0000C180C0C18182D1818182D18180C0C18101011110000242F2F2F2F2F2F2F2F2FB1
:020000040001F9
:200000000000000000000000000000000000000000000000000000000000000000000000E0
:200020000000000000000000000000000000000000000000000000000000000000000000C0
:200040000000000000000000000000000000000000000000000000000000000000000000A0
:20006000000000000000000000000000000000000000000000000000000000000000000080
:20008000000000000000000000000000000000000000000000000000000000000000000060
:2000A000000000000000000000000000000000000000000000000000000000000000000040
:2000C000000000000000000000000000000000000000000000000000000000000000000020
:2000E000000000000000000000000000000000000000000000000000000000000000000000
:200100000000000000000000000000000000000000000000000000000000000000000000DF
:200120000000000000000000000000000000000000000000000000000000000000000000BF
:20014000000606060206060602060606020606060206060602060606020606060206060601
:200160000206060602060606020606060206060602060606020606060206060602060606DF
:200180000206060602060606020606060206060602060606020606060206060602060606BF
:2001A0000206060602060606020606060206060602060606020606060206060600000000B3
:2001C00000000000000000000000000000000000000000000000000000000000000000001F
:2001E0000000000000000000000000000000000000000000000000000000000000000000FF
:200200000000000000000000000000000000000000000000000000000000000000000000DE
:200220000000000000000000000000000000000000000000000000000000000000000000BE
:2002400000000000000000000000000000000000000000000000000000000000000000009E
:2002600000000000000000000000000000000000000000000000000000000000000000007E
:2002800000000000000000000000000000000000000000000000000000000000000000005E
:2002A00000000000000000000000000000000000000000000000000000000000000000003E
:2002C000000000000000252E2E2E2E2E2E2E2E2E2E2E2E26000000000000000000000000AB
:2002E0000000000000000000000000000000000000000000000000000000000000000000FE
:200300000000000000000000000000000000000000000000000000000000000000000000DD
:200320000000000000000000000000000000000000000000000000000000000000000000BD
:2003400000000000000000000000000000000000000000000000000000000000000000009D
:2003600000000000000000000000000000000000000000000000000000000000000000007D
:2003800000000000000000000000000000000000000000000000000000000000242F2F2FAC
:2003A0002F2F2F2F2F2F000000000000000000000000000000000000000000000000000023
:2003C00000000000000000000000000000000000000000000000000000000000000000001D
:2003E0000000000000000000000000000000000000000000000000000000000000000000FD
:200400000000000000000000000000000000000000000000000000000000000000000000DC
:200420000000000000000000000000000000000000000000000000000000000000000000BC
:2004400000000000000000000000000000000000000000000000000000000000000000009C
:2004600000000000000000000000000000000000000000000000000000000000000000007C
:2004800000000000000000000000000000000000000000000000000000000000000000005C
:2004A00000000000000000000000000000000000000000000000000000000000000000003C
:2004C00000000000000000000000000000000000000000000000000000000000000000001C
:2004E00000000000000000060606020606060206060602060606020606060206060602067E
:2005000006060206060602060606020606060206060602060606020606060206060602063B
:2005200006060206060602060606020606060206060602060606020606060206060602061B
:200540000606020606060206060602060606020606060206060602060606020606060206FB
:2005600006060000000000000000000000000000000000000000000000000000000000006F
:2005800000000000000000000000000000000000000000000000000000000000000000005B
:2005A00000000000000000000000000000000000000000000000000000000000000000003B
:2005C00000000000000000000000000000000000000000000000000000000000000000001B
:2005E0000000000000000000000000000000000000000000000000000000000000000000FB
:200600000000000000000000000000000000000000000000000000000000000000000000DA
:200620000000000000000000000000000000000000000000000000000000000000000000BA
:2006400000000000000000000000000000000000000000000000000000000000000000009A
:200660000000000000000000000000002D2F2F2F2F2F2F2F2F2F2F2F2F2D000000000000EC
:2006800000000000000000000000000000000000000000000000000000000000000000005A
:2006A00000000000000000000000000000000000000000000000000000000000000000003A
:2006C00000000000000000000000000000000000000000000000000000000000000000001A
:2006E0000000000000000000000000000000000000000000000000000000000000000000FA
:200700000000000000000000000000000000000000000000000000000000000000000000D9
:200720000000000000000000000000000000000000000000000000000000000000000000B9
:200740000000242F2F2F2F2F2F2F2F2F0000000000000000000000000000000000000000CE
:20076000000000000000000000000000000000000000000000000000000000000000000079
:20078000000000000000000000000000000000000000000000000000000000000000000059
:2007A000000000000000000000000000000000000000000000000000000000000000000039
:2007C000000000000000000000000000000000000000000000000000000000000000000019
:2007E0000000000000000000000000000000000000000000000000000000000000000000F9
:200800000000000000000000000000000000000000000000000000000000000000000000D8
:200820000000000000000000000000000000000000000000000000000000000000000000B8
:20084000000000000000000000000000000000000000000000000000000000000000000098
:20086000000000000000000000000000000000000000000000000000000000000000000078
:200880000000000000000000000000000006060602060606020606060206060602060606F6
:2008A000020606060206060602060606020606060206060602060606020606060206060698
:2008C000020606060206060602060606020606060206060602060606020606060206060678
:2008E000020606060206060602060606020606060206060602060606020606060206060658
:200900000206060602060606000000000000000000000000000000000000000000000000AF
:200920000000000000000000000000000000000000000000000000000000000000000000B7
:20094000000000000000000000000000000000000000000000000000000000000000000097
:20096000000000000000000000000000000000000000000000000000000000000000000077
:20098000000000000000000000000000000000000000000000000000000000000000000057
:2009A000000000000000000000000000000000000000000000000000000000000000000037
:2009C000000000000000000000000000000000000000000000000000000000000000000017
:2009E0000000000000000000000000000000000000000000000000000000000000000000F7
:200A0000000000000000000000000000000000000000322F000000000000000000002F3214
:200A20000000000000000000000000000000000000000000000000000000000000000000B6
:200A4000000000000000000000000000000000000000000000000000000000000000000096
:200A6000000000000000000000000000000000000000000000000000000000000000000076
:200A8000000000000000000000000000000000000000000000000000000000000000000056
:200AA000000000000000000000000000000000000000000000000000000000000000000036
:200AC000000000000000000000000000000000000000000000000000000000000000000016
:200AE0000000000000000000242F2F2F2F2F2F2F2F2F00000000000000000000000000002B
:200B00000000000000000000000000000000000000000000000000000000000000000000D5
:200B20000000000000000000000000000000000000000000000000000000000000000000B5
:200B4000000000000000000000000000000000000000000000000000000000000000000095
:200B6000000000000000000000000000000000000000000000000000000000000000000075
:200B8000000000000000000000000000000000000000000000000000000000000000000055
:200BA000000000000000000000000000000000000000000000000000000000000000000035
:200BC000000000000000000000000000000000000000000000000000000000000000000015
:200BE0000000000000000000000000000000000000000000000000000000000000000000F5
:200C00000000000000000000000000000000000000000000000000000000000000000000D4
:200C2000000000000000000000000000000000000000000606060206060602060606020672
:200C40000606020606060206060602060606020606060206060602060606020606060206F4
:200C60000606020606060206060602060606020606060206060602060606020606060206D4
:200C80000606020606060206060602060606020606060206060602060606020606060206B4
:200CA0000606020606060206060602060606000000000000000000000000000000000000EC
:200CC000000000000000000000000000000000000000000000000000000000000000000014
:200CE0000000000000000000000000000000000000000000000000000000000000000000F4
:200D00000000000000000000000000000000000000000000000000000000000000000000D3
:200D20000000000000000000000000000000000000000000000000000000000000000000B3
:200D4000000000000000000000000000000000000000000000000000000000000000000093
:200D6000000000000000000000000000000000000000000000000000000000000000000073
:200D8000000000000000000000000000000000000000000000000000000000000000000053
:200DA000000000000000000000000000000000000000000000000000000000000000000033
:200DC000000000000000000000000000000000000000000000000000000000000000000013
:200DE0000000000000000000000000000000000000000000000000000000000000000000F3
:200E00000000000000000000000000000000000000000000000000000000000000000000D2
:200E20000000000000000000000000000000000000000000000000000000000000000000B2
:200E4000000000000000000000000000000000000000000000000000000000000000000092
:200E6000000000000000000000000000000000000000000000000000000000000000000072
:200E80000000000000000000000000000000242F2F2F2F2F2F2F2F2F000000000000000087
:200EA000000000000000000000000000000000000000000000000000000000000000000032
:200EC000000000000000000000000000000000000000000000000000000000000000000012
:200EE0000000000000000000000000000000000000000000000000000000000000000000F2
:200F00000000000000000000000000000000000000000000000000000000000000000000D1
:200F20000000000000000000000000000000000000000000000000000000000000000000B1
:200F4000000000000000000000000000000000000000000000000000000000000000000091
:200F6000000000000000000000000000000000000000000000000000000000000000000071
:200F8000000000000000000000000000000000000000000000000000000000000000000051
:200FA000000000000000000000000000000000000000000000000000000000000000000031
:200FC0000000000000000000000000000000000000000000000000000006060602060606EB
:200FE000020606060206060602060606020606060206060602060606020606060206060651
:20100000020606060206060602060606020606060206060602060606020606060206060630
:20102000020606060206060602060606020606060206060602060606020606060206060610
:2010400002060606020606060206060602060606020606060000000000000000000000002C
:20106000000000000000000000000000000000000000000000000000000000000000000070
:20108000000000000000000000000000000000000000000000000000000000000000000050
:2010A000000000000000000000000000000030000000000000000000000000000000000000
:2010C000000000000000000000000000000000000000000000000000000000000000000010
:2010E0000000000000000000000000000000000000000000000000000000000000000000F0
:201100000000000000000000000000000000000000000000000000000000000000000000CF
:201120000000000000000000000000000000000000000000000000000000000000000000AF
:2011400000000000000000000000000000000000000000000000000000000000000000008F
:2011600000000000000000000000000000000000000000000000000000000000000000006F
:2011800000000000000000000000000000000000000000000000000000000000000000004F
:2011A00000000000000000000000000000000000000000000000000000000000000000002F
:2011C00000000000000000000000000000000000000000000000000000000000000000000F
:2011E0000000000000000000000000000000000000000000000000000000000000000000EF
:201200000000000000000000000000000000000000000000000000000000000000000000CE
:201220000000000000000000000000000000000000000000242F2F2F2F2F2F2F2F2F0000E3
:2012400000000000000000000000000000000000000000000000000000000000000000008E
:2012600000000000000000000000000000000000000000000000000000000000000000006E
:2012800000000000000000000000000000000000000000000000000000000000000000004E
:2012A00000000000000000000000000000000000000000000000000000000000000000002E
:2012C00000000000000000000000000000000000000000000000000000000000000000000E
:2012E0000000000000000000000000000000000000000000000000000000000000000000EE
:201300000000000000000000000000000000000000000000000000000000000000000000CD
:201320000000000000000000000000000000000000000000000000000000000000000000AD
:2013400000000000000000000000000000000000000000000000000000000000000000008D
:20136000000000000000000000000000000000000000000000000000000000000000000568
:201380000505010505050105050501050505010505050105050501050505010505050105CD
:2013A0000505010505050105050501050505010505050105050501050505010505050105AD
:2013C00005050105050501050505010505050105050501050505010505050105050501058D
:2013E000050501050505010505050105050501050505010505050105050500000000000083
:201400000000000000000000000000000000000000000000000000000000000000000000CC
:201420000000000000000000000000000000000000000000000000000000000000000000AC
:2014400000000000000000000000000000000000300000003200000000000000000000002A
:2014600000000000000000000000000000000000000000000000000000000000000000006C
:2014800000000000000000000000000000000000000000000000000000000000000000004C
:2014A00000000000000000000000000000000000000000000000000000000000000000002C
:2014C00000000000000000000000000000000000000000000000000000000000000000000C
:2014E0000000000000000000000000000000000000000000000000000000000000000000EC
:20150000000000000000000000003400000000000000000000000000000000000000000097
:201520000000000000000000000000000000000000000000000000000000000000000000AB
:2015400000000000000000000000000000000000000000000000000000000000000000008B
:2015600000000000000000000000000000000000000000000000000000000000000000006B
:2015800000000000000000000000000000000000000000000000000000000000000000004B
:2015A00000000000000000000000000000000000000000000000000000000000000000002B
:2015C0000000000000000000000000000000000000000000000000000000242F2F2F2F2FFC
:2015E0002F2F2F2F000000000000000000000000000000000000000000000000000000002F
:201600000000000000000000000000000000000000000000000000000000000000000000CA
:201620000000000000000000000000000000000000000000000000000000000000000000AA
:2016400000000000000000000000000000000000000000000000000000000000000000008A
:2016600000000000000000000000000000000000000000000000000000000000000000006A
:2016800000000000000000000000000000000000000000000000000000000000000000004A
:2016A00000000000000000000000000000000000000000000000000000000000000000002A
:2016C00000000000000000000000000000000000000000000000000000000000000000000A
:2016E0000000000000000000000000000000000000000000000000000000000000000000EA
:201700000000000000000000000000000000000000000000000000000000000000000000C9
:2017200000000000002D00000000000000000000000000000000100000000000000000006C
:20174000000000000000000000000000100000000000000000000000000000000000000079
:20176000000000000000100000000000000000001000000000000000000000000000000049
:201780000000000010000000000000000000000000000000000000102F2F2F2F2F2F2F10D0
:2017A000000000000000000000000000000000000000000000000000000000000000000029
:2017C000000000000000000000000000000000000000000000000000000000000000000009
:2017E000000000000000000000000000000000000000300000003200000000000000000087
:201800000000000000000000000000000000000000000000000000000000000000000000C8
:201820000000000000000000000000000000000000000000000000000000000000000000A8
:20184000000000000000000000000000000000000000000000000000000000000000000088
:20186000000000000000000000000000000000000000000000000000000000100000000058
:20188000000000000000000000000000000000000000000000000000000000000000000048
:2018A000000000000000000000000000000000000000000000000000000000000000000028
:2018C000000000000000000000000000000000000000000000000000000000000000000008
:2018E0000000000000000000000000000000000000000000000000000000000000000000E8
:201900000000000000000000000000000000000000000000000000000000000000000000C7
:201920000000000000000000000000000000000000000000000000000000000000000000A7
:20194000000000000000000000000000000000000000000000000000000000000000000087
:20196000000000000000000000000000000000000000000000000000000000000000000067
:20198000242F2F2F2F2F2F2F2F2F000000000000000000000000000000000000000000007C
:2019A000000000000000000000000000000000000000000000000000000000000000000027
:2019C000000000000000000000000000000000000000000000000000000000000000000007
:2019E0000000000000000000000000000000000000000000000000000000000000000000E7
:201A00000000000000000000000000000000000000000000000000000000000000000000C6
:201A20000000000000000000000000000000000000000000000000000000000000000000A6
:201A4000000000000000000000000000000000000000000000000000000000000000000086
:201A6000000000000000000000000000000000000000000000000000000000000000000066
:201A8000000000000000000000000000000000000000000000000000000000000000000046
:201AA000000000000000000000000000000000000000000000000000000000000000000026
:201AC0000000000000000000000000100000000000000000000000000000000000000000F6
:201AE0000000000000000000000000000000000000000000000000000000000000000000E6
:201B00000000000000000000000000000000000000000000000000000000000000000010B5
:201B2000000000000000000000000000000000000000100000000000000000000000102F56
:201B40002F2F2F2F2F1000000000000000000000000000000000000000000000000000008A
:201B6000000000000000000000000000000000000000000000000000000000000000000065
:201B80000000000000000000000000000000000000000000300000003200000000000000E3
:201BA000000000000000001000000000000000000000000000000000000000000000000015
:201BC0000000000000000000000000000000000000000000000000001100000000000000F4
:201BE0000000000000000000000000000000000000000000000000000000000000000000E5
:201C00000000000000000000000000000000000000000000000000000000000000000000C4
:201C2000001B00100000000000000000000000000000000000000000000000000000000079
:201C4000000000000000000000000000000000000000000000000000000000000000000084
:201C6000000000000000000000000000000000000000000000000000000000000000000064
:201C8000000000000000000000000000000000000000000000000000000000000000000044
:201CA000000000000000000010101010101010101010100000000000000000000000000074
:201CC000000000000000000000000000000000000000000000000000000000000000000004
:201CE0000000000000000000000000000000000000000000000000000000000000000000E4
:201D00000000000000000000000000000000000000000000000000000000000000000000C3
:201D2000000000000000242F2F2F2F2F2F2F2F2F00000000000000000000000000000000D8
:201D4000000000000000000000000000000000000000000000000000000000000000000083
:201D6000000000000000000000000000000000000000000000000000000000000000000063
:201D8000000000000000000000000000000000000000000000000000000000000000000043
:201DA000000000000000000000000000000000000000000000000000000000000000000023
:201DC000000000000000000000000000000000000000000000000000000000000000000003
:201DE0000000000000000000000000000000000000000000000000000000000000000000E3
:201E00000000000000000000000000000000000000000000000000000000000000000000C2
:201E20000000000000000000000000000000000000000000000000000000000000000000A2
:201E4000000000000000000000000000000000000000000000000000000000000000000082
:201E6000000000000000000000000000000000000000000000000000000000000000000062
:201E8000000000000000000000000000000000000000100000000000000000000000000032
:201EA000000000000000000010000000000000000000000000000000000000000000000012
:201EC0000000000000000000000000100000000000000000000000000000000000000000F2
:201EE000100000000010101010101010000000000000000000000000000000000000000062
:201F00000000000000000000000000000000000000000000000000000000000000000000C1
:201F200000000000000000000000000000000000000000000000000000003200000000006F
:201F4000000000000000000000000000001B00100000000000000000000000000000000056
:201F6000000000000000000000000000000000000000000000000000000000000000100051
:201F8000000000000000000000000000000000000000000000000000000000000000000041
:201FA000000000000000000000000000000000000000000000000000000000000000000021
:201FC0000000000000000000001B00100000000000000000000000000000000000000000D6
:201FE0000000000000000000000000000000000000000000000000000000000000000000E1
:202000000000000000000000000000000000000000000000000000000000000000000000C0
:202020000000000000000000000000000000000000000000000000000000000000000000A0
:2020400000000000000000000000000000001B1B1B1B1B1B1B1B1B1B1B0000000000000057
:20206000000000000000000000000000000000000000000000000000000000000000000060
:20208000000000000000000000000000000000000000000000000000000000000000000040
:2020A000000000000000000000000000000000000000000000000000000000000000000020
:2020C000000000000000000000000000242F2F2F2F2F2F2F2F2F0000000000000000000035
:2020E0000000000000000000000000000000000000000000000000000000000000000000E0
:202100000000000000000000000000000000000000000000000000000000000000000000BF
:2021200000000000000000000000000000000000000000000000000000000000000000009F
:2021400000000000000000000000000000000000000000000000000000000000000000007F
:2021600000000000000000000000000000000000000000000000000000000000000000005F
:2021800000000000000000000000000000000000000000000000000000000000000000003F
:2021A00000000000000000000000000000000000000000000000000000000000000000001F
:2021C00000000000001C1000000000000000000000000000000000000000000000000000D3
:2021E0000000000000000000000000000000000000000000000000000000000000000000DF
:202200000000000000000000000000000000000000000000000000000000000000000000BE
:2022200000000000000000000000000000000000000000000000000000000000000000009E
:2022400000000000001000000000000000000000000000000000000000000000000000006E
:2022600000000000000000000000000000000000000000100000000000000000000000004E
:2022800000000000000000000000000000000000000000000000000000000000000000003E
:2022A00000000000000000000000000000000000000010000000000000000000000000000E
:2022C0000000000000000000000000000000000000000000000000000000000000000000FE
:2022E0000000000000000000000000003000000000000000001B0010000000000000000083
:202300000000000000000000000000000000000000000000000000000000000000001100AC
:20232000190000000000000000000000000000000000000000000000000000000000000084
:2023400000000000000000000000000000000000000000000000000000000000000000007D
:2023600000000000000000000000001000000000001B001000000000000000000000000022
:2023800000000000000000000000000000000000000000000000000000000000000000003D
:2023A00000000000000000000000000000000000000000000000000000000000000000001D
:2023C0000000000000000000000000000000000000000000000000000000000000000000FD
:2023E0000000000000000000000000000000000000000000000000000000000000000000DD
:202400000000000000000000000000000000000000000000000000000000000000000000BC
:2024200000000000000000000000000000000000000000000000000000000000000000009C
:2024400000000000000000000000000000000000000000000000000000000000000010006C
:20246000000000001000000000001000000000000000242F2F2F2F2F2F2F2F2F0000000071
:2024800000000000000000000000000000000000000000000000000000000000000000003C
:2024A00000000000000000000000000000000000000000000000000000000000000000001C
:2024C0000000000000000000000000000000000000000000000000000000000000000000FC
:2024E0000000000000000000000000000000000000000000000000000000000000000000DC
:202500000000000000000000000000000000000000000000000000000000000000000000BB
:2025200000000000000000000000000000000000000000000000000000000000000000009B
:2025400000000000000000000000000000000000000000000000000000000000000000007B
:2025600000000000000000000000001C10000000000000000000000010000000000000001F
:2025800000000000000000000000000000000000000000000000000000000000000000003B
:2025A00000000000000000000000000000000000000000000000000000000000000000001B
:2025C0000000000000000000000000000000000000000000000000000000000000000000FB
:2025E0000000000000000000000000000000000000000000000000000000100000000000CB
:202600000000000000000000000000000000000000000000000000000000000000000000BA
:2026200000000000000000000000000000000000000000000000000000000000000000009A
:202640000000000000000000000000000000000000000000000000001B001000000000004F
:2026600000000000000000000000000000000000000000000000000000000000000000005A
:202680000000000000000000000000000000300000002D000000003000000000001B001082
:2026A00000000000000000000000000000000000000000000000000000000000000000001A
:2026C0000000190019000000000000000000000000000000000000000000000000000000C8
:2026E0000000000000000000000000000000000000000000000000000000000000000000DA
:20270000000000000000000000000000000000000000001000000000001B0010000000007E
:202720000000000000000000000000000000000000000000000000001C100000000000006D
:20274000000000000000000000000000000000000000000000000000000000000000000079
:20276000000000000000000000000000000000000000000000000000000000000000000059
:20278000000000000000100000000000000000000000000000000000000000000000000029
:2027A000000000000000001100000000000000000000000000000000000000000000000008
:2027C0000000000000000000000000000000000000000000000000000000000000000000F9
:2027E0000000000000000000000000000010100000000000000000000000000000000000B9
:20280000000000001B00000000001B00000000001B00000000000000242F2F2F2F2F2F2FFA
:202820002F2F0000000000000000000000000000000000000000000000000000000000003A
:20284000000000000000000000000000000000000000000000000000000000000000000078
:20286000000000000000000000000000000000000000000000101000000010100000000018
:20288000000000000000000000000000000000000000000000000000000000000000000038
:2028A00000000000000000001C1000000000000000000000000000000000000000000000EC
:2028C0000000000000000000000000000000000000000000000000000000000000000010E8
:2028E000101010101010101000000000000000000000000000000000000000000000000058
:2029000000000000000000000000000000000000001C1000000000000000000000001B0070
:20292000100000000000000000000000000000000000000000000000000000000000000087
:20294000000000000000000000000000000000000000000000000000000000000000000077
:20296000000000000000000000000000000000000000000000000000000000000010000047
:20298000000000000000000000000000000000000000000000000000000000000000000037
:2029A000000000000000000000000000000000000000000000000000000000000000000017
:2029C0000000000000000000000000000000000000000000000000000000000000000000F7
:2029E0000000000000000000000000000000000000000000000000000000000000000000D7
:202A00001B001000000000000000000000000000000000000000000000000000000000008B
:202A200000000000000000000000000000000000300000002D0000002D000000002D0030AF
:202A400000000000001B00100000000000000000000000000000000000000000000000004B
:202A60000000110019000000000000000000000000000000340000003000000000000000C8
:202A8000000000000000000000000000000000000000000000000000000000000000000036
:202AA0000000000000000000000000000000000000003500000000000000001000000000D1
:202AC000001B001000000000000010000000000000000000000000000000000000001C108F
:202AE0000000000000000000000000000000000000000000000000000000000000000000D6
:202B00000000000000000000000000000000000000000000000000000000000000000000B5
:202B20000000001010101000000000001B000000000000000000000000000000000000003A
:202B400025212121212121212121212121261A000000000000000000000000000000000084
:202B6000000000000000000000000000000000000000000000000000000000000000000055
:202B8000000000000000000000000000001000000000001B1B0000000000000000000000EF
:202BA000000000000000000000000000000000000000000000000000000000000000242FC2
:202BC0002F2F2F2F2F2F2F2F0000000000000000000000000000000000000000000000007D
:202BE0000000000000000000000000000000000000000000000000000000000000000000D5
:202C000000000000EE000000000000000000000000000000000000000000001B1B00000090
:202C20001B1B0000000000000000000000000000000000000000000000000000000000005E
:202C400000000000000000000000000000001C100000000000000000000000000000000048
:202C6000000000000000000000000000000000000000000000000000000000000000000054
:202C800000000000001B1B1B1B1B1B1B1B1B000000110000000000340000000000000000FC
:202CA000000000000000000000003400000000350000000000340000000000000000000077
:202CC0000000000000001B00000000000000000000000000000019000000000000000000C0
:202CE0000000000000000000000000000000000000000000000000000000000000000000D4
:202D0000000000000000EE00001000000000000000000000000000000000000000000000B5
:202D2000000000000000000000000000000000000000000000000000000000000000000093
:202D4000000000000000000000000000000010000000000000000000000000000000000063
:202D6000100000000000000000000000100000000000000000000000000000000000000033
:202D80000000000000000000000000000000000000000000EE000000000000000000340011
:202DA00000001900000000001B0010000000000000000000000000000000000000000000CF
:202DC000000000000000000000000000000000000000300000002D0000002D0000002D003C
:202DE0000000002D002D003000000000001B0000000000000000000000000000000000002E
:202E00000000000000001900190000000000000000000000002526000000000000002D0008
:202E2000252600000000000000000000000000000000000000000000000000000000000047
:202E4000000000000000000000000000000000000000000000000000300000000000000042
:202E60000000001000000000001B0000000000001B0000000000000000000000000000000C
:202E80000000000000000000000000000000000000000000003500000000000000000000FD
:202EA000000000000000000000000000000000000000000000000000000000000000000012
:202EC0000000000000000000001B1B1B1B0000000000000000000000000000000000000086
:202EE000000030000000242B23232F2323232F2323232C221A000000000000000000000075
:202F00000000000000000000000000000000000000000000000000000000000000000000B1
:202F2000000000000000000000000000000000000000001B00000000000000000000000076
:202F40000000000000000000000000000000000030000000000030000000000030000000E1
:202F600000000000242F2F2F2F2F2F2F2F2F00000000000000000000000000000000000086
:202F8000000000000000000000000000000000000000000000000000000000000000000031
:202FA00000000000000000000000EF00000000000000000000000000000000000000000022
:202FC0000000000000000000000000000000000000001100000000000000000000000000E0
:202FE00000001100000000000000003400000000000000001C100000000000000000000060
:203000000000000000000000001000000000000000000000000000000000000000000000A0
:20302000001100000000000000000000000000000000000000001F3000E8E900000000005F
:20304000000034000025212126000000340000000000000025260000000000000000000030
:2030600000000000EE00000019000000000000000000EE0000001900000000000000190029
:20308000000000000000000000000000000000000000000000000000000000000000000030
:2030A0000000000000000000EE000000EF00002D0000000000000000000000000000000006
:2030C0000000000000000000000000000000000000000000000010000000000000000000E0
:2030E0000000000000000000000000000000000000000000000000000000000000000000D0
:203100000000000000000000000000000000000000000000000000000000000000000000AF
:2031200000000010101010101010000000000000000030000000EE000000EF000000000012
:20314000000000000000000000001900000000001B0000000000000000000000000000003B
:203160000000000000000034000000300000000000002521260000002D0000002D00000025
:203180002D0000002D000000002D002D002D0030000000000000000000000000000000001E
:2031A00000000000000011001900000000000000000000000000000000000024220000009F
:2031C000000000002D002422000000003000000000000030000000000000340000000000E8
:2031E0000000000000000000000000000000000000000000000000000000300000002D0072
:203200000000000000000000000000100000000000000000000000000000110000E8E900BC
:20322000000000000000252600000000000000001100000000000000000000300000000002
:2032400000000000000000000000000000000000000000000000000000000000000000006E
:2032600000000000000000000000000000000000000000000000000030000000000000001E
:2032800000000000300000002D000000242200002D0000002D00000024221A0000000000D1
:2032A0000000000000110000000000000000000000000000000000001C10000000000000D1
:2032C0000000000000000000000000000000000000000000000000000000000000000030BE
:2032E000000000000000000000000000000000000000000000002D00000000002D00000074
:2033000000002D00000000110000242F2F2F2F2F2F2F2F2F000000000000000000000000A4
:203320000000000000E8E900000000000000000000000000E8E900000000000000000000EB
:20334000000000E8E900000000000000100000000000000019191919000000000000000028
:203360000000000000000000000000000000000000000000332E2E2E2E2E2E2E2E2E2E311D
:203380000000000000000000100000000010000000000000000010000000000000000000FD
:2033A0000000000000190000000000190000002D0019000000000000000000000000000095
:2033C000000000000000001000000000000000000000000000000000000000001F2D000091
:2033E0000000000000000000000000242F2F220000000000000000000000242200000000E3
:2034000000000000000000000000EF00000000001900000000000000EF0000000000191983
:203420000000000000001919000025212600000000000000000019000000000019000000BC
:203440000000190000000000190000000000EF0000000000002D000000000000000000001E
:2034600000100000000000000000000000000000000000000000000000000000000000003C
:2034800000000000000000000010000000000000000000000000000000000000000000001C
:2034A0000000000000000000000000000000000000000000000000000000000000000010FC
:2034C0000000000000000000102F2F2F2F2F2F1000252121260000002D000000EF00000009
:2034E000000000000025212600000000000000000000190000000000000000000000000047
:2035000000000000003400000030001212121212002D000025260000242F220000002D00D3
:2035200000002D0000002D0000002D000000002D002D002D002D0030000000000000000020
:20354000000000000000000000001900190000000000000000000000000000000000000039
:20356000002422000000000000002D002422000000002D0025260000002D002526000000A2
:2035800000000000003000000000000030000000000000000000000000000000300000009B
:2035A0002D0000002D00000000000000000000000000001000000000000000002521212119
:2035C00026000000000000252600000024220000252121212121FD0000000000003000003D
:2035E000002D00000000000000000000340000000000000000340000000000000000000036
:203600000000000000000000000000300000000000003000000000003000000000002D00ED
:20362000000000000000300000002D0000002D000000242200002D0000002D00000024221A
:203640001A00000000001100000000100000000034000000000000110000000000001C10BE
:203660000000000000000000000000000000000000300000350000000000000000000030B5
:2036800000000000002D000034000000340000000000000000000000003000002D00003008
:2036A00000002D00003000002D00003000300000242F2F2F2F2F2F2F2F2F00000000000055
:2036C00000000000000000000000121212120000000000000000000000121212120000005A
:2036E0000000000000000000121212121212101818182D18180C0C180C1818180C0C180CE9
:203700000C18101111000000000000000011110000001111000035180C0C18180C0C180C3E
:20372000180C0C0C180C0C180C181000000000000000112D180C180C0C1818182D000000CA
:203740000000000000111110180C0C180C1618180C0C180C182D1818181616111111000075
:20376000000000001111000011110000000000000011000000F4F50000000000000000000B
:20378000EAEB1F2D180C0C180C181818180C0C1818242F2F221818180C180C0C1818181884
:2037A0002422180C0C1816161616161616180C0C180C0C180C181818161616181818180C67
:2037C0000C18181818180C180C0C181818180C0C242F22181616161616180C0C180C161636
:2037E0000C0C18181616181818181616180C0C1816161818180C180C0C18182D0000000074
:20380000000000000000000000000000000000001000000000000000000000000000000098
:20382000000000000000001000000000000000000000000000000000000000000010000068
:20384000000000000000000000001000000000000000000000000000001000000000000048
:2038600000000000000000000000000000102F2F2F2F2F2F2F1018242F2F220C0C182D0CBA
:20388000180C0C180C0C0C0C180C18242F22180C0C180C180C0C180C0C0C16000000000029
:2038A00011000000F4F50000001212121212122D1816161616160C2D181824221818242FBD
:2038C000220C0C182D0C0C182D180C0C2D0C0C0C2D0C180C0C2D182D182D182D182D183099
:2038E00000000000001100000000111110181818181818180C0C18180C180C0C1818180C05
:2039000000000C180000002F2F003518181818182D1824220C180C0C2D1824221818182DB1
:20392000182422180C0C0C0C180C0C2D182526180C0C2D18252600000000000011113018F7
:203940000C0C2D1818182D0C0C182D0C180C0C18180C0C180C18180C0C1818100000000020
:203960000000242F2F2F22180C180C0C1824220C0C1824220C0C242F2F2F2F2F22183503B3
:203980000C0C182D0C0C182D1212121212000000121212121212000000001212121212004D
:2039A000000011000000F4F50000001125260C0C182D1818301818182D00000000002D183A
:2039C000183018182D0C0C18301818182D180C0C2D1818182D0C0C18242218182D0C0C1898
:2039E0002D0C0C1824221A18252121212611000000000000121212121212252121212121FD
:203A000026000000000000000000111100000011112521260C0C182D1818301111111100CF
:203A200000000000112D0C0C3018182D121212121212121212120000000000000011112DA0
:203A400018182D18182D0C0C2D18182D18182D18182D182D0000242F2F2F2F2F2F2F2F2F40
:020000040000FA
:200858004F2158070600097EC9E8FCF8027B227260CB7C2803AF186EF8023A2B77F8033A5C
:200878002B77CB3E2BCB1E23CB3E2BCB1E23CB3E2BCB1E23CB3E2BCB1E5950CB3ACB1BCB82
:200898003ACB1BCB3ACB1BCB3ACB1BD5F8025D54F80A1A1396231A9ED13009F80A7B9623EA
:2008B8007A9E38043E07181EF8082A4F46CD4535E1E5094D44F8062A666F094D440A4F21DA
:2008D80058070600097EE804E1E806E96B627922704B420303F8022A02037E02210400191E
:2008F800AF2277210600193600210700193600E1F1E9E8F8F8067B2272F80C7EF80077F81A
:200918000D7EF80177F80A7EF80277F80B7EF8037760CB7C28040E00186EF8063A2B77F8A7
:20093800073A2B77CB3E2BCB1E23CB3E2BCB1E23CB3E2BCB1E23CB3E2BCB1E5950CB3ACB66
:200958001BCB3ACB1BCB3ACB1BCB3ACB1BD5F8065D54F8021A1396231A9ED13009F80E7BFC
:2009780096237A9E38040E07181EC1C5CD4535F8042A666F094D44F8022A666F094D440A08
:200998004F2158070600094E79E808E1E806E9E8D7F8267323722B2B222A5F562107001975
:2009B800E57DF80677E17CF805322A5F561AF82877B728053E01C32B19F8262A5F562106DE
:2009D8000019E57DF80877E17CF807322A5F561A4FF8262A5F5621040019E57DF82577E125
:2009F8007CF8247779B720412B2A5F561AF82122131A322A5F56210800194D44F8232A6624
:200A18006F7922705816003E50B93E0098CB7B2807CB7A2008BF1805CB7A280137300AF824
:200A3800232A666F3E50223600E5F827CB66E1281AF8062A5F561AB72811F8232A666F3EFF
:200A5800AB2236FFF8062A666F3600F8237EF80877F8247EF80977F8232A5F561A4F131A97
:200A780047CB28CB19CB28CB19CB28CB19CB28CB19F828717E07E601F82477CB463E0128B3
:200A9800023EFFF80A77F824CB462805AFF8289677F8287EF80B775E3E105796CB7B28072A
:200AB800CB7A2008BF1805CB7A2801373004F80B3610F8062A666F3600F82F7EF80C77F868
:200AD800307EF80D77F82D7EF80E77F82E7EF80F77F82B7EF81077F82C7EF81177F80A5EF0
:200AF800AF5796CB7B2807CB7A2008BF1805CB7A2801373E0017F81277F80C7EF81377F80D
:200B18000D7EF81477F80E7EF81577F80F7EF81677F8107EF81777F8117EF81877F828362D
:200B380000F8262A5F5621020019E57DF81B77E17CF81A77F8267EF81B77F8277EF81C7744
:200B5800F80B5EF8287E57F80B96CB7B2807CB7A2008BF1805CB7A280137D2D60EF8192A3A
:200B78005F561A4F131A47F80A7E5F079F5779834F788AF81D7123327EF82177F81E7EF82D
:200B98002277F81B2A5F561AF81F22131A322A46C60F4F78CE00F823712377F8127EB7CAF7
:200BB800370DF8212A5F56210F0019E57DF80477E17CF803327EF82177F8037EF822322A3C
:200BD8004F4660CB7C2803AF1869F820CB3E2BCB1E23CB3E2BCB1E23CB3E2BCB1E23CB3E85
:200BF8002BCB1E5950CB3ACB1BCB3ACB1BCB3ACB1BCB3ACB1BD5F8215D54F8101A139623E7
:200C18001A9ED13009F80C7B96237A9E38043E071821F80E2A4F46CD4535F81F2A666F09C5
:200C38004D44F8102A666F094D440A6F2600115807197EF820222ACB7E2806232336001855
:200C58007CF824CB3E2BCB1E23CB3E2BCB1E23CB3E2BCB1E23CB3E2BCB1E2BCB3E2BCB1EBF
:200C780023CB3E2BCB1E23CB3E2BCB1E23CB3E2BCB1EF8235D54F80E1A1396231A9E300EEE
:200C9800F8215D54F80C1A1396231A9E3806F82436071829F80E2A4F46F8212A5F56CD4529
:200CB80035F8232A666F094D44F8102A666F094D440A6F2600115807197EF82477F8207EC3
:200CD800D6072832F8207ED609282BF8207ED6052824F8207ED606281DF8247ED6072816D4
:200CF800F8247ED609280FF8247ED6052808F8247ED606C2C40EF8022AE6F04F4679C6F0BF
:200D18004F78CEFF47F8192A666F792270F8082A666FAF2277F8062A666F3601C3D60EF8AB
:200D38001F7EF80277F8207EF80377F8227E07E601F81F322B2A4F2A2347792270CB3E2B3F
:200D5800CB1E23CB3E2BCB1E23CB3E2BCB1E23CB3E2BCB1E2B7EB72806F82236001875F86F
:200D7800023A2B77F8033A2B77CB3E2BCB1E23CB3E2BCB1E23CB3E2BCB1E23CB3E2BCB1EC9
:200D9800F8207EF80277F8217EF80377F8005D54F8151A1396231A9E300EF8025D54F813E3
:200DB8001A1396231A9E3806F82236071826F8152A4F46F8022A5F56CD4535E1E5094D445E
:200DD800F8172A666F094D440A6F2600115807197EF82277F81F7EB72806F82436001864D4
:200DF800F824CB3E2BCB1E23CB3E2BCB1E23CB3E2BCB1E23CB3E2BCB1EF8235D54F8151AEF
:200E18001396231A9E300EF8205D54F8131A1396231A9E3806F82436071829F8152A4F46E2
:200E3800F8202A5F56CD4535F8232A666F094D44F8172A666F094D440A6F260011580719D8
:200E58007EF82477F8227ED6072831F8227ED609282AF8227ED6052823F8227ED606281C5C
:200E7800F8247ED6072815F8247ED609280EF8247ED6052807F8247ED6062030F81D2A4FFF
:200E980046CB28CB19CB28CB19CB28CB19CB28CB19696023292929294D44F8192A666F79EE
:200EB8002270F8082A666FAF22771812F8192A5F56F81D2A12137E12F82834C3390BF81BC5
:200ED8002A5F561AF82322131A327EF81D77F8247EF81E322A4F460303F81B792278222A42
:200EF8005F56210D00194D7CF81F712377F8192A5F561AF82122131A327EF80677F8227EC4
:200F1800F807322A4F3A4703032A5F56210D00195D7CF808732377F80C3A2B77F80D3A2B32
:200F380077F80E7EF81377F80F7EF81477F8107EF81577F8117EF816777807E601F8287701
:200F5800F81B7EF81777F81C7EF81877CB3E2BCB1E23CB3E2BCB1E23CB3E2BCB1E23CB3E80
:200F78002BCB1E2323792270CB3E2BCB1E23CB3E2BCB1E23CB3E2BCB1E23CB3E2BCB1EF81F
:200F9800287EB728040E00184FF8177EF81B77F8187EF81C77F8192A5F56D5F81D5D54F888
:200FB800101A1396231A9ED13009F80C7B96237A9E38040E071821F80E2A4F46CD4535F883
:200FD8001B2A666F094D44F8102A666F094D440A6F2600115807194E79D608CA5717F8287F
:200FF8007EB728040E00184FF8177EF81B77F8187EF81C77F8192A5F56D5F81D5D54F8153B
:201018001A1396231A9ED13009F80A7B96237A9E38040E071821F8132A4F46CD4535F81B14
:201038002A666F094D44F8152A666F094D440A6F2600115807194E79D603CA5717F8287EBB
:20105800B728040E00184FF8177EF81B77F8187EF81C77F8192A5F56D5F81D5D54F8151A3E
:201078001396231A9ED13009F80A7B96237A9E38040E071821F8132A4F46CD4535F81B2AA4
:20109800666F094D44F8152A666F094D440A6F2600115807194E79D604CA5717F8287EB7CD
:2010B80028040E00184FF8177EF81B77F8187EF81C77F8192A5F56D5F81D5D54F8151A1382
:2010D80096231A9ED13009F80A7B96237A9E38040E071821F8132A4F46CD4535F81B2A66F1
:2010F8006F094D44F8152A666F094D440A6F2600115807194E79D602CA5717F8287EB728AD
:20111800041E00184FF8177EF81B77F8187EF81C77F8192A5F56D5F81D5D54F8151A1396A3
:20113800231A9ED13009F80A7B96237A9E38041E071821F8132A4F46CD4535F81B2A666FA7
:20115800094D44F8152A666F094D440A6F2600115807195E1DCA5717F820CB3E2BCB1E2304
:20117800CB3E2BCB1E23CB3E2BCB1E23CB3E2BCB1EF8287EB728040E00184FF81F7EF81B1C
:2011980077F8207EF81C77F8192A5F56D5F81D5D54F8151A1396231A9ED13009F80A7B964C
:2011B800237A9E38040E071821F8132A4F46CD4535F81B2A666F094D44F8152A666F094D33
:2011D800440A6F2600115807194E79D608CA5717F8287EB728040E00184FF81F7EF81B7799
:2011F800F8207EF81C77F8192A5F56D5F81D5D54F8151A1396231A9ED13009F80A7B962340
:201218007A9E38040E071821F8132A4F46CD4535F81B2A666F094D44F8152A666F094D44B1
:201238000A6F2600115807194E79D603CA5717F8287EB728040E00184FF81F7EF81B77F889
:20125800207EF81C77F8192A5F56D5F81D5D54F8151A1396231A9ED13009F80A7B96237A5D
:201278009E38040E071821F8132A4F46CD4535F81B2A666F094D44F8152A666F094D440AC1
:201298006F2600115807194E79D604CA5717F8287EB728040E00184FF81F7EF81B77F82012
:2012B8007EF81C77F8192A5F56D5F81D5D54F8151A1396231A9ED13009F80A7B96237A9E7F
:2012D80038040E071821F8132A4F46CD4535F81B2A666F094D44F8152A666F094D440A6F90
:2012F8002600115807194E79D602CA5717F8287EB728043600185FF81F7EF81177F8207E77
:20131800F81277F8192A23322A2377F8115D54F8131A1396231A9E300EF81B5D54F80A1A5F
:201338001396231A9E3806F82836071829F8132A4F46F81B2A5F56CD4535F8112A666F0921
:201358004D44F8152A666F094D440A6F2600115807197EF82877F8287E3DCA5717F8082AC4
:201378007E07E601F82877F8082A4F46F819792270CB3E2BCB1E23CB3E2BCB1E23CB3E2BC3
:20139800CB1E23CB3E2BCB1EF8287EB728040E00184FF8177EF81B77F8187EF81C77F819D5
:2013B8002A5F56D5F81D5D54F8151A1396231A9ED13009F80A7B96237A9E38040E0718210E
:2013D800F8132A4F46CD4535F81B2A666F094D44F8152A666F094D440A6F2600115807196A
:2013F8004E79D608CA5717F8287EB728040E00184FF8177EF81B77F8187EF81C77F8192A97
:201418005F56D5F81D5D54F8151A1396231A9ED13009F80A7B96237A9E38040E071821F8DF
:20143800132A4F46CD4535F81B2A666F094D44F8152A666F094D440A6F2600115807194EB3
:2014580079D603CA5717F8287EB728040E00184FF8177EF81B77F8187EF81C77F8192A5F2A
:2014780056D5F81D5D54F8151A1396231A9ED13009F80A7B96237A9E38040E071821F813CB
:201498002A4F46CD4535F81B2A666F094D44F8152A666F094D440A6F2600115807194E79ED
:2014B800D604CA5717F8287EB728040E00184FF8177EF81B77F8187EF81C77F8192A5F56EC
:2014D800D5F81D5D54F8151A1396231A9ED13009F80A7B96237A9E38040E071821F8132A97
:2014F8004F46CD4535F81B2A666F094D44F8152A666F094D440A6F2600115807194E79D6E1
:2015180002CA5717F8287EB728040E00184FF8177EF81B77F8187EF81C77F8192A5F56D58E
:20153800F81D5D54F8151A1396231A9ED13009F80A7B96237A9E38040E071821F8132A4FBC
:2015580046CD4535F81B2A666F094D44F8152A666F094D440A6F2600115807194E0DCA57F0
:2015780017F8287EB728040E00184FF81F7EF81B77F8207EF81C77F8192A5F56D5F81D5DCF
:2015980054F8151A1396231A9ED13009F80A7B96237A9E38040E071821F8132A4F46CD4576
:2015B80035F81B2A666F094D44F8152A666F094D440A6F2600115807194E79D608CA571787
:2015D800F8287EB728040E00184FF81F7EF81B77F8207EF81C77F8192A5F56D5F81D5D5432
:2015F800F8151A1396231A9ED13009F80A7B96237A9E38040E071821F8132A4F46CD453535
:20161800F81B2A666F094D44F8152A666F094D440A6F2600115807194E79D603CA5717F868
:20163800287EB728040E00184FF81F7EF81B77F8207EF81C77F8192A5F56D5F81D5D54F8D1
:20165800151A1396231A9ED13009F80A7B96237A9E38040E071821F8132A4F46CD4535F8D4
:201678001B2A666F094D44F8152A666F094D440A6F2600115807194E79D604CA5717F828D7
:201698007EB728040E00184FF81F7EF81B77F8207EF81C77F8192A5F56D5F81D5D54F81584
:2016B8001A1396231A9ED13009F80A7B96237A9E38040E071821F8132A4F46CD4535F81B6E
:2016D8002A666F094D44F8152A666F094D440A6F2600115807194E79D6022863F8287EB70C
:2016F800280436001853F8192A23322A2377F81F5D54F8131A1396231A9E300EF81B5D543E
:20171800F80A1A1396231A9E3806F82836071829F8132A4F46F81B2A5F56CD4535F81F2AF1
:20173800666F094D44F8152A666F094D440A6F2600115807197EF82877F8287E3D200BF841
:20175800042A666F3E0177C32B19F8062A5F5621070019E57DF82177E17CF820327EF81B69
:2017780077F8207EF81C327EF81F77F81C7EF820322ACB7E2803AF186CF824CB3E2BCB1E0C
:2017980023CB3E2BCB1E23CB3E2BCB1E23CB3E2BCB1EF81F2A5F56CB3ACB1BCB3ACB1BCBDA
:2017B8003ACB1BCB3ACB1BD5F8255D54F8151A1396231A9ED13009F80A7B96237A9E380424
:2017D8003E071821F8132A4F46CD4535F8232A666F094D44F8152A666F094D440A6F260069
:2017F800115807197EF82877F81D2A5F56210F00194D7CF823712377F81B2A4F46CB7828CA
:2018180007F8243600C3B118F8237EF81F77F8247EF82077CB3E2BCB1E23CB3E2BCB1E23FB
:20183800CB3E2BCB1E23CB3E2BCB1EF81B7EF82377F81C7EF82477CB3E2BCB1E23CB3E2B77
:20185800CB1E23CB3E2BCB1E23CB3E2BCB1EF81F5D54F8131A1396231A9E300EF8235D548C
:20187800F80A1A1396231A9E3806F82436071829F8132A4F46F8232A5F56CD4535F81F2A8C
:20189800666F094D44F8152A666F094D440A6F2600115807197EF82477F8287ED60728310E
:2018B800F8287ED609282AF8287ED6052823F8287ED606281CF8247ED6072815F8247ED69B
:2018D80009280EF8247ED6052807F8247ED606200AF8042A666F3E01771838F80A2A468773
:2018F800CB1087CB1087CB1087CB104FF821799623789E78575ECB7B2807CB7A2008BF1839
:2019180005CB7A280137300AF8042A666F3E01771801AFE829E1E806E96B6223232A6E914D
:201938004F7D9847C9FA3DC1B7C20532C9FFFFC0C090D090908888848480808080FFFF0393
:2019580003090B090911112121010101018080808084848888909090D0C0C0FFFF010101C5
:2019780001212111110909090B0303FFFFCDE936110A3DD5CDCC36E1D5CDDA36E1C96960D2
:201998007DB7201E25201BD5D5210080E5CD6D38E804D121000819E5218080E5CD6D38E877
:2019B80004C979D5672E00E5CD6D38E804C9E8F6F80773237287F80222F09077F8127EE06C
:2019D80090EA0020F8093600F8097EF805223600F8055D54F8101A1396231A9ED2AB1AF867
:2019F800097ED610D2AB1AF80E2A4F46F8055E1600CD4535E1C5D1D5F8072A666F19E57D89
:201A1800F80777E17CF806322A5F56F80C2A666F1933335D54D51AF80577F8097EE60FF8CA
:201A38000677CB262B3A2236003E02F804CB2623CB163D20F62B2A5F56215802193333E5F6
:201A5800F8007EF80477F8017EF805322A5F2A57D5110201D57EF533F8077EF533CDB43E0D
:201A7800E806D1D521020019E57DF80677E17CF805223A2B3C5E2356D52601E5332602E592
:201A980033F533F8077EF533CDB43EE806F80934C3E019F8037EE0907EEA0020E80AE1E864
:201AB80007E9E8FCF8027B227259507BD6107ADE0038021E10F8007B2211000073F8007BDB
:201AD80096237A9E30237BE60FC5D5F80C66E533F5F80D2A666FF1E5C5F5F80D2A666FF1C0
:201AF800E5CDC619D1C11318D4E804E1E803E9C9E8CE5F012D02AF6B6729095D541AF83057
:201B180022131A77F8302A5F56210400194D4459501AF80822131A77F8302A5F5621080058
:201B3800194D4459501AF80A22131A77F8302A5F56210A00194D4459501AF80C22131A2244
:201B5800AF22223E0F22AF77F8003E2022AF223EA022AF222222AF2277CD9C35F090F82900
:201B7800773E01E090EA0020F8302A5F56210600192A4F46F82A792270F8302A5F562102C0
:201B98000019E57DF82E77E17CF82D322A5F2A571A22131A77F82A7EB7202C237E3D2027AF
:201BB800F82E2A5F56D5210080E5CD6D38E804F82C2A5F561A4F131AC60847C5218080E5D6
:201BD800CD6D38E804180FF82E2A5F56D5612E00E5CD6D38E804F8297EE0907EEA00201114
:201BF8004519D5210004E5CD7538E8042102C036002106C03601210AC03602210EC03603A8
:201C1800AFE0433E70E042F8302A5F56210E0019E57DF81477E17CF813322A5F561AF5331B
:201C3800F80D2A5F56D5F80D2A4F46F80B2A5F56CDBA1A3EE4E0473EE4E048F040E6FBE008
:201C580040F040F601E040F040F602E040F040F680E040CDB138F80C7EF81477F80D7EF8A1
:201C78001577F80A7EF81677F80B7EF81777F8087EF81877F8097EF81977F80C7EF81A779D
:201C9800F80D7EF81B773E04F81ACB2623CB163D20F6CDBD01CDC138F83177E5F833CB7E39
:201CB800E1C2C02CF80A2A4EC6F66F79CEFF67292929295D54F80E2A4F467993789A30754E
:201CD8002B2A5F3A57CB3ACB1BCB3ACB1BCB3ACB1BCB3ACB1B030303792278322A4F46CB23
:201CF80038CB19CB38CB19CB38CB19CB38CB19799320047892283E210A00094D44F8102A64
:201D1800917E983030F80A799623789E3027F810792278222A5F561A6779E60FE533F80DDB
:201D38005E2356D5F80D5E2356D5F80D5E2356D55950CDC619F80E2A4F46212000094C7D50
:201D5800F8002271F090F81C77F8122A5F3A571AE0902A5F561AEA0020F8313A77F8077ECD
:201D7800F831777EB728053601C3412CF8067EB720322B2B2A4F46210800094D44F8047910
:201D980022705816003E50B93E0098CB7B2807CB7A2008BF1805CB7A2801373007F8043E3A
:201DB8005022AF77E5F832CB66E12810F8067EB7280A2B2B3EAB223EFF223600F8042A4F4A
:201DD80046CB28CB19CB28CB19CB28CB19CB28CB19F831713A07E60177CB463E0128023E58
:201DF800FFF82677F830CB462805AFF8319677F8317EF827775E3E105796CB7B2807CB7A5C
:201E18002008BF1805CB7A2801373004F8273610F8063600F8265EAF5796CB7B2807CB7A62
:201E38002008BF1805CB7A2801373E0017F82877F8313600F8275EF831567EF82796CB7B21
:201E58002807CB7A2008BF1805CB7A280137D2B521F8022A4F46F8267E5F079F5779834FA9
:201E7800788AF8297123327EF82D77F82A7EF82E77F8007EF82B77F8017EF82C322A46C6F7
:201E98000F4F78CE00F82F712377F8287EB7CA1A20F82D2A5F56210F0019E57DF82677E1D6
:201EB8007CF825327EF82D77F8257EF82E322A4F4660CB7C2803AF1869F82CCB3E2BCB1E30
:201ED80023CB3E2BCB1E23CB3E2BCB1E23CB3E2BCB1E5950CB3ACB1BCB3ACB1BCB3ACB1BC0
:201EF800CB3ACB1BD5F82D5D54F8181A1396231A9ED13009F8147B96237A9E38043E07188B
:201F180021F8162A4F46CD4535F82B2A666F094D44F8182A666F094D440A6F260011580700
:201F3800197EF82C222ACB7E280623233600187CF830CB3E2BCB1E23CB3E2BCB1E23CB3E4A
:201F58002BCB1E23CB3E2BCB1E2BCB3E2BCB1E23CB3E2BCB1E23CB3E2BCB1E23CB3E2BCB2B
:201F78001EF82F5D54F8161A1396231A9E300EF82D5D54F8141A1396231A9E3806F830364D
:201F9800071829F8162A4F46F82D2A5F56CD4535F82F2A666F094D44F8182A666F094D4460
:201FB8000A6F2600115807197EF83077F82C7ED6072832F82C7ED609282BF82C7ED6052872
:201FD80024F82C7ED606281DF8307ED6072816F8307ED609280FF8307ED6052808F8307E2E
:201FF800D606C2A321F8242AE6F04F4679C6F04F78CEFF47F80279227822AF22223601C390
:20201800B521F82B7EF82477F82C7EF82577F82E7E07E601F82B322B2A4F2A23477922703E
:20203800CB3E2BCB1E23CB3E2BCB1E23CB3E2BCB1E23CB3E2BCB1E2B7EB72806F82E3600C1
:202058001878F8243A2B77F8253A2B77CB3E2BCB1E23CB3E2BCB1E23CB3E2BCB1E23CB3E1E
:202078002BCB1EF82C7EF82477F82D7EF82577F8225D54F8161A1396231A9E300EF8245D9A
:2020980054F8141A1396231A9E3806F82E36071829F8162A4F46F8242A5F56CD4535F8221F
:2020B8002A666F094D44F8182A666F094D440A6F2600115807197EF82E77F82B7EB72806FD
:2020D800F83036001864F830CB3E2BCB1E23CB3E2BCB1E23CB3E2BCB1E23CB3E2BCB1EF811
:2020F8002F5D54F8161A1396231A9E300EF82C5D54F8141A1396231A9E3806F830360718C4
:2021180029F8162A4F46F82C2A5F56CD4535F82F2A666F094D44F8182A666F094D440A6F85
:202138002600115807197EF83077F82E7ED6072831F82E7ED609282AF82E7ED6052823F84A
:202158002E7ED606281CF8307ED6072815F8307ED609280EF8307ED6052807F8307ED606EE
:202178002029F8292A4F46CB28CB19CB28CB19CB28CB19CB28CB19696023292929294D44A1
:20219800F80279227822AF22771812F8297EF80277F82A7EF80377F83134C34C1EF8007E64
:2021B800F81D77F8017EF81E322A23322A23322A4F460303F830792270F81F2A5F56210DA2
:2021D80000194D7CF821712377F8027EF82377F8037EF824322A23322A23322A4F3A470315
:2021F800032A5F56210D00195D7CF8277323777807E601F82977F8307EF82A77F8317EF8BD
:202218002B77CB3E2BCB1E23CB3E2BCB1E23CB3E2BCB1E23CB3E2BCB1E2323792270CB3ECD
:202238002BCB1E23CB3E2BCB1E23CB3E2BCB1E23CB3E2BCB1EF8297EB728040E00184FF8C3
:202258002A7EF83077F82B7EF83177F82C2A5F56D5F8325D54F8181A1396231A9ED1300973
:20227800F8147B96237A9E38040E071821F8162A4F46CD4535F8302A666F094D44F8182A55
:20229800666F094D440A6F2600115807194E79D608CA292AF8297EB728040E00184FF82AB4
:2022B8007EF83077F82B7EF83177F82C2A5F56D5F8325D54F8181A1396231A9ED13009F845
:2022D800147B96237A9E38040E071821F8162A4F46CD4535F8302A666F094D44F8182A6687
:2022F8006F094D440A6F2600115807194E79D603CA292AF8297EB728040E00184FF82A7E41
:20231800F83077F82B7EF83177F82C2A5F56D5F8325D54F8181A1396231A9ED13009F8144E
:202338007B96237A9E38040E071821F8162A4F46CD4535F8302A666F094D44F8182A666FCB
:20235800094D440A6F2600115807194E79D604CA292AF8297EB728040E00184FF82A7EF856
:202378003077F82B7EF83177F82C2A5F56D5F8325D54F8181A1396231A9ED13009F8147B6B
:2023980096237A9E38040E071821F8162A4F46CD4535F8302A666F094D44F8182A666F09DD
:2023B8004D440A6F2600115807194E79D602CA292AF8297EB72806F83136001863F82A7E92
:2023D800F82E77F82B7EF82F77F82C7EF83077F82D7EF83177F82E5D54F8161A1396231AA0
:2023F8009E300EF8305D54F8141A1396231A9E3806F83136071829F8162A4F46F8302A5F03
:2024180056CD4535F82E2A666F094D44F8182A666F094D440A6F2600115807197EF8317759
:20243800F8317E3DCA292AF8217EF83077F8227EF83177CB3E2BCB1E23CB3E2BCB1E23CBCA
:202458003E2BCB1E23CB3E2BCB1EF8297EB728040E00184DF8303A2B77F8313A2B77F82CB0
:202478002A5F56D5F8305D54F8181A1396231A9ED13009F8147B96237A9E38040E0718211D
:20249800F8162A4F46CD4535F82E2A666F094D44F8182A666F094D440A6F26001158071980
:2024B8004E79D608CA292AF8297EB728040E00184DF8303A2B77F8313A2B77F82C2A5F5641
:2024D800D5F8305D54F8181A1396231A9ED13009F8147B96237A9E38040E071821F8162A64
:2024F8004F46CD4535F82E2A666F094D44F8182A666F094D440A6F2600115807194E79D6BB
:2025180003CA292AF8297EB728040E00184DF8303A2B77F8313A2B77F82C2A5F56D5F83085
:202538005D54F8181A1396231A9ED13009F8147B96237A9E38040E071821F8162A4F46CD9E
:202558004535F82E2A666F094D44F8182A666F094D440A6F2600115807194E79D604CA29C5
:202578002AF8297EB728040E00184DF8303A2B77F8313A2B77F82C2A5F56D5F8305D54F872
:20259800181A1396231A9ED13009F8147B96237A9E38040E071821F8162A4F46CD4535F875
:2025B8002E2A666F094D44F8182A666F094D440A6F2600115807194E79D602CA292AF8298E
:2025D8007EB72806F82F3600185FF8307EF82177F8317EF82277F82C2A23322A2377F821BE
:2025F8005D54F8161A1396231A9E300EF82E5D54F8141A1396231A9E3806F82F36071829C4
:20261800F8162A4F46F82E2A5F56CD4535F8212A666F094D44F8182A666F094D440A6F268F
:2026380000115807197EF82F77F82F7E3DCA292AF8272A7E07E601F82F77F8272A4F467934
:202658002270CB3E2BCB1E23CB3E2BCB1E23CB3E2BCB1E23CB3E2BCB1EF82F7EB728040E5D
:2026780000184EF82A7EF82D322B7EF82E77F8282A5F56D5F82F5D54F8181A1396231A9E45
:20269800D13009F8147B96237A9E38040E071821F8162A4F46CD4535F82D2A666F094D4464
:2026B800F8182A666F094D440A6F2600115807194E79D608CA292AF82F7EB728040E0018C1
:2026D8004EF82A7EF82D322B7EF82E77F8282A5F56D5F82F5D54F8181A1396231A9ED130FC
:2026F80009F8147B96237A9E38040E071821F8162A4F46CD4535F82D2A666F094D44F818F5
:202718002A666F094D440A6F2600115807194E79D603CA292AF82F7EB728040E00184EF82F
:202738002A7EF82D322B7EF82E77F8282A5F56D5F82F5D54F8181A1396231A9ED13009F8E0
:20275800147B96237A9E38040E071821F8162A4F46CD4535F82D2A666F094D44F8182A6605
:202778006F094D440A6F2600115807194E79D604CA292AF82F7EB728040E00184EF82A7EB6
:20279800F82D322B7EF82E77F8282A5F56D5F82F5D54F8181A1396231A9ED13009F8147B99
:2027B80096237A9E38040E071821F8162A4F46CD4535F82D2A666F094D44F8182A666F09BC
:2027D8004D440A6F2600115807194E79D602CA292AF82F7EB728040E00184EF82A7EF82DAB
:2027F800322B7EF82E77F8282A5F56D5F82F5D54F8181A1396231A9ED13009F8147B9623A5
:202818007A9E38040E071821F8162A4F46CD4535F82D2A666F094D44F8182A666F094D4483
:202838000A6F2600115807194E0DCA292AF82F7EB728040E00184FF8307EF82D77F8317EFA
:20285800F82E77F8282A5F56D5F82F5D54F8181A1396231A9ED13009F8147B96237A9E38CF
:20287800040E071821F8162A4F46CD4535F82D2A666F094D44F8182A666F094D440A6F26D4
:2028980000115807194E79D608CA292AF82F7EB728040E00184FF8307EF82D77F8317EF8F7
:2028B8002E77F8282A5F56D5F82F5D54F8181A1396231A9ED13009F8147B96237A9E380463
:2028D8000E071821F8162A4F46CD4535F82D2A666F094D44F8182A666F094D440A6F260078
:2028F800115807194E79D603CA292AF82F7EB728040E00184FF8307EF82D77F8317EF82E6E
:2029180077F8282A5F56D5F82F5D54F8181A1396231A9ED13009F8147B96237A9E38040E22
:20293800071821F8162A4F46CD4535F82D2A666F094D44F8182A666F094D440A6F26001114
:202958005807194E79D604CA292AF82F7EB728040E00184FF8307EF82D77F8317EF82E77A6
:20297800F8282A5F56D5F82F5D54F8181A1396231A9ED13009F8147B96237A9E38040E0732
:202998001821F8162A4F46CD4535F82D2A666F094D44F8182A666F094D440A6F2600115863
:2029B80007194E79D6022869F82F7EB72806232336001857F8287EF82E77F8297EF82F77C2
:2029D800F8305D54F8161A1396231A9E300EF82E5D54F8141A1396231A9E3806F8313607F7
:2029F8001829F8162A4F46F82E2A5F56CD4535F8302A666F094D44F8182A666F094D440AF1
:202A18006F2600115807197EF83177F8317E3D200BF8073601F8313601C3412CF8252A5FE7
:202A380056210700194D7CF82C7123322A23322A2377F81D7EF83077F81E7EF83177F82E65
:202A58002ACB7E280723233600C3E82AF831CB3E2BCB1E23CB3E2BCB1E23CB3E2BCB1E2382
:202A7800CB3E2BCB1E2B2B2A4F3A47792270CB3E2BCB1E23CB3E2BCB1E23CB3E2BCB1E2306
:202A9800CB3E2BCB1EF8305D54F8161A1396231A9E300EF82E5D54F8141A1396231A9E3885
:202AB80006F83136071829F8162A4F46F82E2A5F56CD4535F8302A666F094D44F8182A66D7
:202AD8006F094D440A6F2600115807197EF83177F8313A2B77F82C7EF83077F82D7EF8317D
:202AF80077F81F2A5F56210F00194D7CF82D712322232ACB7E28053600C3C52BF82ECB3E89
:202B18002BCB1E23CB3E2BCB1E23CB3E2BCB1E23CB3E2BCB1EF8302A4F3A47792270CB3E93
:202B38002BCB1E23CB3E2BCB1E23CB3E2BCB1E23CB3E2BCB1EF82D5D54F8161A1396231AC5
:202B58009E300EF8305D54F8141A1396231A9E3806F83136071856F8162A4F46F8302A5F6E
:202B780056CD4535F82B792270F82B2A5F2A572A666F19E57DF83277E17CF831322A5F5693
:202B9800F8182A666F19E57DF82F77E17CF82E322A5F561AF831775E160021580719E57D38
:202BB800F83277E17CF831322A5F561A77F82F7ED6072831F82F7ED609282AF82F7ED60503
:202BD8002823F82F7ED606281CF8317ED6072815F8317ED609280EF8317ED6052807F83176
:202BF8007ED606200AF8073601F8313601183AF81A7EF83077F81B7EF83177F8305D54F820
:202C1800231A1396231A9E1A57CB7E2807CB7A2008BF1805CB7A280137300AF8073601F89C
:202C38003136011804F8313600F81C7EE0907EEA0020F8317EB7283DAFF80E22223E0F22E4
:202C5800AF77F8003E2022AF223EA022AF222222AF2277AFE0433E70E042F8122A5F561AEB
:202C7800F533F80D2A5F56D5F80D2A4F46F80B2A5F56CDBA1AF8027EC6904FC610472100B9
:202C9800C02236282104C07822363079C6184F2108C0223628210CC079223630F80E7EE096
:202CB800433E70E042C3AA1CF040E6FDE040AFE043AFE042CDB138CD8519213EC13601E82A
:202CD80032C93BAFEA3DC13E80E0263EFFE0253E77E0243E05E0902100203605111B46CDE2
:202CF800962D3E01E0902100203601213DC136013EE0E0063E04E007113D19CD65383E053B
:202D1800CDCC00FBCD8519FA3EC1B72803CD071BCDC138F80077E5CB56E12812213FC17EDD
:202D3800B7280635213EC13601CDB1381849E5F802CB5EE12833FA330206004F0BFA3FC126
:202D58006F260058547D917C98CB7B2807CB7A2008BF1805CB7A2801373009213FC13421E6
:1E2D78003EC13601CDB138180EE5F802CB66E12806FA3FC1CD081BCDBD01188B33C9F8
:033F240000010099
:020000040001F9
:204000000A2410005A00002B10005A00002410005A00002B10005A00002410005A00002B97
:2040200010005A00002410005A00002B10005A00001F10005A00002610005A00001F1000AB
:204040005A00002610005A00001F10005A00002610005A00001F10005A00002610005A0044
:20406000002110005A00002810005A00002110005A00002810005A00002110005A00002853
:2040800010005A00002110005A00002810005A00001D10005A00002410005A00001D100057
:2040A0005A00002410005A00001D10005A00002410005A00001D10005A00002410005A00EE
:2040C000005A00005A0000241C075A00002B1C075A0000241C075A00002B1C075A00002476
:2040E0001C075A00002B1C075A0000241C075A00002B1C075A00001F1C075A0000261C076D
:204100005A00001F1C075A0000261C075A00001F1C075A0000261C075A00001F1C075A002B
:2041200000261C075A0000211C075A0000281C075A0000211C075A0000281C075A00002135
:204140001C075A0000281C075A0000211C075A0000281C075A00001D1C075A0000241C0719
:204160005A00001D1C075A0000241C075A00001D1C075A0000241C075A00001D1C075A00D5
:20418000005A0E005A00005A00005A00005A00005A00005A00005A00005A00005A00005A33
:2041A00000005A00005A00005A00005A00005A00005A00005A00005A00005A00005A00007B
:2041C0005A00005A00005A00005A00005A00005A00005A00005A00005A00005A00005A0001
:2041E000005A00005A00005A00005A00005A00005A00005A00005A00005A00005A00005AE1
:2042000000005A00005A00005A00005A00005A00005A00005A00005A00005A00005A00001A
:204220005A00005A00005A00005A00005A00005A00005A00005A00005A00005A00005A00A0
:20424000001870005A00005A00005A00005A00005A00005A00005A00005A00005A00005A52
:2042600000005A00005A00005A00005A00005A00001370005A00005A00005A00005A000091
:204280005A00005A00005A00005A00005A00005A00005A00005A00005A00005A00005A0040
:2042A000001570005A00005A00005A00005A00005A00005A00005A00005A00005A00005AF5
:2042C00000005A00005A00005A00005A00005A00001170005A00005A00005A00005A000033
:2042E0005A00005A00005A00005A00005A00005A00005A00005A00005A00005A00005A00E0
:20430000002410005A00003C30005A00003020005A00003C30003C30002410003C30003CEB
:2043200030005A00003020005A00003C30003C30002410005A00003C30005A0000302000CD
:204340005A00003C30005A00002410005A00003C30003C30003020003C30003C30005A0055
:20436000002410005A00003C30005A00003020005A00003C30003C30002410003C30003C8B
:2043800030005A00003020005A00003C30003C30002410005A00003C30005A00003020006D
:2043A0005A00003C30005A00002410005A00003C30003C30003020003C30003C30005A00F5
:2043C000005A00005A00005A00005A00005A00005A00005A00005A00005A00005A00005AFF
:2043E00000005A00005A00005A00005A00005A00005A00005A00005A00005A00005A000039
:204400005A00005A00005A00005A00005A00005A00005A00005A00005A00005A00005A00BE
:20442000005A00005A00005A00005A00005A00005A00005A00005A00005A00005A00005A9E
:2044400000005A00005A00005A00005A00005A00005A00005A00005A00005A00005A0000D8
:204460005A00005A00005A00005A00005A00005A00005A00005A00005A00005A00005A005E
:20448000005A00005A00005A00005A00005A00005A00005A00005A00005A00005A00005A3E
:2044A00000005A00005A00005A00005A00005A00005A0B015A00005A00005A00005A00006C
:2044C0005A00005A00005A00005A00005A00005A00005A00005A00005A00005A00005A00FE
:2044E000005A00005A00005A00005A00005A00005A00005A00005A00005A00005A00005ADE
:2045000000005A00005A00005A00005A00005A00005A00005A00005A00005A00005A000017
:204520005A00005A00005A00005A00005A00005A00005A00005A00005A00005A00005A009D
:20454000000140014001400140C143C140C140C140C140C1438141814141424142C143813C
:204560004181410143014381440840F30000800020000000800020010000800020020000CD
:2045800080002003000080002004000080002005000080002006000080F10000750000F1B2
:2045A00000004000007100005C00000000FFFFFFFFFFFFFFFFFFFFFFFFFFFF00000000FFFD
:2045C000FFFFFFFFFFFFFFFFFFFFFF0000000000000000FFFFFFFFFFFFFFFF0000000000EE
:2045E00000000000000000FFFFFFFF000112233445566778899AABBCCDDEEFFEDCBA987615
:20460000543210123456789ABCDEFF7ACDDB75211368BDDC974101479CDDB80C00404145CE
:104620004B4555455F4569456F4599450000AB458C
:020000040000FA
:20400000000000000000000000000000000000000000FFFF7F7F7F7F7F7F3F3F1F1F0E0ED0
:2040200000007F7F3F3F1F1F0F0F0707030300000000FFFFFFFFFFFFFFFFFFFF1F1F0E0E44
:204040000000FEFEFCFCF8F8F0F0C0C000000000007E2A7E3C3C3C3C1818181800000000A6
:20406000FFFFFFFF5B5B12121010000000000000FFFFFFFFEEEEE4E44040404000000000AA
:20408000C0C0E0E0F0F0E0E0C0C0F0F0FCFCF0F00303070703031F1F070703030F0F070770
:2040A0000000FFFFFFFFFFFFFFFFFFFFFFFFFFFF0000FFFFFFFFFFFFFFFFFFFFFFFFFFFF1C
:2040C00000000000000000000000000000000000000000000000000040004000E000E000A0
:2040E000D50055007D007F003B003B0011001100550055005500FF00FE00FE00F400F40020
:20410000FFFFFFFFFFFFFFFFFFFFFFFFFFFFFFFF0E0E1F1F3F3F7F7F7F7F7F7FFFFF0000DF
:204120000000030307070F0F1F1F3F3F7F7F00000E0E1F1FFFFFFFFFFFFFFFFFFFFF000043
:2041400000000000C0C0F0F0F8F8FCFCFEFE000000000000181818183C3C3C3C2A7E007EA5
:20416000000000000202020227277777FFFFFFFF00000000000008084848DADAFFFFFFFFAF
:20418000E0E0F0F0C0C0E0E0F8F8C0C0E0E0C0C00F0F3F3F0F0F030307070F0F070703038F
:2041A000FFFFFFFFFFFFFFFFFFFFFFFFFFFFFFFFFFFFFFFFFFFFFFFFFFFFFFFFFFFFFFFF1F
:2041C000110011003B003B007F007D005500D500F400F400FE00FE00FF005500550055003F
:2041E00000000000000000000000000000000000E000E0004000400000000000000000007F
:204200000000007F007F007F007F007F007F007F000000FE00FE00FE00FE00FE00FE00FE33
:20422000000000000101010103030303070707070000000080808080C0C0C0C0E0E0E0E0D2
:204240000000007F003F2A3F0A1F0A1F0F0F0F0F000000FE00FCA8FCA8F8A8F8F0F0F0F00B
:20426000000000401070147C177F177F177F177F00000000000000000000C0C0F0F0FCFC3E
:204280000000000000000000000003030F0F3F3F00000002080E283EE8FEE8FEE8FEE8FE66
:2042A000FFFFFFFFFFFFFFFFFFFFFFFFFFFF0000FFFFFFFFFFFFFFFFFFFFFFFFFFFF00001A
:2042C0000000153F0F0F07070101000000000000000054FCF0F0E0E080800000000000006C
:2042E00000000000004000402060307030703878000000000002000204060C0E0C0E1C1E52
:20430000007F007F007F007F007F007F007F000000FE00FE00FE00FE00FE00FE00FE000032
:204320000F0F0F0F0A1F0A1F2A3F003F007F0000F0F0F0F0A8F8A8F8A8FC00FC00FE00002A
:2043400007070707030303030101010100000000E0E0E0E0C0C0C0C08080808000000000B1
:20436000177F177F177F177F147C107000400000FCFCF0F0C0C0000000000000000000003D
:204380003F3F0F0F030300000000000000000000E8FEE8FEE8FEE8FE283E080E0002000065
:2043A00000007F7F7F7F7F7F7F7F557F007F00000000FEFEFEFEFEFEFEFE54FE00FE000072
:2043C000000000000000010107070F0F153F00000000000000008080E0E0F0F054FC00006B
:2043E000387830703070206000400040000000001C1E0C0E0C0E0406000200020000000051
:2044000000007B7F7B7F7B7F7B7F007F7B7F7B7F0000DEFEDEFEDEFEDEFE00FEDEFEDEFE1B
:204420007B7F7B7F7B7F7B7F7B7F007F7B7F7B7FDEFEDEFEDEFEDEFEDEFE00FEDEFEDEFE25
:204440000000FBFFFBFFFBFFFBFF00FFFBFFFBFF0000DFFFDFFFDFFFDFFF00FFDFFFDFFF4E
:20446000FBFFFBFFFBFFFBFFFBFF00FFFBFFFBFFDFFFDFFFDFFFDFFFDFFF00FFDFFFDFFF56
:204480007B7FFBFFFBFFFBFFFBFF00FFFBFFFBFFDEFEDFFFDFFFDFFFDFFF00FFDFFFDFFF38
:2044A0007F7F7F7F7F7F7F7F7F7F7F7F7F7F7F7FFEFEFEFEFEFEFEFEFEFEFEFEFEFEFEFE2C
:2044C00000007F7F7F7F7F7F7F7F7F7F7F7F7F7F0000FEFEFEFEFEFEFEFEFEFEFEFEFEFE06
:2044E0007F7FFFFFFFFFFFFFFFFFFFFFFFFFFFFFFEFEFFFFFFFFFFFFFFFFFFFFFFFFFFFFDE
:204500007B7F7B7F007F7B7F7B7F7B7F7B7F0000DEFEDEFE00FEDEFEDEFEDEFEDEFE00001A
:204520007B7F7B7F007F7B7F7B7F7B7F7B7F7B7FDEFEDEFE00FEDEFEDEFEDEFEDEFEDEFE24
:20454000FBFFFBFF00FFFBFFFBFFFBFFFBFF0000DFFFDFFF00FFDFFFDFFFDFFFDFFF00004D
:20456000FBFFFBFF00FFFBFFFBFFFBFFFBFFFBFFDFFFDFFF00FFDFFFDFFFDFFFDFFFDFFF55
:20458000FBFFFBFF00FFFBFFFBFFFBFFFBFF7B7FDFFFDFFF00FFDFFFDFFFDFFFDFFFDEFE37
:2045A0000000FFFFFFFFFFFFFFFFFFFFFFFFFFFFFFFFFFFFFFFFFFFFFFFFFFFFFFFF000017
:2045C0007F7F7F7F7F7F7F7F7F7F7F7F7F7F0000FEFEFEFEFEFEFEFEFEFEFEFEFEFE000005
:2045E000FFFFFFFFFFFFFFFFFFFFFFFFFFFF7F7FFFFFFFFFFFFFFFFFFFFFFFFFFFFFFEFEDD
:2046000008000F0003401F4023603F7031703F7800000000C000F000C0000000C000F00037
:204620000000000003000F000300000003000F001000F000C002F802C406FC0E8C0EFC1E0F
:204640000000153F0F0F1707D509550A7D027F00000054FCF0F0E4E8D588552855A8FF00BD
:20466000FFFFFFFFFFFFFFFFFFFFFFFFFFFFFFFFFFFFFFFFFFFFFFFFFFFFFFFFFFFFFFFF5A
:204680007F7FFFFFFFFFFFFFFFFFFFFFFFFFFFFFFEFEFFFFFFFFFFFFFFFFFFFFFFFFFFFF3C
:2046A00000001F1F1F1F7F7F7F7F7A7F7A7F7A7F0000F8F8F8F8F6FEF6FE96FE96FE16FE93
:2046C000FFFFF8F8E0E0C0C0C0C0808080808080FFFF1F1F070703030303010101010101D0
:2046E000FBFFFBFF00FFFBFFFBFFFBFFFFFFFFFF0000000000000000010007000F001F00A7
:2047000039783F7031702F6001401F4001000F00FC00FF00FC00F000C000F000C000000002
:204720003F00FF003F000F0003000F00030000009C1EFC0E8C0EF4068002F8028000F00094
:204740007F007D02550AD50917070F0F153F0000FF0055A85528D588E4E8F0F054FC0000BC
:20476000FFFFFEFFFCFFF8FFF0FFE0FFC0FF80FFFFFF7FFF3FFF1FFF0FFF07FF03FF01FF52
:20478000FFFFFEFFFCFFF8FFF0FFE0FFC0FF007FFFFF7FFF3FFF1FFF0FFF07FF03FF00FE34
:2047A000787F787F787F757F757F1F1F1F1F000016FE16FE16FE56FE56FEF8F8F8F80000EC
:2047C000808080808080C0C0C0C0E0E0F8F8FFFF0101010101010303030307071F1FFFFFCF
:2047E000FFFFFFFFF9F9F0F000000000000000000000000000000000C000F000F800FC0047
:2048000000000101030307070F0F001F1F3F5F7F00008080C0C0E0E0F0F000F8F8FCFAFE05
:204820007B7F3B3F1B1F0B0F0307000301010000DEFEDCFCD8F8D0F0C0E000C080800000FD
:204840000000000000000000000000030B0F3B3F000003030F0F1F3FDFFF00FFDFFFDFFFA6
:204860000000C0C0F0F0F8FCFBFF00FFFBFFFBFF0000000000000000000000C0D0F0DCFC9F
:204880003B3F0B0F030300000000000000000000DFFFDFFFDFFFDFFF1F3F000F0303000093
:2048A000FBFFFBFFFBFFFBFFF8FC00F0C0C00000DCFCD0F0C0C00000000000000000000094
:2048C0000000000000000000000000000000000000000000000000000000000000000000D8
:2048E000000000000000000000000000000000001F000F0007000100000000000000000082
:2049000000000101000303070B0F1B1F3B3F7B7F0000808000C0C0E0D0F0D8F8DCFCDEFE1C
:204920005F7F1F3F001F0F0F0707030301010000FAFEF8FC00F8F0F0E0E0C0C080800000E4
:204940000000000000000000000003030B0F3B3F00000303000F1F3FDFFFDFFFDFFFDFFFD2
:204960000000C0C000F0F8FCFBFFFBFFFBFFFBFF00000000000000000000C0C0D0F0DCFCD3
:204980003B3F0B0F000300000000000000000000DFFFDFFF00FFDFFF1F3F0F0F0303000065
:2049A000FBFFFBFF00FFFBFFF8FCF0F0C0C00000DCFCD0F000C0000000000000000000005E
:2049C0000000000000000000000000000000000000000000000000000000000000000000D7
:2049E00000000000000000000000000000000000FC00F800F000C000000000000000000013
:204A000000000000010101010303000303070307000000000101010103030003070707074C
:204A20000000000080808080C0C000C0E0E0E0E00000000080808080C0C000C0C0E0C0E036
:204A40007B7F7B7F3B3F3B3F1B1F001F0B0F0B0F5F7F5F7F1F3F1F3F1F1F001F0F0F0F0FD0
:204A6000FAFEFAFEF8FCF8FCF8F800F8F0F0F0F0DEFEDEFEDCFCDCFCD8F800F8D0F0D0F006
:204A8000FBFFFBFFFBFFFBFFFBFF00FFFBFFFBFFDFFFDFFFDFFFDFFFDFFF00FFDFFFDFFF30
:204AA000FBFFFBFFFBFFFBFFFBFF00FFFBFFFBFFDFFFDFFFDFFFDFFFDFFF00FFDFFFDFFF10
:204AC000FCFCF3F0EFE0DEC0B981B78777076F0F3F3FCF0FF7077B039D81EDE1EEE0F6F0A2
:204AE000FFFFFFFFFFFFFFFFFCFCE3E39F9F7F7FFFFFFFFFFFFFFFFF3F3FC7C7F9F9FEFED2
:204B00000B0F0B0F001F1B1F3B3F3B3F7B7F7B7F0F0F0F0F001F1F1F1F3F1F3F5F7F5F7F0F
:204B2000F0F0F0F000F8F8F8F8FCF8FCFAFEFAFED0F0D0F000F8D8F8DCFCDCFCDEFEDEFE45
:204B400003070307000303030101010100000000070707070003030301010101000000000B
:204B6000E0E0E0E000C0C0C08080808000000000C0E0C0E000C0C0C08080808000000000F5
:204B8000FBFFFBFF00FFFBFFFBFFFBFFFBFFFBFFDFFFDFFF00FFDFFFDFFFDFFFDFFFDFFF2F
:204BA000FBFFFBFF00FFFBFFFBFFFBFFFBFFFBFFDFFFDFFF00FFDFFFDFFFDFFFDFFFDFFF0F
:204BC0006F0F7707B787B981DEC0EFE0F3F0FCFCF6F0EEE0EDE19D817B03F707CF0F3F3FA1
:204BE0007F7F9F9FE3E3FCFCFFFFFFFFFFFFFFFFFEFEF9F9C7C73F3FFFFFFFFFFFFFFFFFD1
:204C0000000020203B3B3F3F1F1F1F1FFEFFFCFF0000000018181C1C1C1C1C1C1E1E1E1E9C
:204C2000101030303030717179797F7FFFFFFFFF101030307070F0F0E3E3E7E7FFFFFFFFF6
:204C40000000000018187070F0F0E0E0E0E0C0C0C0C0C0C0CECEFCFCFCFCF8F87CFC3CFC38
:204C60007F7F3F3F1F1F0F0F0F0F070707070303FFFFFFFFFFFFFFFFFFFFFFFFFFFFFFFF2C
:204C8000FFFFFFFFFFFFFFFFFFFFFFFFFFFFFFFFFEFEF0F0C0C0C0C0E0E0F8F8FEFEFFFF9E
:204CA0007F7F1F1F030300000000000001010303FFFFFFFFFFFF3F3F3F3FFFFFFFFFFFFFBA
:204CC000FFFFFFFFFFFFFFFFFFFFFFFFFFFFFFFFFFFFFFFFFFFFFFFFFFFFFFFFFFFFFFFFF4
:204CE000FFFFFFFFFFFFFFFFFBFBF9F9F8F8F8F887878080C0C0C0C0C0C0C0C0E0E0606066
:204D00000606070703030303030303030101E1E11F1F1F1F9F9FDFDFFFFFFFFFFFFFFFFF2D
:204D2000FFFFFFFFFFFFFFFFFFFFFFFFFFFFFFFFFFFFFFFFFFFFFFFFFFFFFFFFFFFFFFFF93
:204D4000FFFFFFFFFFFFFCFCFCFCFFFFFFFFFFFFC0C08080000000000000C0C0F8F8FEFE83
:204D6000FFFF7F7F1F1F0707030303030F0F7F7FFFFFFFFFFFFFFFFFFFFFFFFFFFFFFFFFD3
:204D8000FFFFFFFFFFFFFFFFFFFFFFFFFFFFFFFFC0C0E0E0E0E0F0F0F0F0F8F8FCFCFEFE7F
:204DA0007C7FFEFF0F0F1F1F1F1F3939000000000303070707070F0F0E0E18180000000063
:204DC000FFFFFFFFE7E7C7C70F0F0E0E0C0C0808FFFFFFFFFEFE9E9E8E8E0C0C0C0C080889
:204DE000787878783838383838381818000000003CFC78F8F8F8FCFCDCDCC4C4C0C0404083
:204E0000000000000000000000000C0C0F0F07071010181818183C3C3D3D3F3F7F7FFFFF62
:204E2000080818187070F0F0F0F0F1F1FFFFFFFF00000000000000000000F0F0E0E0C0C094
:204E40000707070703030303FFFF7F7F3F3F1F1FFFFFFFFFFFFFFEFEF8F8F0F0F0F0E0E00C
:204E6000FFFFFFFFFFFF7F7F1F1F0F0F0F0F070780808080F0F0FEFEFFFFF8F8E0E0F0F048
:204E80000F0F07071F1FFFFF7F7F0F0F01010101E0E0F0F0F0F0F8F8FEFEFFFFFFFFFFFF24
:204EA00007070F0F0F0F1F1F7F7FFFFFFFFFFFFFF8F8FCFCFEFEFFFFC0C0C0C0E0E0E0E010
:204EC00003030707030300000000000000000000FFFFFFFF8F8F0F0F0F0F0E0E18181010F6
:204EE000FFFFFEFEFCFCBCBC3C3C181818180808E0E0F0F030300000000000000000000060
:204F0000000000000000000000000000000000000000000000000000000000000000000091
:204F2000000000000000000000000000000000000000000000000000000000000000000071
:204F4000000000000000000000000000000000000000000000000000000000000000000051
:204F6000000000000000000000000000000000000000000000000000000000000000000031
:204F8000000000000000000000000000000000000000000000000000000000000000000011
:204FA0000000000000000000000000000000000000000000000000000000000000000000F1
:204FC0000000000000000000000000000000000000000000000000000000000000000000D1
:204FE0000000000000000000000000000000000000007E7E7E7E7E7E7E7E2A7E007E00009B
:202D9600626B2AEACCC02A5F2A571AEAB1C00E1211B2C02A12130D20FA0E4721CEC0AF2243
:202DB6000D20FC3EF0EADCC0EAECC03E64EACDC00E0021B2C011C4C0CDE02D21B4C0CDE01F
:202DD6002D21B6C0CDE02D21B8C02A81666F8C95672A12137E1213C9474B1EFE78B72807D7
:202DF600CB21CB033D20F9FACEC0A3B1EACEC0A1C26330C9FAD3C067848426006F092A4690
:202E1600234EC92A4F46CD0A2E210000FE48D01287C6A16FCE3495672A666F37C9C6C02F46
:202E3600FE07D867CB3FCB3F3D6F7CE603C604CB35B5C978CB3782C6D56FCEC09567C9264C
:202E56000048FACEC00D28170D28250D2833CB47C07BEAD5C0E0137AEAD6C0B4E014C9CB89
:202E76004FC07BEAE5C0E0187AEAE6C0B4E019C9CB57C07BEAF5C0E01D7AEAF6C0B4E01EE6
:202E9600C9CB5FC0547BCD332E210BC1B6E0227AE023C91806181718281849FACEC0CB47F9
:202EB600C021D5C02AE013FADAC0B6E014C9FACEC0CB4FC021E5C02AE018FAEAC0B6E019C5
:202ED600C9FACEC0CB57C0F025F5E6BBE025AFE01A2FE01A21F5C02AE01DFAFAC0B6E01EC2
:202EF600F1E025C9FACEC0CB5FC0FA05C1E022FA0AC1E023C97E34E5CD0D2EE1C55778E63E
:202F1600F0CB7A2804CBBACBC7CB3728023D777AFE5A2821D624435F1604CD492E7B86230A
:202F3600565F04CB504A2005CD262E545D61CBBC05CD572E58C116011802160078E60FB1A9
:202F5600C878E60F87C6706FCE2F95672A666FCB4228012343FAD0C0B7E9EC301F312E3171
:202F76003D31C430902F952FE531AF2FB42FA931403076304C3052303830C079E024C90023
:202F960021C0C03E0FA187865F233E008E676B2A666F5059FAD0C0B7E9C079E025C9C0FACC
:202FB600CEC005280D05281C05280ECB47C079E011C9CB4FC079E016C9CB5FC0F022CB9F32
:202FD600B1E022C9CB57C07921CDC0CDE92F0602C3E93177CB3721C2C08623666F8C95676A
:202FF600F025F5E6BBE025AFE01A2AE0302AE0312AE0322AE0332AE0342AE0352AE0362A8D
:20301600E0372AE0382AE0392AE03A2AE03B2AE03C2AE03D2AE03E2AE03F3E80E01AF1E0CE
:2030360025C9C079EACCC0C94FAFC021D1C0B6200236012371C9C079EAD1C0C9B9C078C604
:20305600FECE0387271F57FACEC02FA2C878878780C6126F26FFAF2278FE02C82C36FFC999
:20307600C0CB31FACEC005281305281D052836CB47C0F012E60FB1E012C3B12ECB4FC0F031
:2030960017E60FB1E017C3C42ECB57C079FEA0300FFE503007B7280A3E6018063E401802B7
:2030B6003E20E01CC9CB5FC079E021C3FA2EC81604CD492E79E6F0CB375FFACFC0A37E28E0
:2030D60007CD262E545D180BCD262E79E60F855F8C9357C3552E001604CD492E56FACFC072
:2030F6003D1802D603FE0330FA87C6086FCE319567E9180918037A180879CB37FE79E60FFA
:2031160082CD262E545DC3552EC81600CD492E2A815F8E9357C3552EC81600CD492E2A9138
:203136005F9F8657C3552E28551600CD492EE52A5F2A572A666F7CBA381A20067DBB381461
:20315600282A79835F8A93577CBA381E201E7DBB381818187B915F9F8257CB7A200C7ABC2C
:20317600380820087BBD38021802545DE17B22723E04856F8C95677ECBBE67C3572E160416
:20319600CD492E3A545DCD262E7C121B7D12E1F1A7F5E9C078C6FECE0387271F57FACEC0C1
:2031B6002FA2C879E60F5779E6F05FCB3378878780C6124FF2E6F0CB37923001AF83FE10F5
:2031D60038023E0FCB37E20C0CF2F680E2180428BDB9C07887C6A96FCE2E9567E978E6F086
:2031F600CB37C83D875F8783856F8C956717C9FAD0C0B7C2BA3321C4C011D9C0CD192EF51E
:20321600303F78E60FFE0328087DEAD5C07CEAD6C021BAC02A666FCDF331FADAC0CBBF28C2
:203236001DFACEC0CB4720192AE0102AE0112AE0122AEADDC02AEADEC0AFEADFC07EEADA5A
:20325600C01E00CD502FF1DCB12EFADDC04FFADEC047B121DFC01E00C40B2F21C6C011E98F
:20327600C0CD192EF5303D78E60FFE0328087DEAE5C07CEAE6C021BAC02A666FCDF331FAC7
:20329600EAC0CBBF281BFACEC0CB4F2017232AE0162AE0172AEAEDC02AEAEEC0AFEAEFC099
:2032B6007EEAEAC01E01CD502FF1DCC42EFAEDC04FFAEEC047B121EFC01E01C40B2F21C850
:2032D600C011F9C0CD192EF5D2293378E60FFE0328087DEAF5C07CEAF6C021BCC02A666FA5
:2032F600CDF331FAFAC0CBBF2826FACEC0CB5720222AE01B2AE01C2AE521CDC0BE2803CD91
:20331600E92FE12AEAFDC02AEAFEC0AFEAFFC07EEAFAC01E02CD502FF1DCD72EFAFDC04F3D
:20333600FAFEC047B121FFC01E02C40B2F21CAC02A4F46CD0A2EFE48F5304CEA09C1CD33EF
:203356002EEA05C121BEC02A666FCDF331FA0AC1CBBF2830FACEC0CB5F202C2AE0212AEA06
:203376000EC12AEA0FC1AFEA10C17EE63FE020FA05C1577EE680CB37EA0BC1B2EA05C17EE4
:20339600E640F680EA0AC11E03CD502FF1DCFA2EFA0EC14FFA0FC147B12110C11E03C40BA8
:2033B6002FC36234FACEC0CB47201221C4C02A4F46CD0A2E79B728051E00CD502FFADDC0DC
:2033D6004FFADEC047B121DFC01E00C40B2FFACEC0CB4F201221C6C02A4F46CD0A2E79B7AD
:2033F60028051E01CD502FFAEDC04FFAEEC047B121EFC01E01C40B2FFACEC0CB572012219F
:20341600C8C02A4F46CD0A2E79B728051E02CD502FFAFDC04FFAFEC047B121FFC01E02C407
:203436000B2FFACEC0CB5F201221CAC02A4F46CD0A2E79B728051E03CD502FFA0EC14FFA0D
:203456000FC147B12110C11E03C40B2F21CFC0342334FACCC096C022B6280D3D47AF22B64E
:20347600281036003D871817FAD3C03CFE4020170600FAB1C04FFAD4C0C602B92001AFEA0E
:20349600D4C04FCDC82D78EAD3C0C92C009C0006016B01C90123027702C602120356039B3F
:2034B60003DA0316044E048304B504E50411053B0563058905AC05CE05ED050A0627064240
:2034D600065B06720689069E06B206C406D606E706F7060607140721072D07390744074F1E
:2034F60007590762076B0773077B0783078A07900797079D07A207A707AC07B107B607BA4B
:1B35160007BE07C107C407C807CB07CE07D107D407D607D907DB07DD07DF07A9
:0300F800C3DF372C
:023F2700000098
:2035B400211D39CDBB35C9CD9C35E5211AC106067E23B6FE00280B23230520F4E121000086
:2035D4001824D1722B73FA18C12B77E5CD3936FAA2C0E602C403362116C12A666F23FA18B7
:2035F400C186EA18C1E1F040F681E6E7E040C92116C12A666F2A5F2A577B0E80E603FE017D
:203614002807FE02280924180679856F8C9567E54BFA15C15FD5CB512005CD6D381803CD30
:203634000538E804C92AEA15C12AEA16C12AEA17C1C9FE0A200EF5FAA2C0E6082005CD6E25
:2036540037F1C9F1CD6C36C38337CD6C36C38337CD57373E00C36C36F5FA17C1B7200ACD29
:20367400E936AFEA18C1CDB435F1C5D5E55F2116C12A666F2AE603FE022805231600195E39
:20369400FA15C1835FFA41C16F26002929292929FA40C14F06000901009809F041E60220D2
:2036B400FA73E1D1C1C9C5F8047ECD4636C1C9C5F8047ECD6C36C1C9C5F8047E23666FCDFF
:2036D400BB35E5D1C1C9C5F8047E23666FCD3936C1110000C9C5CDDF37AFEA18C12119C183
:2036F4000612220520FC3E03EA42C1AFEA43C1CD0F37C1C9AFEA40C1EA41C1D5E5210098FA
:203714001E201620F041E60220FA3600231520F41D20EFE1D1C9F8022AEA40C17EEA41C14C
:20373400C9FAA2C0E6022005C5CDDF37C1FA40C15FC9FAA2C0E6022005C5CDDF37C1FA41AA
:20375400C15FC9E52140C1AFBE280335180A36132141C1AFBE280135E1C9E5AFEA40C121F5
:2037740041C13E11BE2803341803CDB137E1C9E52140C13E13BE280334182036002141C147
:203794003E11BE2803341813FAA2C0E6042809AFEA41C1EA40C11803CDB137E1C9C5D5E588
:2037B4002100980120981E1F1620F041E60220FA0A22031520F41D20EF1620F041E60220EA
:2037D400FA3E00221520F4E1D1C1C9F3F040E6802809CD9C35110039CD043DCDFC37F04036
:2037F400F681E6E7E040FBC9CD0F373E02EAA2C0C91690F040E61028021680C5F8042A5F4F
:203814002A4F2A666FCB337BE60F82577BE6F05FD5545DE1CB5C2802CBA40608C51A13D529
:20383400E52142C14E2366691E081F380354180155CB3ACB19CB3ACB181D20EEE1F041E6F5
:113854000220FA712C7023D1C10520D00D20C5C1C914
:08005000F5E5212BC1C380007E
:03386500C3A538C0
:203531004F18024B5F7B179F57AF182A4F179F477B179F5778BA38067B594F7A5047B7CAF5
:2035510067352E00061029CB11173001190520F64D44C94FAF576F060879291730011905C5
:0535710020F84D44C9E3
:20386800F80656180A1690F040E61028021680C5F8042A5F2A4F2A666FCB337BE60F825735
:203888007BE6F05FCB5A2802CBA20610F041E60220FA2A12130520F40D20E9C1C9212BC156
:0938A800C3F001212BC1C3D001C2
:2038B100F5D5167FCDC138B720F81520F7D1F1C93E20E000F000F000E60F5F3E10E000F0BC
:2038D10000F000F000F000F000F000E60FCB37B32F5F3E30E0007BC957CDC138A228FAC9B3
:033F290003000092
:2038F100F8022AEA42C12AEA43C17EEA44C1C92140FFF045FE482807CBE63E48E045C9F039
:2039110041E60220FACBA63E90E045C90566000000000000000000000000000060610000FA
:203931000000000000000000000062636465000102030405060708090A0B0C0D0E0F10114F
:2039510012131415161718191A1B1C1D1E1F202122232425262728292A2B2C2D2E2F303126
:2039710032333435363738393A3B3C3D3E3F404142434445464748494A4B4C4D4E4F505106
:2039910052535455565758595A5B5C5D5E5F000000000000000018181818180018006666E3
:2039B10044000000000000247E24247E2400143E553C1E553E1462660C183066460078CC72
:2039D10061CECCCC78001818100000000000040818181818080420101818181810200054CB
:2039F10038FE385400000018187E1818000000000000003030200000003C0000000000005A
:203A110000000018180003060C183060C0003C666E7666663C0018381818181818003C66F0
:203A31000E1C38707E007E0C183C06463C000C1C2C4C7E0C0C007E607C0606463C001C2065
:203A5100607C66663C007E060E1C181818003C66663C66663C003C66663E060C3800001887
:203A71001800001818000018180018181000060C1830180C060000003C00003C00006030F1
:203A9100180C183060003C46060C181800183C666E6A6E603C003C66667E666666007C664F
:203AB100667C66667C003C62606060623C007C66666666667C007E60607C60607E007E60A3
:203AD100607C606060003C62606E66663E006666667E6666660018181818181818000606CD
:203AF100060606463C00666C7870786C66006060606060607C00FCD6D6D6D6C6C6006272AD
:203B11007A5E4E4642003C66666666663C007C66667C606060003C66666666663C067C662E
:203B3100667C666666003C62703C0E463C007E181818181818006666666666663C0066660C
:203B5100666666647800C6C6C6D6D6D6FC006666663C666666006666663C181818007E0E94
:203B71001C3870607E001E18181818181E00406030180C0602007818181818187800103832
:203B91006C00000000000000000000007E0000C0C06000000000003C463E66663E00607CA4
:203BB100666666667C00003C626060623C00063E666666663E00003C667E60623C001E305E
:203BD1007C3030303000003E6666663E463C607C66666666660018001818181818000008F6
:203BF10018181818583060646870786C66001818181818180C0000FCD6D6D6D6C600007CB4
:203C1100666666666600003C666666663C00007C6666667C6060003E666666663E06006C15
:203C3100706060606000003C72381C4E3C00183C181818180C000066666666663E00006695
:203C510066666664780000C6C6D6D6D6FC000066663C6666660000666666261E463C007E8B
:203C71000E1C38707E000E18183018180E0018181818181818187018180C181870000060CB
:203C9100F29E0C00000010102828444482FE000000FFFFFF00001C1C1C1C1C1C1C1C000022
:1E3CB100001F1F1F1C1C000000FCFCFC1C1C1C1C1C1F1F1F00001C1C1CFCFCFC00003B
:03004800C3CF3CE7
:203CCF00F5E5C5D52135C1E52A666FB42815E72137C12A666FB4280BE72139C12A666FB4DA
:1B3CEF00C42000E1D1C1E1F041E60220FAF1D92135C1C3F0012135C1C3D0010F
:203D0A0005250000000000000000000000000000000000000000000000000000000000006F
:203D2A000000000000000000000000000000000000000102030405060708090A0000000042
:203D4A000000000B0C0D0E0F101112131415161718191A1B1C1D1E1F2021222324000000F6
:203D6A000000000B0C0D0E0F101112131415161718191A1B1C1D1E1F2021222324000000D6
:203D8A0000000000000000000000003C464A52623C000018280808083E00003C42023C40CB
:203DAA007E00003C420C02423C0000081828487E0800007E407C02423C00003C407C424225
:203DCA003C00007E020408101000003C423C42423C00003C42423E023C00003C42427E42BB
:203DEA004200007C427C42427C00003C424040423C000078444242447800007E407C40400B
:203E0A007E00007E407C40404000003C42404E423C000042427E42424200003E0808080870
:203E2A003E000002020242423C0000444870484442000040404040407E000042665A424266
:203E4A004200004262524A464200003C424242423C00007C42427C404000003C4242524A76
:203E6A003C00007C42427C444200003C403C02423C0000FE1010101010000042424242422A
:203E8A003C00004242424224180000424242425A2400004224181824420000824428101008
:1E3EAA001000007E040810207E00C5F8042A575EF8093A473A4F3A666FCDD13EC1C992
:013F2C000094
:203EC800E5F040E6402809180CE5F040E6082005210098180321009CC5CB33CB037BE6039C
:203EE80084473EE0A3824FE1D1D5C5FA45C1865FF041E60220FA7B022379E6E05F793CE620
:1C3F08001FB34F1520E5C1D11DC8D578E6FC5F3E20814F8891E603B347C518CF87
:00000001FF
