                                      1 ;--------------------------------------------------------
                                      2 ; File Created by SDCC : free open source ISO C Compiler
                                      3 ; Version 4.5.1 #15267 (MINGW64)
                                      4 ;--------------------------------------------------------
                                      5 	.module main
                                      6 	
                                      7 ;--------------------------------------------------------
                                      8 ; Public variables in this module
                                      9 ;--------------------------------------------------------
                                     10 	.globl _main
                                     11 	.globl _play_level
                                     12 	.globl _draw_menu
                                     13 	.globl _fill_scroll_bg
                                     14 	.globl _draw_mt_column
                                     15 	.globl _load_bkg_tileset
                                     16 	.globl _setup_menu_font
                                     17 	.globl _play_music_safe
                                     18 	.globl _hUGE_dosound
                                     19 	.globl _hUGE_init
                                     20 	.globl _font_set
                                     21 	.globl _font_load
                                     22 	.globl _font_init
                                     23 	.globl _set_sprite_data
                                     24 	.globl _set_bkg_tiles
                                     25 	.globl _set_bkg_data
                                     26 	.globl _display_off
                                     27 	.globl _wait_vbl_done
                                     28 	.globl _set_interrupts
                                     29 	.globl _waitpadup
                                     30 	.globl _joypad
                                     31 	.globl _add_TIM
                                     32 	.globl _selected
                                     33 	.globl _redraw
                                     34 	.globl _music_ready
                                     35 	.globl _cube_tiles
                                     36 ;--------------------------------------------------------
                                     37 ; special function registers
                                     38 ;--------------------------------------------------------
                                     39 	.area _HRAM
                                     40 ;--------------------------------------------------------
                                     41 ; ram data
                                     42 ;--------------------------------------------------------
                                     43 	.area _DATA
                                     44 ;--------------------------------------------------------
                                     45 ; ram data
                                     46 ;--------------------------------------------------------
                                     47 	.area _INITIALIZED
    00000000                         48 _music_ready::
    00000000                         49 	.ds 1
    00000001                         50 _redraw::
    00000001                         51 	.ds 1
    00000002                         52 _selected::
    00000002                         53 	.ds 1
                                     54 ;--------------------------------------------------------
                                     55 ; absolute external ram data
                                     56 ;--------------------------------------------------------
                                     57 	.area _DABS (ABS)
                                     58 ;--------------------------------------------------------
                                     59 ; global & static initialisations
                                     60 ;--------------------------------------------------------
                                     61 	.area _HOME
                                     62 	.area _GSINIT
                                     63 	.area _GSFINAL
                                     64 	.area _GSINIT
                                     65 ;--------------------------------------------------------
                                     66 ; Home
                                     67 ;--------------------------------------------------------
                                     68 	.area _HOME
                                     69 	.area _HOME
                                     70 ;--------------------------------------------------------
                                     71 ; code
                                     72 ;--------------------------------------------------------
                                     73 	.area _CODE
                                     74 ;include/collision.h:39: static inline uint8_t col_of(uint8_t tile_id) {
                                     75 ;	---------------------------------
                                     76 ; Function col_of
                                     77 ; ---------------------------------
    00000000                         78 _col_of:
    00000000 4F               [ 4]   79 	ld	c, a
                                     80 ;include/collision.h:40: return famidash_metatile_collision[tile_id];
    00000001 21r00r00         [12]   81 	ld	hl, #_famidash_metatile_collision
    00000004 06 00            [ 8]   82 	ld	b, #0x00
    00000006 09               [ 8]   83 	add	hl, bc
    00000007 7E               [ 8]   84 	ld	a, (hl)
                                     85 ;include/collision.h:41: }
    00000008 C9               [16]   86 	ret
                                     87 ;include/collision.h:46: static inline uint8_t col_at(
                                     88 ;	---------------------------------
                                     89 ; Function col_at
                                     90 ; ---------------------------------
    00000009                         91 _col_at:
    00000009 E8 FC            [16]   92 	add	sp, #-4
    0000000B F8 02            [12]   93 	ldhl	sp,	#2
    0000000D 7B               [ 4]   94 	ld	a, e
    0000000E 22               [ 8]   95 	ld	(hl+), a
    0000000F 72               [ 8]   96 	ld	(hl), d
                                     97 ;include/collision.h:53: if (world_py < 0) return COL_NONE;            // above map = sky
    00000010 60               [ 4]   98 	ld	h, b
    00000011 CB 7C            [ 8]   99 	bit	7, h
    00000013 28 03            [12]  100 	jr	Z, 00102$
    00000015 AF               [ 4]  101 	xor	a, a
    00000016 18 6E            [12]  102 	jr	00107$
    00000018                        103 00102$:
                                    104 ;include/collision.h:54: uint16_t mx = world_px >> 4;                  // pixel → metatile col
    00000018 F8 02            [12]  105 	ldhl	sp,	#2
    0000001A 3A               [ 8]  106 	ld	a, (hl-)
    0000001B 2B               [ 8]  107 	dec	hl
    0000001C 77               [ 8]  108 	ld	(hl), a
    0000001D F8 03            [12]  109 	ldhl	sp,	#3
    0000001F 3A               [ 8]  110 	ld	a, (hl-)
    00000020 2B               [ 8]  111 	dec	hl
    00000021 77               [ 8]  112 	ld	(hl), a
    00000022 CB 3E            [16]  113 	srl	(hl)
    00000024 2B               [ 8]  114 	dec	hl
    00000025 CB 1E            [16]  115 	rr	(hl)
    00000027 23               [ 8]  116 	inc	hl
    00000028 CB 3E            [16]  117 	srl	(hl)
    0000002A 2B               [ 8]  118 	dec	hl
    0000002B CB 1E            [16]  119 	rr	(hl)
    0000002D 23               [ 8]  120 	inc	hl
    0000002E CB 3E            [16]  121 	srl	(hl)
    00000030 2B               [ 8]  122 	dec	hl
    00000031 CB 1E            [16]  123 	rr	(hl)
    00000033 23               [ 8]  124 	inc	hl
    00000034 CB 3E            [16]  125 	srl	(hl)
    00000036 2B               [ 8]  126 	dec	hl
    00000037 CB 1E            [16]  127 	rr	(hl)
                                    128 ;include/collision.h:55: uint16_t my = (uint16_t)world_py >> 4;        // pixel → metatile row
    00000039 59               [ 4]  129 	ld	e, c
    0000003A 50               [ 4]  130 	ld	d, b
    0000003B CB 3A            [ 8]  131 	srl	d
    0000003D CB 1B            [ 8]  132 	rr	e
    0000003F CB 3A            [ 8]  133 	srl	d
    00000041 CB 1B            [ 8]  134 	rr	e
    00000043 CB 3A            [ 8]  135 	srl	d
    00000045 CB 1B            [ 8]  136 	rr	e
    00000047 CB 3A            [ 8]  137 	srl	d
    00000049 CB 1B            [ 8]  138 	rr	e
                                    139 ;include/collision.h:56: if (mx >= map_w || my >= map_h) return COL_ALL; // out of bounds = solid
    0000004B D5               [16]  140 	push	de
    0000004C F8 02            [12]  141 	ldhl	sp,	#2
    0000004E 5D               [ 4]  142 	ld	e, l
    0000004F 54               [ 4]  143 	ld	d, h
    00000050 F8 0A            [12]  144 	ldhl	sp,	#10
    00000052 1A               [ 8]  145 	ld	a, (de)
    00000053 13               [ 8]  146 	inc	de
    00000054 96               [ 8]  147 	sub	a, (hl)
    00000055 23               [ 8]  148 	inc	hl
    00000056 1A               [ 8]  149 	ld	a, (de)
    00000057 9E               [ 8]  150 	sbc	a, (hl)
    00000058 D1               [12]  151 	pop	de
    00000059 30 09            [12]  152 	jr	NC, 00103$
    0000005B F8 0A            [12]  153 	ldhl	sp,	#10
    0000005D 7B               [ 4]  154 	ld	a, e
    0000005E 96               [ 8]  155 	sub	a, (hl)
    0000005F 23               [ 8]  156 	inc	hl
    00000060 7A               [ 4]  157 	ld	a, d
    00000061 9E               [ 8]  158 	sbc	a, (hl)
    00000062 38 04            [12]  159 	jr	C, 00104$
    00000064                        160 00103$:
    00000064 3E 07            [ 8]  161 	ld	a, #0x07
    00000066 18 1E            [12]  162 	jr	00107$
    00000068                        163 00104$:
                                    164 ;include/collision.h:57: return col_of(map[(uint16_t)my * map_w + mx]);
    00000068 F8 08            [12]  165 	ldhl	sp,	#8
    0000006A 2A               [ 8]  166 	ld	a, (hl+)
    0000006B 4F               [ 4]  167 	ld	c, a
    0000006C 46               [ 8]  168 	ld	b, (hl)
    0000006D CDr00r00         [24]  169 	call	__mulint
    00000070 E1               [12]  170 	pop	hl
    00000071 E5               [16]  171 	push	hl
    00000072 09               [ 8]  172 	add	hl, bc
    00000073 4D               [ 4]  173 	ld	c, l
    00000074 44               [ 4]  174 	ld	b, h
    00000075 F8 06            [12]  175 	ldhl	sp,	#6
    00000077 2A               [ 8]  176 	ld	a,	(hl+)
    00000078 66               [ 8]  177 	ld	h, (hl)
    00000079 6F               [ 4]  178 	ld	l, a
    0000007A 09               [ 8]  179 	add	hl, bc
    0000007B 4D               [ 4]  180 	ld	c, l
    0000007C 44               [ 4]  181 	ld	b, h
    0000007D 0A               [ 8]  182 	ld	a, (bc)
    0000007E 4F               [ 4]  183 	ld	c, a
                                    184 ;include/collision.h:40: return famidash_metatile_collision[tile_id];
    0000007F 21r00r00         [12]  185 	ld	hl, #_famidash_metatile_collision
    00000082 06 00            [ 8]  186 	ld	b, #0x00
    00000084 09               [ 8]  187 	add	hl, bc
    00000085 7E               [ 8]  188 	ld	a, (hl)
                                    189 ;include/collision.h:57: return col_of(map[(uint16_t)my * map_w + mx]);
    00000086                        190 00107$:
                                    191 ;include/collision.h:58: }
    00000086 E8 04            [16]  192 	add	sp, #4
    00000088 E1               [12]  193 	pop	hl
    00000089 E8 06            [16]  194 	add	sp, #6
    0000008B E9               [ 4]  195 	jp	(hl)
                                    196 ;include/player.h:25: static inline void player_init(Player *p, uint16_t start_x, int16_t start_y) {
                                    197 ;	---------------------------------
                                    198 ; Function player_init
                                    199 ; ---------------------------------
    0000008C                        200 _player_init:
                                    201 ;include/player.h:26: p->world_x   = start_x;
    0000008C 6B               [ 4]  202 	ld	l, e
    0000008D 62               [ 4]  203 	ld	h, d
    0000008E 79               [ 4]  204 	ld	a, c
    0000008F 22               [ 8]  205 	ld	(hl+), a
    00000090 70               [ 8]  206 	ld	(hl), b
                                    207 ;include/player.h:27: p->world_y   = start_y;
    00000091 4B               [ 4]  208 	ld	c, e
    00000092 42               [ 4]  209 	ld	b, d
    00000093 03               [ 8]  210 	inc	bc
    00000094 03               [ 8]  211 	inc	bc
    00000095 F8 02            [12]  212 	ldhl	sp,	#2
    00000097 2A               [ 8]  213 	ld	a, (hl+)
    00000098 02               [ 8]  214 	ld	(bc), a
    00000099 03               [ 8]  215 	inc	bc
    0000009A 7E               [ 8]  216 	ld	a, (hl)
    0000009B 02               [ 8]  217 	ld	(bc), a
                                    218 ;include/player.h:28: p->vel_y     = 0;
    0000009C 21 04 00         [12]  219 	ld	hl, #0x0004
    0000009F 19               [ 8]  220 	add	hl, de
    000000A0 AF               [ 4]  221 	xor	a, a
    000000A1 22               [ 8]  222 	ld	(hl+), a
    000000A2 77               [ 8]  223 	ld	(hl), a
                                    224 ;include/player.h:29: p->on_ground = 0;
    000000A3 21 06 00         [12]  225 	ld	hl, #0x0006
    000000A6 19               [ 8]  226 	add	hl, de
    000000A7 36 00            [12]  227 	ld	(hl), #0x00
                                    228 ;include/player.h:30: p->dead      = 0;
    000000A9 21 07 00         [12]  229 	ld	hl, #0x0007
    000000AC 19               [ 8]  230 	add	hl, de
    000000AD 36 00            [12]  231 	ld	(hl), #0x00
                                    232 ;include/player.h:31: }
    000000AF E1               [12]  233 	pop	hl
    000000B0 F1               [12]  234 	pop	af
    000000B1 E9               [ 4]  235 	jp	(hl)
                                    236 ;include/player.h:33: static inline uint8_t col_point(
                                    237 ;	---------------------------------
                                    238 ; Function col_point
                                    239 ; ---------------------------------
    000000B2                        240 _col_point:
    000000B2 E8 F8            [16]  241 	add	sp, #-8
    000000B4 F8 06            [12]  242 	ldhl	sp,	#6
    000000B6 7B               [ 4]  243 	ld	a, e
    000000B7 22               [ 8]  244 	ld	(hl+), a
    000000B8 72               [ 8]  245 	ld	(hl), d
                                    246 ;include/player.h:37: return col_at(px, py, map, map_w, map_h);
    000000B9 F8 0C            [12]  247 	ldhl	sp,	#12
    000000BB 7E               [ 8]  248 	ld	a, (hl)
    000000BC F8 00            [12]  249 	ldhl	sp,	#0
    000000BE 77               [ 8]  250 	ld	(hl), a
    000000BF F8 0D            [12]  251 	ldhl	sp,	#13
    000000C1 7E               [ 8]  252 	ld	a, (hl)
    000000C2 F8 01            [12]  253 	ldhl	sp,	#1
    000000C4 77               [ 8]  254 	ld	(hl), a
    000000C5 F8 0A            [12]  255 	ldhl	sp,	#10
    000000C7 7E               [ 8]  256 	ld	a, (hl)
    000000C8 F8 02            [12]  257 	ldhl	sp,	#2
    000000CA 77               [ 8]  258 	ld	(hl), a
    000000CB F8 0B            [12]  259 	ldhl	sp,	#11
    000000CD 7E               [ 8]  260 	ld	a, (hl)
    000000CE F8 03            [12]  261 	ldhl	sp,	#3
    000000D0 77               [ 8]  262 	ld	(hl), a
                                    263 ;include/collision.h:53: if (world_py < 0) return COL_NONE;            // above map = sky
    000000D1 60               [ 4]  264 	ld	h, b
    000000D2 CB 7C            [ 8]  265 	bit	7, h
    000000D4 28 04            [12]  266 	jr	Z, 00102$
    000000D6 0E 00            [ 8]  267 	ld	c, #0x00
    000000D8 18 6E            [12]  268 	jr	00107$
    000000DA                        269 00102$:
                                    270 ;include/collision.h:54: uint16_t mx = world_px >> 4;                  // pixel → metatile col
    000000DA F8 06            [12]  271 	ldhl	sp,	#6
    000000DC 3A               [ 8]  272 	ld	a, (hl-)
    000000DD 2B               [ 8]  273 	dec	hl
    000000DE 77               [ 8]  274 	ld	(hl), a
    000000DF F8 07            [12]  275 	ldhl	sp,	#7
    000000E1 3A               [ 8]  276 	ld	a, (hl-)
    000000E2 2B               [ 8]  277 	dec	hl
    000000E3 77               [ 8]  278 	ld	(hl), a
    000000E4 CB 3E            [16]  279 	srl	(hl)
    000000E6 2B               [ 8]  280 	dec	hl
    000000E7 CB 1E            [16]  281 	rr	(hl)
    000000E9 23               [ 8]  282 	inc	hl
    000000EA CB 3E            [16]  283 	srl	(hl)
    000000EC 2B               [ 8]  284 	dec	hl
    000000ED CB 1E            [16]  285 	rr	(hl)
    000000EF 23               [ 8]  286 	inc	hl
    000000F0 CB 3E            [16]  287 	srl	(hl)
    000000F2 2B               [ 8]  288 	dec	hl
    000000F3 CB 1E            [16]  289 	rr	(hl)
    000000F5 23               [ 8]  290 	inc	hl
    000000F6 CB 3E            [16]  291 	srl	(hl)
    000000F8 2B               [ 8]  292 	dec	hl
    000000F9 CB 1E            [16]  293 	rr	(hl)
                                    294 ;include/collision.h:55: uint16_t my = (uint16_t)world_py >> 4;        // pixel → metatile row
    000000FB 59               [ 4]  295 	ld	e, c
    000000FC 50               [ 4]  296 	ld	d, b
    000000FD CB 3A            [ 8]  297 	srl	d
    000000FF CB 1B            [ 8]  298 	rr	e
    00000101 CB 3A            [ 8]  299 	srl	d
    00000103 CB 1B            [ 8]  300 	rr	e
    00000105 CB 3A            [ 8]  301 	srl	d
    00000107 CB 1B            [ 8]  302 	rr	e
    00000109 CB 3A            [ 8]  303 	srl	d
    0000010B CB 1B            [ 8]  304 	rr	e
                                    305 ;include/collision.h:56: if (mx >= map_w || my >= map_h) return COL_ALL; // out of bounds = solid
    0000010D D5               [16]  306 	push	de
    0000010E F8 06            [12]  307 	ldhl	sp,	#6
    00000110 5D               [ 4]  308 	ld	e, l
    00000111 54               [ 4]  309 	ld	d, h
    00000112 F8 02            [12]  310 	ldhl	sp,	#2
    00000114 1A               [ 8]  311 	ld	a, (de)
    00000115 13               [ 8]  312 	inc	de
    00000116 96               [ 8]  313 	sub	a, (hl)
    00000117 23               [ 8]  314 	inc	hl
    00000118 1A               [ 8]  315 	ld	a, (de)
    00000119 9E               [ 8]  316 	sbc	a, (hl)
    0000011A D1               [12]  317 	pop	de
    0000011B 30 09            [12]  318 	jr	NC, 00104$
    0000011D F8 0E            [12]  319 	ldhl	sp,	#14
    0000011F 7B               [ 4]  320 	ld	a, e
    00000120 96               [ 8]  321 	sub	a, (hl)
    00000121 23               [ 8]  322 	inc	hl
    00000122 7A               [ 4]  323 	ld	a, d
    00000123 9E               [ 8]  324 	sbc	a, (hl)
    00000124 38 04            [12]  325 	jr	C, 00105$
    00000126                        326 00104$:
    00000126 0E 07            [ 8]  327 	ld	c, #0x07
    00000128 18 1E            [12]  328 	jr	00107$
    0000012A                        329 00105$:
                                    330 ;include/collision.h:57: return col_of(map[(uint16_t)my * map_w + mx]);
    0000012A C1               [12]  331 	pop	bc
    0000012B C5               [16]  332 	push	bc
    0000012C CDr00r00         [24]  333 	call	__mulint
    0000012F F8 04            [12]  334 	ldhl	sp,	#4
    00000131 2A               [ 8]  335 	ld	a,	(hl+)
    00000132 66               [ 8]  336 	ld	h, (hl)
    00000133 6F               [ 4]  337 	ld	l, a
    00000134 09               [ 8]  338 	add	hl, bc
    00000135 4D               [ 4]  339 	ld	c, l
    00000136 44               [ 4]  340 	ld	b, h
    00000137 F8 02            [12]  341 	ldhl	sp,	#2
    00000139 2A               [ 8]  342 	ld	a,	(hl+)
    0000013A 66               [ 8]  343 	ld	h, (hl)
    0000013B 6F               [ 4]  344 	ld	l, a
    0000013C 09               [ 8]  345 	add	hl, bc
    0000013D 4D               [ 4]  346 	ld	c, l
    0000013E 44               [ 4]  347 	ld	b, h
    0000013F 0A               [ 8]  348 	ld	a, (bc)
    00000140 4F               [ 4]  349 	ld	c, a
                                    350 ;include/collision.h:40: return famidash_metatile_collision[tile_id];
    00000141 21r00r00         [12]  351 	ld	hl, #_famidash_metatile_collision
    00000144 06 00            [ 8]  352 	ld	b, #0x00
    00000146 09               [ 8]  353 	add	hl, bc
    00000147 4E               [ 8]  354 	ld	c, (hl)
                                    355 ;include/player.h:37: return col_at(px, py, map, map_w, map_h);
    00000148                        356 00107$:
    00000148 79               [ 4]  357 	ld	a, c
                                    358 ;include/player.h:38: }
    00000149 E8 08            [16]  359 	add	sp, #8
    0000014B E1               [12]  360 	pop	hl
    0000014C E8 06            [16]  361 	add	sp, #6
    0000014E E9               [ 4]  362 	jp	(hl)
                                    363 ;include/player.h:40: static inline uint8_t player_update(
                                    364 ;	---------------------------------
                                    365 ; Function player_update
                                    366 ; ---------------------------------
    0000014F                        367 _player_update:
    0000014F E8 D7            [16]  368 	add	sp, #-41
    00000151 F8 26            [12]  369 	ldhl	sp,	#38
    00000153 73               [ 8]  370 	ld	(hl), e
    00000154 23               [ 8]  371 	inc	hl
    00000155 72               [ 8]  372 	ld	(hl), d
    00000156 2B               [ 8]  373 	dec	hl
    00000157 2B               [ 8]  374 	dec	hl
                                    375 ;include/player.h:47: if (p->dead) return 1;
    00000158 22               [ 8]  376 	ld	(hl+), a
    00000159 2A               [ 8]  377 	ld	a, (hl+)
    0000015A 5F               [ 4]  378 	ld	e, a
    0000015B 56               [ 8]  379 	ld	d, (hl)
    0000015C 21 07 00         [12]  380 	ld	hl, #0x0007
    0000015F 19               [ 8]  381 	add	hl, de
    00000160 E5               [16]  382 	push	hl
    00000161 7D               [ 4]  383 	ld	a, l
    00000162 F8 06            [12]  384 	ldhl	sp,	#6
    00000164 77               [ 8]  385 	ld	(hl), a
    00000165 E1               [12]  386 	pop	hl
    00000166 7C               [ 4]  387 	ld	a, h
    00000167 F8 05            [12]  388 	ldhl	sp,	#5
    00000169 32               [ 8]  389 	ld	(hl-), a
    0000016A 2A               [ 8]  390 	ld	a, (hl+)
    0000016B 5F               [ 4]  391 	ld	e, a
    0000016C 56               [ 8]  392 	ld	d, (hl)
    0000016D 1A               [ 8]  393 	ld	a, (de)
    0000016E F8 28            [12]  394 	ldhl	sp,	#40
    00000170 77               [ 8]  395 	ld	(hl), a
    00000171 B7               [ 4]  396 	or	a, a
    00000172 28 05            [12]  397 	jr	Z, 00102$
    00000174 3E 01            [ 8]  398 	ld	a, #0x01
    00000176 C3rD3r10         [16]  399 	jp	00377$
    00000179                        400 00102$:
                                    401 ;include/player.h:50: if (!p->on_ground) {
    00000179 F8 26            [12]  402 	ldhl	sp,#38
    0000017B 2A               [ 8]  403 	ld	a, (hl+)
    0000017C 5F               [ 4]  404 	ld	e, a
    0000017D 56               [ 8]  405 	ld	d, (hl)
    0000017E 21 06 00         [12]  406 	ld	hl, #0x0006
    00000181 19               [ 8]  407 	add	hl, de
    00000182 E5               [16]  408 	push	hl
    00000183 7D               [ 4]  409 	ld	a, l
    00000184 F8 08            [12]  410 	ldhl	sp,	#8
    00000186 77               [ 8]  411 	ld	(hl), a
    00000187 E1               [12]  412 	pop	hl
    00000188 7C               [ 4]  413 	ld	a, h
    00000189 F8 07            [12]  414 	ldhl	sp,	#7
    0000018B 32               [ 8]  415 	ld	(hl-), a
    0000018C 2A               [ 8]  416 	ld	a, (hl+)
    0000018D 5F               [ 4]  417 	ld	e, a
    0000018E 56               [ 8]  418 	ld	d, (hl)
    0000018F 1A               [ 8]  419 	ld	a, (de)
    00000190 4F               [ 4]  420 	ld	c, a
                                    421 ;include/player.h:51: p->vel_y += GRAVITY;
    00000191 F8 26            [12]  422 	ldhl	sp,#38
    00000193 2A               [ 8]  423 	ld	a, (hl+)
    00000194 5F               [ 4]  424 	ld	e, a
    00000195 56               [ 8]  425 	ld	d, (hl)
    00000196 21 04 00         [12]  426 	ld	hl, #0x0004
    00000199 19               [ 8]  427 	add	hl, de
    0000019A E5               [16]  428 	push	hl
    0000019B 7D               [ 4]  429 	ld	a, l
    0000019C F8 25            [12]  430 	ldhl	sp,	#37
    0000019E 77               [ 8]  431 	ld	(hl), a
    0000019F E1               [12]  432 	pop	hl
    000001A0 7C               [ 4]  433 	ld	a, h
    000001A1 F8 24            [12]  434 	ldhl	sp,	#36
    000001A3 77               [ 8]  435 	ld	(hl), a
                                    436 ;include/player.h:50: if (!p->on_ground) {
    000001A4 79               [ 4]  437 	ld	a, c
    000001A5 B7               [ 4]  438 	or	a, a
    000001A6 20 41            [12]  439 	jr	NZ, 00106$
                                    440 ;include/player.h:51: p->vel_y += GRAVITY;
    000001A8 2B               [ 8]  441 	dec	hl
    000001A9 2A               [ 8]  442 	ld	a, (hl+)
    000001AA 5F               [ 4]  443 	ld	e, a
    000001AB 56               [ 8]  444 	ld	d, (hl)
    000001AC 1A               [ 8]  445 	ld	a, (de)
    000001AD F8 21            [12]  446 	ldhl	sp,	#33
    000001AF 22               [ 8]  447 	ld	(hl+), a
    000001B0 13               [ 8]  448 	inc	de
    000001B1 1A               [ 8]  449 	ld	a, (de)
    000001B2 32               [ 8]  450 	ld	(hl-), a
    000001B3 2A               [ 8]  451 	ld	a, (hl+)
    000001B4 5F               [ 4]  452 	ld	e, a
    000001B5 56               [ 8]  453 	ld	d, (hl)
    000001B6 21 08 00         [12]  454 	ld	hl, #0x0008
    000001B9 19               [ 8]  455 	add	hl, de
    000001BA 4D               [ 4]  456 	ld	c, l
    000001BB 44               [ 4]  457 	ld	b, h
    000001BC F8 23            [12]  458 	ldhl	sp,	#35
    000001BE 2A               [ 8]  459 	ld	a, (hl+)
    000001BF 66               [ 8]  460 	ld	h, (hl)
    000001C0 6F               [ 4]  461 	ld	l, a
    000001C1 79               [ 4]  462 	ld	a, c
    000001C2 22               [ 8]  463 	ld	(hl+), a
    000001C3 70               [ 8]  464 	ld	(hl), b
                                    465 ;include/player.h:52: if (p->vel_y > MAX_FALL_SPEED) p->vel_y = MAX_FALL_SPEED;
    000001C4 58               [ 4]  466 	ld	e, b
    000001C5 16 00            [ 8]  467 	ld	d, #0x00
    000001C7 3E 50            [ 8]  468 	ld	a, #0x50
    000001C9 B9               [ 4]  469 	cp	a, c
    000001CA 3E 00            [ 8]  470 	ld	a, #0x00
    000001CC 98               [ 4]  471 	sbc	a, b
    000001CD CB 7B            [ 8]  472 	bit	7, e
    000001CF 28 07            [12]  473 	jr	Z, 01111$
    000001D1 CB 7A            [ 8]  474 	bit	7, d
    000001D3 20 08            [12]  475 	jr	NZ, 01112$
    000001D5 BF               [ 4]  476 	cp	a, a
    000001D6 18 05            [12]  477 	jr	01112$
    000001D8                        478 01111$:
    000001D8 CB 7A            [ 8]  479 	bit	7, d
    000001DA 28 01            [12]  480 	jr	Z, 01112$
    000001DC 37               [ 4]  481 	scf
    000001DD                        482 01112$:
    000001DD 30 0A            [12]  483 	jr	NC, 00106$
    000001DF F8 23            [12]  484 	ldhl	sp,	#35
    000001E1 2A               [ 8]  485 	ld	a, (hl+)
    000001E2 66               [ 8]  486 	ld	h, (hl)
    000001E3 6F               [ 4]  487 	ld	l, a
    000001E4 3E 50            [ 8]  488 	ld	a, #0x50
    000001E6 22               [ 8]  489 	ld	(hl+), a
    000001E7 36 00            [12]  490 	ld	(hl), #0x00
    000001E9                        491 00106$:
                                    492 ;include/player.h:56: if ((joy & J_A) && p->on_ground) {
    000001E9 E5               [16]  493 	push	hl
    000001EA F8 27            [12]  494 	ldhl	sp,	#39
    000001EC CB 66            [12]  495 	bit	4, (hl)
    000001EE E1               [12]  496 	pop	hl
    000001EF 28 1A            [12]  497 	jr	Z, 00108$
    000001F1 F8 06            [12]  498 	ldhl	sp,#6
    000001F3 2A               [ 8]  499 	ld	a, (hl+)
    000001F4 5F               [ 4]  500 	ld	e, a
    000001F5 56               [ 8]  501 	ld	d, (hl)
    000001F6 1A               [ 8]  502 	ld	a, (de)
    000001F7 B7               [ 4]  503 	or	a, a
    000001F8 28 11            [12]  504 	jr	Z, 00108$
                                    505 ;include/player.h:57: p->vel_y     = JUMP_FORCE;
    000001FA F8 23            [12]  506 	ldhl	sp,	#35
    000001FC 2A               [ 8]  507 	ld	a, (hl+)
    000001FD 66               [ 8]  508 	ld	h, (hl)
    000001FE 6F               [ 4]  509 	ld	l, a
    000001FF 3E AB            [ 8]  510 	ld	a, #0xab
    00000201 22               [ 8]  511 	ld	(hl+), a
    00000202 36 FF            [12]  512 	ld	(hl), #0xff
                                    513 ;include/player.h:58: p->on_ground = 0;
    00000204 F8 06            [12]  514 	ldhl	sp,	#6
    00000206 2A               [ 8]  515 	ld	a, (hl+)
    00000207 66               [ 8]  516 	ld	h, (hl)
    00000208 6F               [ 4]  517 	ld	l, a
    00000209 36 00            [12]  518 	ld	(hl), #0x00
    0000020B                        519 00108$:
                                    520 ;include/player.h:62: int8_t pixels = (int8_t)(p->vel_y >> 4);
    0000020B F8 23            [12]  521 	ldhl	sp,	#35
    0000020D 7E               [ 8]  522 	ld	a, (hl)
    0000020E F8 08            [12]  523 	ldhl	sp,	#8
    00000210 77               [ 8]  524 	ld	(hl), a
    00000211 F8 24            [12]  525 	ldhl	sp,	#36
    00000213 7E               [ 8]  526 	ld	a, (hl)
    00000214 F8 09            [12]  527 	ldhl	sp,	#9
    00000216 77               [ 8]  528 	ld	(hl), a
    00000217 F8 23            [12]  529 	ldhl	sp,#35
    00000219 2A               [ 8]  530 	ld	a, (hl+)
    0000021A 5F               [ 4]  531 	ld	e, a
    0000021B 56               [ 8]  532 	ld	d, (hl)
    0000021C 1A               [ 8]  533 	ld	a, (de)
    0000021D 4F               [ 4]  534 	ld	c, a
    0000021E 13               [ 8]  535 	inc	de
    0000021F 1A               [ 8]  536 	ld	a, (de)
    00000220 47               [ 4]  537 	ld	b, a
    00000221 CB 28            [ 8]  538 	sra	b
    00000223 CB 19            [ 8]  539 	rr	c
    00000225 CB 28            [ 8]  540 	sra	b
    00000227 CB 19            [ 8]  541 	rr	c
    00000229 CB 28            [ 8]  542 	sra	b
    0000022B CB 19            [ 8]  543 	rr	c
    0000022D CB 28            [ 8]  544 	sra	b
    0000022F CB 19            [ 8]  545 	rr	c
    00000231 F8 28            [12]  546 	ldhl	sp,	#40
    00000233 71               [ 8]  547 	ld	(hl), c
                                    548 ;include/player.h:63: int8_t step   = (pixels >= 0) ? 1 : -1;
    00000234 7E               [ 8]  549 	ld	a, (hl)
    00000235 07               [ 4]  550 	rlca
    00000236 E6 01            [ 8]  551 	and	a,#0x01
    00000238 F8 24            [12]  552 	ldhl	sp,	#36
    0000023A 77               [ 8]  553 	ld	(hl), a
    0000023B CB 46            [12]  554 	bit	0, (hl)
    0000023D 3E 01            [ 8]  555 	ld	a, #0x01
    0000023F 28 02            [12]  556 	jr	Z, 00380$
    00000241 3E FF            [ 8]  557 	ld	a, #0xff
    00000243                        558 00380$:
    00000243 F8 0A            [12]  559 	ldhl	sp,	#10
    00000245 77               [ 8]  560 	ld	(hl), a
                                    561 ;include/player.h:64: int8_t steps  = (pixels >= 0) ? pixels : -pixels;
    00000246 F8 24            [12]  562 	ldhl	sp,	#36
    00000248 CB 46            [12]  563 	bit	0, (hl)
    0000024A 28 05            [12]  564 	jr	Z, 00382$
    0000024C AF               [ 4]  565 	xor	a, a
    0000024D F8 28            [12]  566 	ldhl	sp,	#40
    0000024F 96               [ 8]  567 	sub	a, (hl)
    00000250 77               [ 8]  568 	ld	(hl), a
    00000251                        569 00382$:
    00000251 F8 28            [12]  570 	ldhl	sp,	#40
    00000253 7E               [ 8]  571 	ld	a, (hl)
    00000254 F8 0B            [12]  572 	ldhl	sp,	#11
    00000256 77               [ 8]  573 	ld	(hl), a
                                    574 ;include/player.h:65: if (steps > 16) steps = 16;
    00000257 5E               [ 8]  575 	ld	e, (hl)
    00000258 3E 10            [ 8]  576 	ld	a,#0x10
    0000025A 57               [ 4]  577 	ld	d,a
    0000025B 96               [ 8]  578 	sub	a, (hl)
    0000025C CB 7B            [ 8]  579 	bit	7, e
    0000025E 28 07            [12]  580 	jr	Z, 01114$
    00000260 CB 7A            [ 8]  581 	bit	7, d
    00000262 20 08            [12]  582 	jr	NZ, 01115$
    00000264 BF               [ 4]  583 	cp	a, a
    00000265 18 05            [12]  584 	jr	01115$
    00000267                        585 01114$:
    00000267 CB 7A            [ 8]  586 	bit	7, d
    00000269 28 01            [12]  587 	jr	Z, 01115$
    0000026B 37               [ 4]  588 	scf
    0000026C                        589 01115$:
    0000026C 30 04            [12]  590 	jr	NC, 00111$
    0000026E F8 0B            [12]  591 	ldhl	sp,	#11
    00000270 36 10            [12]  592 	ld	(hl), #0x10
    00000272                        593 00111$:
                                    594 ;include/player.h:67: p->on_ground = 0;
    00000272 F8 06            [12]  595 	ldhl	sp,	#6
    00000274 2A               [ 8]  596 	ld	a, (hl+)
    00000275 66               [ 8]  597 	ld	h, (hl)
    00000276 6F               [ 4]  598 	ld	l, a
    00000277 36 00            [12]  599 	ld	(hl), #0x00
                                    600 ;include/player.h:69: for (int8_t i = 0; i < steps; i++) {
    00000279 F8 2F            [12]  601 	ldhl	sp,	#47
    0000027B 7E               [ 8]  602 	ld	a, (hl)
    0000027C F8 0C            [12]  603 	ldhl	sp,	#12
    0000027E 77               [ 8]  604 	ld	(hl), a
    0000027F F8 30            [12]  605 	ldhl	sp,	#48
    00000281 7E               [ 8]  606 	ld	a, (hl)
    00000282 F8 0D            [12]  607 	ldhl	sp,	#13
    00000284 77               [ 8]  608 	ld	(hl), a
    00000285 F8 2D            [12]  609 	ldhl	sp,	#45
    00000287 7E               [ 8]  610 	ld	a, (hl)
    00000288 F8 0E            [12]  611 	ldhl	sp,	#14
    0000028A 77               [ 8]  612 	ld	(hl), a
    0000028B F8 2E            [12]  613 	ldhl	sp,	#46
    0000028D 7E               [ 8]  614 	ld	a, (hl)
    0000028E F8 0F            [12]  615 	ldhl	sp,	#15
    00000290 77               [ 8]  616 	ld	(hl), a
    00000291 F8 2B            [12]  617 	ldhl	sp,	#43
    00000293 7E               [ 8]  618 	ld	a, (hl)
    00000294 F8 10            [12]  619 	ldhl	sp,	#16
    00000296 77               [ 8]  620 	ld	(hl), a
    00000297 F8 2C            [12]  621 	ldhl	sp,	#44
    00000299 7E               [ 8]  622 	ld	a, (hl)
    0000029A F8 11            [12]  623 	ldhl	sp,	#17
    0000029C 77               [ 8]  624 	ld	(hl), a
    0000029D F8 0A            [12]  625 	ldhl	sp,	#10
    0000029F 5E               [ 8]  626 	ld	e, (hl)
    000002A0 AF               [ 4]  627 	xor	a, a
    000002A1 57               [ 4]  628 	ld	d, a
    000002A2 96               [ 8]  629 	sub	a, (hl)
    000002A3 CB 7B            [ 8]  630 	bit	7, e
    000002A5 28 07            [12]  631 	jr	Z, 01116$
    000002A7 CB 7A            [ 8]  632 	bit	7, d
    000002A9 20 08            [12]  633 	jr	NZ, 01117$
    000002AB BF               [ 4]  634 	cp	a, a
    000002AC 18 05            [12]  635 	jr	01117$
    000002AE                        636 01116$:
    000002AE CB 7A            [ 8]  637 	bit	7, d
    000002B0 28 01            [12]  638 	jr	Z, 01117$
    000002B2 37               [ 4]  639 	scf
    000002B3                        640 01117$:
    000002B3 3E 00            [ 8]  641 	ld	a, #0x00
    000002B5 17               [ 4]  642 	rla
    000002B6 F8 12            [12]  643 	ldhl	sp,	#18
    000002B8 77               [ 8]  644 	ld	(hl), a
    000002B9 F8 0C            [12]  645 	ldhl	sp,	#12
    000002BB 7E               [ 8]  646 	ld	a, (hl)
    000002BC F8 13            [12]  647 	ldhl	sp,	#19
    000002BE 77               [ 8]  648 	ld	(hl), a
    000002BF F8 0D            [12]  649 	ldhl	sp,	#13
    000002C1 7E               [ 8]  650 	ld	a, (hl)
    000002C2 F8 14            [12]  651 	ldhl	sp,	#20
    000002C4 77               [ 8]  652 	ld	(hl), a
    000002C5 F8 0E            [12]  653 	ldhl	sp,	#14
    000002C7 7E               [ 8]  654 	ld	a, (hl)
    000002C8 F8 15            [12]  655 	ldhl	sp,	#21
    000002CA 77               [ 8]  656 	ld	(hl), a
    000002CB F8 0F            [12]  657 	ldhl	sp,	#15
    000002CD 7E               [ 8]  658 	ld	a, (hl)
    000002CE F8 16            [12]  659 	ldhl	sp,	#22
    000002D0 77               [ 8]  660 	ld	(hl), a
    000002D1 F8 10            [12]  661 	ldhl	sp,	#16
    000002D3 7E               [ 8]  662 	ld	a, (hl)
    000002D4 F8 17            [12]  663 	ldhl	sp,	#23
    000002D6 77               [ 8]  664 	ld	(hl), a
    000002D7 F8 11            [12]  665 	ldhl	sp,	#17
    000002D9 7E               [ 8]  666 	ld	a, (hl)
    000002DA F8 18            [12]  667 	ldhl	sp,	#24
    000002DC 77               [ 8]  668 	ld	(hl), a
    000002DD F8 28            [12]  669 	ldhl	sp,	#40
    000002DF 36 00            [12]  670 	ld	(hl), #0x00
    000002E1                        671 00375$:
                                    672 ;include/player.h:70: int16_t ny = p->world_y + step;
    000002E1 F8 26            [12]  673 	ldhl	sp,#38
    000002E3 2A               [ 8]  674 	ld	a, (hl+)
    000002E4 5F               [ 4]  675 	ld	e, a
    000002E5 56               [ 8]  676 	ld	d, (hl)
    000002E6 21 02 00         [12]  677 	ld	hl, #0x0002
    000002E9 19               [ 8]  678 	add	hl, de
    000002EA E5               [16]  679 	push	hl
    000002EB 7D               [ 4]  680 	ld	a, l
    000002EC F8 1B            [12]  681 	ldhl	sp,	#27
    000002EE 77               [ 8]  682 	ld	(hl), a
    000002EF E1               [12]  683 	pop	hl
    000002F0 7C               [ 4]  684 	ld	a, h
    000002F1 F8 1A            [12]  685 	ldhl	sp,	#26
    000002F3 77               [ 8]  686 	ld	(hl), a
                                    687 ;include/player.h:74: uint8_t cl = col_point(p->world_x,               ny + PLAYER_SIZE, map, map_w, map_h);
    000002F4 F8 26            [12]  688 	ldhl	sp,	#38
    000002F6 7E               [ 8]  689 	ld	a, (hl)
    000002F7 F8 1B            [12]  690 	ldhl	sp,	#27
    000002F9 77               [ 8]  691 	ld	(hl), a
    000002FA F8 27            [12]  692 	ldhl	sp,	#39
    000002FC 7E               [ 8]  693 	ld	a, (hl)
    000002FD F8 1C            [12]  694 	ldhl	sp,	#28
    000002FF 77               [ 8]  695 	ld	(hl), a
                                    696 ;include/player.h:69: for (int8_t i = 0; i < steps; i++) {
    00000300 F8 0B            [12]  697 	ldhl	sp,	#11
    00000302 5E               [ 8]  698 	ld	e, (hl)
    00000303 F8 28            [12]  699 	ldhl	sp,	#40
    00000305 7E               [ 8]  700 	ld	a,(hl)
    00000306 57               [ 4]  701 	ld	d,a
    00000307 F8 0B            [12]  702 	ldhl	sp,	#11
    00000309 96               [ 8]  703 	sub	a, (hl)
    0000030A CB 7B            [ 8]  704 	bit	7, e
    0000030C 28 07            [12]  705 	jr	Z, 01118$
    0000030E CB 7A            [ 8]  706 	bit	7, d
    00000310 20 08            [12]  707 	jr	NZ, 01119$
    00000312 BF               [ 4]  708 	cp	a, a
    00000313 18 05            [12]  709 	jr	01119$
    00000315                        710 01118$:
    00000315 CB 7A            [ 8]  711 	bit	7, d
    00000317 28 01            [12]  712 	jr	Z, 01119$
    00000319 37               [ 4]  713 	scf
    0000031A                        714 01119$:
    0000031A D2r7Er06         [16]  715 	jp	NC, 00133$
                                    716 ;include/player.h:70: int16_t ny = p->world_y + step;
    0000031D F8 19            [12]  717 	ldhl	sp,#25
    0000031F 2A               [ 8]  718 	ld	a, (hl+)
    00000320 5F               [ 4]  719 	ld	e, a
    00000321 56               [ 8]  720 	ld	d, (hl)
    00000322 1A               [ 8]  721 	ld	a, (de)
    00000323 4F               [ 4]  722 	ld	c, a
    00000324 13               [ 8]  723 	inc	de
    00000325 1A               [ 8]  724 	ld	a, (de)
    00000326 47               [ 4]  725 	ld	b, a
    00000327 F8 0A            [12]  726 	ldhl	sp,	#10
    00000329 7E               [ 8]  727 	ld	a, (hl)
    0000032A 5F               [ 4]  728 	ld	e, a
    0000032B 07               [ 4]  729 	rlca
    0000032C 9F               [ 4]  730 	sbc	a, a
    0000032D 57               [ 4]  731 	ld	d, a
    0000032E 79               [ 4]  732 	ld	a, c
    0000032F 83               [ 4]  733 	add	a, e
    00000330 4F               [ 4]  734 	ld	c, a
    00000331 78               [ 4]  735 	ld	a, b
    00000332 8A               [ 4]  736 	adc	a, d
    00000333 F8 1D            [12]  737 	ldhl	sp,	#29
    00000335 71               [ 8]  738 	ld	(hl), c
    00000336 23               [ 8]  739 	inc	hl
                                    740 ;include/player.h:74: uint8_t cl = col_point(p->world_x,               ny + PLAYER_SIZE, map, map_w, map_h);
    00000337 32               [ 8]  741 	ld	(hl-), a
    00000338 7E               [ 8]  742 	ld	a, (hl)
    00000339 F8 21            [12]  743 	ldhl	sp,	#33
    0000033B 77               [ 8]  744 	ld	(hl), a
    0000033C F8 1E            [12]  745 	ldhl	sp,	#30
    0000033E 7E               [ 8]  746 	ld	a, (hl)
    0000033F F8 22            [12]  747 	ldhl	sp,	#34
    00000341 77               [ 8]  748 	ld	(hl), a
    00000342 F8 1B            [12]  749 	ldhl	sp,#27
    00000344 2A               [ 8]  750 	ld	a, (hl+)
    00000345 5F               [ 4]  751 	ld	e, a
    00000346 56               [ 8]  752 	ld	d, (hl)
    00000347 1A               [ 8]  753 	ld	a, (de)
    00000348 F8 1F            [12]  754 	ldhl	sp,	#31
    0000034A 22               [ 8]  755 	ld	(hl+), a
    0000034B 13               [ 8]  756 	inc	de
    0000034C 1A               [ 8]  757 	ld	a, (de)
                                    758 ;include/player.h:75: uint8_t cr = col_point(p->world_x + PLAYER_SIZE,  ny + PLAYER_SIZE, map, map_w, map_h);
    0000034D 32               [ 8]  759 	ld	(hl-), a
    0000034E 2A               [ 8]  760 	ld	a, (hl+)
    0000034F 46               [ 8]  761 	ld	b, (hl)
    00000350 C6 0F            [ 8]  762 	add	a, #0x0f
    00000352 4F               [ 4]  763 	ld	c, a
    00000353 78               [ 4]  764 	ld	a, b
    00000354 CE 00            [ 8]  765 	adc	a, #0x00
    00000356 F8 23            [12]  766 	ldhl	sp,	#35
    00000358 71               [ 8]  767 	ld	(hl), c
    00000359 23               [ 8]  768 	inc	hl
    0000035A 77               [ 8]  769 	ld	(hl), a
                                    770 ;include/player.h:72: if (step > 0) {
    0000035B F8 12            [12]  771 	ldhl	sp,	#18
    0000035D 7E               [ 8]  772 	ld	a, (hl)
    0000035E B7               [ 4]  773 	or	a, a
    0000035F CArDFr04         [16]  774 	jp	Z, 00131$
                                    775 ;include/player.h:74: uint8_t cl = col_point(p->world_x,               ny + PLAYER_SIZE, map, map_w, map_h);
    00000362 F8 21            [12]  776 	ldhl	sp,#33
    00000364 2A               [ 8]  777 	ld	a, (hl+)
    00000365 5F               [ 4]  778 	ld	e, a
    00000366 56               [ 8]  779 	ld	d, (hl)
    00000367 21 0F 00         [12]  780 	ld	hl, #0x000f
    0000036A 19               [ 8]  781 	add	hl, de
    0000036B E5               [16]  782 	push	hl
    0000036C 7D               [ 4]  783 	ld	a, l
    0000036D F8 04            [12]  784 	ldhl	sp,	#4
    0000036F 77               [ 8]  785 	ld	(hl), a
    00000370 E1               [12]  786 	pop	hl
    00000371 7C               [ 4]  787 	ld	a, h
    00000372 F8 03            [12]  788 	ldhl	sp,	#3
    00000374 32               [ 8]  789 	ld	(hl-), a
    00000375 7E               [ 8]  790 	ld	a, (hl)
    00000376 F8 21            [12]  791 	ldhl	sp,	#33
    00000378 77               [ 8]  792 	ld	(hl), a
    00000379 F8 03            [12]  793 	ldhl	sp,	#3
    0000037B 7E               [ 8]  794 	ld	a, (hl)
    0000037C F8 22            [12]  795 	ldhl	sp,	#34
    0000037E 32               [ 8]  796 	ld	(hl-), a
    0000037F 2A               [ 8]  797 	ld	a, (hl+)
    00000380 4F               [ 4]  798 	ld	c, a
    00000381 46               [ 8]  799 	ld	b, (hl)
    00000382 60               [ 4]  800 	ld	h, b
    00000383 CB 7C            [ 8]  801 	bit	7, h
    00000385 28 03            [12]  802 	jr	Z, 00167$
    00000387 AF               [ 4]  803 	xor	a, a
    00000388 18 69            [12]  804 	jr	00172$
    0000038A                        805 00167$:
                                    806 ;include/collision.h:54: uint16_t mx = world_px >> 4;                  // pixel → metatile col
    0000038A F8 20            [12]  807 	ldhl	sp,	#32
    0000038C CB 3E            [16]  808 	srl	(hl)
    0000038E 2B               [ 8]  809 	dec	hl
    0000038F CB 1E            [16]  810 	rr	(hl)
    00000391 23               [ 8]  811 	inc	hl
    00000392 CB 3E            [16]  812 	srl	(hl)
    00000394 2B               [ 8]  813 	dec	hl
    00000395 CB 1E            [16]  814 	rr	(hl)
    00000397 23               [ 8]  815 	inc	hl
    00000398 CB 3E            [16]  816 	srl	(hl)
    0000039A 2B               [ 8]  817 	dec	hl
    0000039B CB 1E            [16]  818 	rr	(hl)
    0000039D 23               [ 8]  819 	inc	hl
    0000039E CB 3E            [16]  820 	srl	(hl)
    000003A0 2B               [ 8]  821 	dec	hl
    000003A1 CB 1E            [16]  822 	rr	(hl)
                                    823 ;include/collision.h:55: uint16_t my = (uint16_t)world_py >> 4;        // pixel → metatile row
    000003A3 59               [ 4]  824 	ld	e, c
    000003A4 50               [ 4]  825 	ld	d, b
    000003A5 CB 3A            [ 8]  826 	srl	d
    000003A7 CB 1B            [ 8]  827 	rr	e
    000003A9 CB 3A            [ 8]  828 	srl	d
    000003AB CB 1B            [ 8]  829 	rr	e
    000003AD CB 3A            [ 8]  830 	srl	d
    000003AF CB 1B            [ 8]  831 	rr	e
    000003B1 CB 3A            [ 8]  832 	srl	d
    000003B3 CB 1B            [ 8]  833 	rr	e
                                    834 ;include/player.h:74: uint8_t cl = col_point(p->world_x,               ny + PLAYER_SIZE, map, map_w, map_h);
    000003B5 D5               [16]  835 	push	de
    000003B6 F8 21            [12]  836 	ldhl	sp,	#33
    000003B8 5D               [ 4]  837 	ld	e, l
    000003B9 54               [ 4]  838 	ld	d, h
    000003BA F8 10            [12]  839 	ldhl	sp,	#16
    000003BC 1A               [ 8]  840 	ld	a, (de)
    000003BD 13               [ 8]  841 	inc	de
    000003BE 96               [ 8]  842 	sub	a, (hl)
    000003BF 23               [ 8]  843 	inc	hl
    000003C0 1A               [ 8]  844 	ld	a, (de)
    000003C1 9E               [ 8]  845 	sbc	a, (hl)
    000003C2 D1               [12]  846 	pop	de
    000003C3 30 09            [12]  847 	jr	NC, 00169$
    000003C5 F8 0C            [12]  848 	ldhl	sp,	#12
    000003C7 7B               [ 4]  849 	ld	a, e
    000003C8 96               [ 8]  850 	sub	a, (hl)
    000003C9 23               [ 8]  851 	inc	hl
    000003CA 7A               [ 4]  852 	ld	a, d
    000003CB 9E               [ 8]  853 	sbc	a, (hl)
    000003CC 38 04            [12]  854 	jr	C, 00170$
    000003CE                        855 00169$:
    000003CE 3E 07            [ 8]  856 	ld	a, #0x07
    000003D0 18 21            [12]  857 	jr	00172$
    000003D2                        858 00170$:
    000003D2 F8 0E            [12]  859 	ldhl	sp,	#14
    000003D4 2A               [ 8]  860 	ld	a, (hl+)
    000003D5 4F               [ 4]  861 	ld	c, a
    000003D6 46               [ 8]  862 	ld	b, (hl)
    000003D7 CDr00r00         [24]  863 	call	__mulint
    000003DA F8 1F            [12]  864 	ldhl	sp,	#31
    000003DC 2A               [ 8]  865 	ld	a,	(hl+)
    000003DD 66               [ 8]  866 	ld	h, (hl)
    000003DE 6F               [ 4]  867 	ld	l, a
    000003DF 09               [ 8]  868 	add	hl, bc
    000003E0 4D               [ 4]  869 	ld	c, l
    000003E1 44               [ 4]  870 	ld	b, h
    000003E2 F8 10            [12]  871 	ldhl	sp,	#16
    000003E4 2A               [ 8]  872 	ld	a,	(hl+)
    000003E5 66               [ 8]  873 	ld	h, (hl)
    000003E6 6F               [ 4]  874 	ld	l, a
    000003E7 09               [ 8]  875 	add	hl, bc
    000003E8 4D               [ 4]  876 	ld	c, l
    000003E9 44               [ 4]  877 	ld	b, h
    000003EA 0A               [ 8]  878 	ld	a, (bc)
    000003EB 6F               [ 4]  879 	ld	l, a
    000003EC 26 00            [ 8]  880 	ld	h, #0x00
    000003EE 11r00r00         [12]  881 	ld	de, #_famidash_metatile_collision
    000003F1 19               [ 8]  882 	add	hl, de
    000003F2 7E               [ 8]  883 	ld	a, (hl)
    000003F3                        884 00172$:
    000003F3 F8 20            [12]  885 	ldhl	sp,	#32
                                    886 ;include/player.h:75: uint8_t cr = col_point(p->world_x + PLAYER_SIZE,  ny + PLAYER_SIZE, map, map_w, map_h);
    000003F5 22               [ 8]  887 	ld	(hl+), a
    000003F6 2A               [ 8]  888 	ld	a, (hl+)
    000003F7 CB 7E            [12]  889 	bit	7, (hl)
    000003F9 28 06            [12]  890 	jr	Z, 00175$
    000003FB 23               [ 8]  891 	inc	hl
    000003FC 23               [ 8]  892 	inc	hl
    000003FD 36 00            [12]  893 	ld	(hl), #0x00
    000003FF 18 7C            [12]  894 	jr	00180$
    00000401                        895 00175$:
                                    896 ;include/collision.h:54: uint16_t mx = world_px >> 4;                  // pixel → metatile col
    00000401 F8 24            [12]  897 	ldhl	sp,	#36
    00000403 CB 3E            [16]  898 	srl	(hl)
    00000405 2B               [ 8]  899 	dec	hl
    00000406 CB 1E            [16]  900 	rr	(hl)
    00000408 23               [ 8]  901 	inc	hl
    00000409 CB 3E            [16]  902 	srl	(hl)
    0000040B 2B               [ 8]  903 	dec	hl
    0000040C CB 1E            [16]  904 	rr	(hl)
    0000040E 23               [ 8]  905 	inc	hl
    0000040F CB 3E            [16]  906 	srl	(hl)
    00000411 2B               [ 8]  907 	dec	hl
    00000412 CB 1E            [16]  908 	rr	(hl)
    00000414 23               [ 8]  909 	inc	hl
    00000415 CB 3E            [16]  910 	srl	(hl)
    00000417 2B               [ 8]  911 	dec	hl
    00000418 CB 1E            [16]  912 	rr	(hl)
                                    913 ;include/collision.h:55: uint16_t my = (uint16_t)world_py >> 4;        // pixel → metatile row
    0000041A 2B               [ 8]  914 	dec	hl
    0000041B CB 3E            [16]  915 	srl	(hl)
    0000041D 2B               [ 8]  916 	dec	hl
    0000041E CB 1E            [16]  917 	rr	(hl)
    00000420 23               [ 8]  918 	inc	hl
    00000421 CB 3E            [16]  919 	srl	(hl)
    00000423 2B               [ 8]  920 	dec	hl
    00000424 CB 1E            [16]  921 	rr	(hl)
    00000426 23               [ 8]  922 	inc	hl
    00000427 CB 3E            [16]  923 	srl	(hl)
    00000429 2B               [ 8]  924 	dec	hl
    0000042A CB 1E            [16]  925 	rr	(hl)
    0000042C 23               [ 8]  926 	inc	hl
    0000042D CB 3E            [16]  927 	srl	(hl)
    0000042F 2B               [ 8]  928 	dec	hl
    00000430 CB 1E            [16]  929 	rr	(hl)
                                    930 ;include/player.h:75: uint8_t cr = col_point(p->world_x + PLAYER_SIZE,  ny + PLAYER_SIZE, map, map_w, map_h);
    00000432 F8 23            [12]  931 	ldhl	sp,	#35
    00000434 5D               [ 4]  932 	ld	e, l
    00000435 54               [ 4]  933 	ld	d, h
    00000436 F8 0E            [12]  934 	ldhl	sp,	#14
    00000438 1A               [ 8]  935 	ld	a, (de)
    00000439 13               [ 8]  936 	inc	de
    0000043A 96               [ 8]  937 	sub	a, (hl)
    0000043B 23               [ 8]  938 	inc	hl
    0000043C 1A               [ 8]  939 	ld	a, (de)
    0000043D 9E               [ 8]  940 	sbc	a, (hl)
    0000043E 30 0E            [12]  941 	jr	NC, 00177$
    00000440 F8 21            [12]  942 	ldhl	sp,	#33
    00000442 5D               [ 4]  943 	ld	e, l
    00000443 54               [ 4]  944 	ld	d, h
    00000444 F8 0C            [12]  945 	ldhl	sp,	#12
    00000446 1A               [ 8]  946 	ld	a, (de)
    00000447 13               [ 8]  947 	inc	de
    00000448 96               [ 8]  948 	sub	a, (hl)
    00000449 23               [ 8]  949 	inc	hl
    0000044A 1A               [ 8]  950 	ld	a, (de)
    0000044B 9E               [ 8]  951 	sbc	a, (hl)
    0000044C 38 06            [12]  952 	jr	C, 00178$
    0000044E                        953 00177$:
    0000044E F8 24            [12]  954 	ldhl	sp,	#36
    00000450 36 07            [12]  955 	ld	(hl), #0x07
    00000452 18 29            [12]  956 	jr	00180$
    00000454                        957 00178$:
    00000454 F8 0E            [12]  958 	ldhl	sp,	#14
    00000456 2A               [ 8]  959 	ld	a, (hl+)
    00000457 4F               [ 4]  960 	ld	c, a
    00000458 46               [ 8]  961 	ld	b, (hl)
    00000459 F8 21            [12]  962 	ldhl	sp,	#33
    0000045B 2A               [ 8]  963 	ld	a, (hl+)
    0000045C 5F               [ 4]  964 	ld	e, a
    0000045D 56               [ 8]  965 	ld	d, (hl)
    0000045E CDr00r00         [24]  966 	call	__mulint
    00000461 F8 23            [12]  967 	ldhl	sp,	#35
    00000463 2A               [ 8]  968 	ld	a,	(hl+)
    00000464 66               [ 8]  969 	ld	h, (hl)
    00000465 6F               [ 4]  970 	ld	l, a
    00000466 09               [ 8]  971 	add	hl, bc
    00000467 4D               [ 4]  972 	ld	c, l
    00000468 44               [ 4]  973 	ld	b, h
    00000469 F8 10            [12]  974 	ldhl	sp,	#16
    0000046B 2A               [ 8]  975 	ld	a,	(hl+)
    0000046C 66               [ 8]  976 	ld	h, (hl)
    0000046D 6F               [ 4]  977 	ld	l, a
    0000046E 09               [ 8]  978 	add	hl, bc
    0000046F 4D               [ 4]  979 	ld	c, l
    00000470 44               [ 4]  980 	ld	b, h
    00000471 0A               [ 8]  981 	ld	a, (bc)
    00000472 6F               [ 4]  982 	ld	l, a
    00000473 26 00            [ 8]  983 	ld	h, #0x00
    00000475 11r00r00         [12]  984 	ld	de, #_famidash_metatile_collision
    00000478 19               [ 8]  985 	add	hl, de
    00000479 7E               [ 8]  986 	ld	a, (hl)
    0000047A F8 24            [12]  987 	ldhl	sp,	#36
    0000047C 77               [ 8]  988 	ld	(hl), a
    0000047D                        989 00180$:
                                    990 ;include/player.h:76: if (IS_SOLID(cl) || IS_SOLID(cr)) {
    0000047D F8 20            [12]  991 	ldhl	sp,	#32
    0000047F 7E               [ 8]  992 	ld	a, (hl)
    00000480 D6 07            [ 8]  993 	sub	a, #0x07
    00000482 28 32            [12]  994 	jr	Z, 00112$
    00000484 F8 20            [12]  995 	ldhl	sp,	#32
    00000486 7E               [ 8]  996 	ld	a, (hl)
    00000487 D6 09            [ 8]  997 	sub	a, #0x09
    00000489 28 2B            [12]  998 	jr	Z, 00112$
    0000048B F8 20            [12]  999 	ldhl	sp,	#32
    0000048D 7E               [ 8] 1000 	ld	a, (hl)
    0000048E D6 05            [ 8] 1001 	sub	a, #0x05
    00000490 28 24            [12] 1002 	jr	Z, 00112$
    00000492 F8 20            [12] 1003 	ldhl	sp,	#32
    00000494 7E               [ 8] 1004 	ld	a, (hl)
    00000495 D6 06            [ 8] 1005 	sub	a, #0x06
    00000497 28 1D            [12] 1006 	jr	Z, 00112$
    00000499 F8 24            [12] 1007 	ldhl	sp,	#36
    0000049B 7E               [ 8] 1008 	ld	a, (hl)
    0000049C D6 07            [ 8] 1009 	sub	a, #0x07
    0000049E 28 16            [12] 1010 	jr	Z, 00112$
    000004A0 F8 24            [12] 1011 	ldhl	sp,	#36
    000004A2 7E               [ 8] 1012 	ld	a, (hl)
    000004A3 D6 09            [ 8] 1013 	sub	a, #0x09
    000004A5 28 0F            [12] 1014 	jr	Z, 00112$
    000004A7 F8 24            [12] 1015 	ldhl	sp,	#36
    000004A9 7E               [ 8] 1016 	ld	a, (hl)
    000004AA D6 05            [ 8] 1017 	sub	a, #0x05
    000004AC 28 08            [12] 1018 	jr	Z, 00112$
    000004AE F8 24            [12] 1019 	ldhl	sp,	#36
    000004B0 7E               [ 8] 1020 	ld	a, (hl)
    000004B1 D6 06            [ 8] 1021 	sub	a, #0x06
    000004B3 C2r6Cr06         [16] 1022 	jp	NZ, 00132$
    000004B6                       1023 00112$:
                                   1024 ;include/player.h:77: p->world_y   = ((ny + PLAYER_SIZE) & ~15) - PLAYER_SIZE - 1;
    000004B6 F8 02            [12] 1025 	ldhl	sp,	#2
    000004B8 2A               [ 8] 1026 	ld	a, (hl+)
    000004B9 E6 F0            [ 8] 1027 	and	a, #0xf0
    000004BB 4F               [ 4] 1028 	ld	c, a
    000004BC 46               [ 8] 1029 	ld	b, (hl)
    000004BD 79               [ 4] 1030 	ld	a, c
    000004BE C6 F0            [ 8] 1031 	add	a, #0xf0
    000004C0 4F               [ 4] 1032 	ld	c, a
    000004C1 78               [ 4] 1033 	ld	a, b
    000004C2 CE FF            [ 8] 1034 	adc	a, #0xff
    000004C4 47               [ 4] 1035 	ld	b, a
    000004C5 F8 19            [12] 1036 	ldhl	sp,	#25
    000004C7 2A               [ 8] 1037 	ld	a, (hl+)
    000004C8 66               [ 8] 1038 	ld	h, (hl)
    000004C9 6F               [ 4] 1039 	ld	l, a
    000004CA 79               [ 4] 1040 	ld	a, c
    000004CB 22               [ 8] 1041 	ld	(hl+), a
    000004CC 70               [ 8] 1042 	ld	(hl), b
                                   1043 ;include/player.h:78: p->vel_y     = 0;
    000004CD F8 08            [12] 1044 	ldhl	sp,	#8
    000004CF 2A               [ 8] 1045 	ld	a, (hl+)
    000004D0 66               [ 8] 1046 	ld	h, (hl)
    000004D1 6F               [ 4] 1047 	ld	l, a
    000004D2 AF               [ 4] 1048 	xor	a, a
    000004D3 22               [ 8] 1049 	ld	(hl+), a
    000004D4 77               [ 8] 1050 	ld	(hl), a
                                   1051 ;include/player.h:79: p->on_ground = 1;
    000004D5 F8 06            [12] 1052 	ldhl	sp,	#6
    000004D7 2A               [ 8] 1053 	ld	a, (hl+)
    000004D8 66               [ 8] 1054 	ld	h, (hl)
    000004D9 6F               [ 4] 1055 	ld	l, a
    000004DA 36 01            [12] 1056 	ld	(hl), #0x01
                                   1057 ;include/player.h:80: break;
    000004DC C3r7Er06         [16] 1058 	jp	00133$
    000004DF                       1059 00131$:
                                   1060 ;include/player.h:84: uint8_t cl = col_point(p->world_x,               ny, map, map_w, map_h);
    000004DF F8 1F            [12] 1061 	ldhl	sp,	#31
    000004E1 7E               [ 8] 1062 	ld	a, (hl)
    000004E2 F8 02            [12] 1063 	ldhl	sp,	#2
    000004E4 77               [ 8] 1064 	ld	(hl), a
    000004E5 F8 20            [12] 1065 	ldhl	sp,	#32
    000004E7 7E               [ 8] 1066 	ld	a, (hl)
    000004E8 F8 03            [12] 1067 	ldhl	sp,	#3
    000004EA 77               [ 8] 1068 	ld	(hl), a
    000004EB F8 22            [12] 1069 	ldhl	sp,	#34
    000004ED 7E               [ 8] 1070 	ld	a, (hl)
    000004EE 07               [ 4] 1071 	rlca
    000004EF E6 01            [ 8] 1072 	and	a,#0x01
    000004F1 F8 1F            [12] 1073 	ldhl	sp,	#31
                                   1074 ;include/collision.h:55: uint16_t my = (uint16_t)world_py >> 4;        // pixel → metatile row
    000004F3 32               [ 8] 1075 	ld	(hl-), a
    000004F4 2B               [ 8] 1076 	dec	hl
    000004F5 2A               [ 8] 1077 	ld	a, (hl+)
    000004F6 4F               [ 4] 1078 	ld	c, a
    000004F7 2A               [ 8] 1079 	ld	a, (hl+)
    000004F8 23               [ 8] 1080 	inc	hl
    000004F9 47               [ 4] 1081 	ld	b, a
    000004FA 79               [ 4] 1082 	ld	a, c
    000004FB 22               [ 8] 1083 	ld	(hl+), a
    000004FC 70               [ 8] 1084 	ld	(hl), b
    000004FD CB 3E            [16] 1085 	srl	(hl)
    000004FF 2B               [ 8] 1086 	dec	hl
    00000500 CB 1E            [16] 1087 	rr	(hl)
    00000502 23               [ 8] 1088 	inc	hl
    00000503 CB 3E            [16] 1089 	srl	(hl)
    00000505 2B               [ 8] 1090 	dec	hl
    00000506 CB 1E            [16] 1091 	rr	(hl)
    00000508 23               [ 8] 1092 	inc	hl
    00000509 CB 3E            [16] 1093 	srl	(hl)
    0000050B 2B               [ 8] 1094 	dec	hl
    0000050C CB 1E            [16] 1095 	rr	(hl)
    0000050E 23               [ 8] 1096 	inc	hl
    0000050F CB 3E            [16] 1097 	srl	(hl)
    00000511 2B               [ 8] 1098 	dec	hl
    00000512 CB 1E            [16] 1099 	rr	(hl)
                                   1100 ;include/player.h:84: uint8_t cl = col_point(p->world_x,               ny, map, map_w, map_h);
    00000514 2B               [ 8] 1101 	dec	hl
    00000515 7E               [ 8] 1102 	ld	a, (hl)
    00000516 B7               [ 4] 1103 	or	a, a
    00000517 28 06            [12] 1104 	jr	Z, 00183$
    00000519 F8 22            [12] 1105 	ldhl	sp,	#34
    0000051B 36 00            [12] 1106 	ld	(hl), #0x00
    0000051D 18 75            [12] 1107 	jr	00188$
    0000051F                       1108 00183$:
                                   1109 ;include/collision.h:54: uint16_t mx = world_px >> 4;                  // pixel → metatile col
    0000051F F8 02            [12] 1110 	ldhl	sp,	#2
    00000521 3A               [ 8] 1111 	ld	a, (hl-)
    00000522 2B               [ 8] 1112 	dec	hl
    00000523 77               [ 8] 1113 	ld	(hl), a
    00000524 F8 03            [12] 1114 	ldhl	sp,	#3
    00000526 3A               [ 8] 1115 	ld	a, (hl-)
    00000527 2B               [ 8] 1116 	dec	hl
    00000528 77               [ 8] 1117 	ld	(hl), a
    00000529 CB 3E            [16] 1118 	srl	(hl)
    0000052B 2B               [ 8] 1119 	dec	hl
    0000052C CB 1E            [16] 1120 	rr	(hl)
    0000052E 23               [ 8] 1121 	inc	hl
    0000052F CB 3E            [16] 1122 	srl	(hl)
    00000531 2B               [ 8] 1123 	dec	hl
    00000532 CB 1E            [16] 1124 	rr	(hl)
    00000534 23               [ 8] 1125 	inc	hl
    00000535 CB 3E            [16] 1126 	srl	(hl)
    00000537 2B               [ 8] 1127 	dec	hl
    00000538 CB 1E            [16] 1128 	rr	(hl)
    0000053A 23               [ 8] 1129 	inc	hl
    0000053B CB 3E            [16] 1130 	srl	(hl)
    0000053D 2B               [ 8] 1131 	dec	hl
    0000053E CB 1E            [16] 1132 	rr	(hl)
                                   1133 ;include/collision.h:55: uint16_t my = (uint16_t)world_py >> 4;        // pixel → metatile row
    00000540 F8 20            [12] 1134 	ldhl	sp,	#32
    00000542 7E               [ 8] 1135 	ld	a, (hl)
    00000543 F8 02            [12] 1136 	ldhl	sp,	#2
    00000545 77               [ 8] 1137 	ld	(hl), a
    00000546 F8 21            [12] 1138 	ldhl	sp,	#33
    00000548 7E               [ 8] 1139 	ld	a, (hl)
    00000549 F8 03            [12] 1140 	ldhl	sp,	#3
    0000054B 77               [ 8] 1141 	ld	(hl), a
                                   1142 ;include/player.h:84: uint8_t cl = col_point(p->world_x,               ny, map, map_w, map_h);
    0000054C F8 00            [12] 1143 	ldhl	sp,	#0
    0000054E 5D               [ 4] 1144 	ld	e, l
    0000054F 54               [ 4] 1145 	ld	d, h
    00000550 F8 15            [12] 1146 	ldhl	sp,	#21
    00000552 1A               [ 8] 1147 	ld	a, (de)
    00000553 13               [ 8] 1148 	inc	de
    00000554 96               [ 8] 1149 	sub	a, (hl)
    00000555 23               [ 8] 1150 	inc	hl
    00000556 1A               [ 8] 1151 	ld	a, (de)
    00000557 9E               [ 8] 1152 	sbc	a, (hl)
    00000558 30 0E            [12] 1153 	jr	NC, 00185$
    0000055A F8 02            [12] 1154 	ldhl	sp,	#2
    0000055C 5D               [ 4] 1155 	ld	e, l
    0000055D 54               [ 4] 1156 	ld	d, h
    0000055E F8 13            [12] 1157 	ldhl	sp,	#19
    00000560 1A               [ 8] 1158 	ld	a, (de)
    00000561 13               [ 8] 1159 	inc	de
    00000562 96               [ 8] 1160 	sub	a, (hl)
    00000563 23               [ 8] 1161 	inc	hl
    00000564 1A               [ 8] 1162 	ld	a, (de)
    00000565 9E               [ 8] 1163 	sbc	a, (hl)
    00000566 38 06            [12] 1164 	jr	C, 00186$
    00000568                       1165 00185$:
    00000568 F8 22            [12] 1166 	ldhl	sp,	#34
    0000056A 36 07            [12] 1167 	ld	(hl), #0x07
    0000056C 18 26            [12] 1168 	jr	00188$
    0000056E                       1169 00186$:
    0000056E F8 15            [12] 1170 	ldhl	sp,	#21
    00000570 2A               [ 8] 1171 	ld	a, (hl+)
    00000571 4F               [ 4] 1172 	ld	c, a
    00000572 46               [ 8] 1173 	ld	b, (hl)
    00000573 F8 02            [12] 1174 	ldhl	sp,	#2
    00000575 2A               [ 8] 1175 	ld	a, (hl+)
    00000576 5F               [ 4] 1176 	ld	e, a
    00000577 56               [ 8] 1177 	ld	d, (hl)
    00000578 CDr00r00         [24] 1178 	call	__mulint
    0000057B E1               [12] 1179 	pop	hl
    0000057C E5               [16] 1180 	push	hl
    0000057D 09               [ 8] 1181 	add	hl, bc
    0000057E 4D               [ 4] 1182 	ld	c, l
    0000057F 44               [ 4] 1183 	ld	b, h
    00000580 F8 17            [12] 1184 	ldhl	sp,	#23
    00000582 2A               [ 8] 1185 	ld	a,	(hl+)
    00000583 66               [ 8] 1186 	ld	h, (hl)
    00000584 6F               [ 4] 1187 	ld	l, a
    00000585 09               [ 8] 1188 	add	hl, bc
    00000586 4D               [ 4] 1189 	ld	c, l
    00000587 44               [ 4] 1190 	ld	b, h
    00000588 0A               [ 8] 1191 	ld	a, (bc)
    00000589 6F               [ 4] 1192 	ld	l, a
    0000058A 26 00            [ 8] 1193 	ld	h, #0x00
    0000058C 11r00r00         [12] 1194 	ld	de, #_famidash_metatile_collision
    0000058F 19               [ 8] 1195 	add	hl, de
    00000590 7E               [ 8] 1196 	ld	a, (hl)
    00000591 F8 22            [12] 1197 	ldhl	sp,	#34
    00000593 77               [ 8] 1198 	ld	(hl), a
    00000594                       1199 00188$:
                                   1200 ;include/player.h:85: uint8_t cr = col_point(p->world_x + PLAYER_SIZE,  ny, map, map_w, map_h);
    00000594 F8 1F            [12] 1201 	ldhl	sp,	#31
    00000596 7E               [ 8] 1202 	ld	a, (hl)
    00000597 B7               [ 4] 1203 	or	a, a
    00000598 28 06            [12] 1204 	jr	Z, 00191$
    0000059A F8 24            [12] 1205 	ldhl	sp,	#36
    0000059C 36 00            [12] 1206 	ld	(hl), #0x00
    0000059E 18 64            [12] 1207 	jr	00196$
    000005A0                       1208 00191$:
                                   1209 ;include/collision.h:54: uint16_t mx = world_px >> 4;                  // pixel → metatile col
    000005A0 F8 24            [12] 1210 	ldhl	sp,	#36
    000005A2 CB 3E            [16] 1211 	srl	(hl)
    000005A4 2B               [ 8] 1212 	dec	hl
    000005A5 CB 1E            [16] 1213 	rr	(hl)
    000005A7 23               [ 8] 1214 	inc	hl
    000005A8 CB 3E            [16] 1215 	srl	(hl)
    000005AA 2B               [ 8] 1216 	dec	hl
    000005AB CB 1E            [16] 1217 	rr	(hl)
    000005AD 23               [ 8] 1218 	inc	hl
    000005AE CB 3E            [16] 1219 	srl	(hl)
    000005B0 2B               [ 8] 1220 	dec	hl
    000005B1 CB 1E            [16] 1221 	rr	(hl)
    000005B3 23               [ 8] 1222 	inc	hl
    000005B4 CB 3E            [16] 1223 	srl	(hl)
    000005B6 2B               [ 8] 1224 	dec	hl
    000005B7 CB 1E            [16] 1225 	rr	(hl)
                                   1226 ;include/collision.h:55: uint16_t my = (uint16_t)world_py >> 4;        // pixel → metatile row
                                   1227 ;include/player.h:85: uint8_t cr = col_point(p->world_x + PLAYER_SIZE,  ny, map, map_w, map_h);
    000005B9 F8 23            [12] 1228 	ldhl	sp,	#35
    000005BB 5D               [ 4] 1229 	ld	e, l
    000005BC 54               [ 4] 1230 	ld	d, h
    000005BD F8 15            [12] 1231 	ldhl	sp,	#21
    000005BF 1A               [ 8] 1232 	ld	a, (de)
    000005C0 13               [ 8] 1233 	inc	de
    000005C1 96               [ 8] 1234 	sub	a, (hl)
    000005C2 23               [ 8] 1235 	inc	hl
    000005C3 1A               [ 8] 1236 	ld	a, (de)
    000005C4 9E               [ 8] 1237 	sbc	a, (hl)
    000005C5 30 0E            [12] 1238 	jr	NC, 00193$
    000005C7 F8 20            [12] 1239 	ldhl	sp,	#32
    000005C9 5D               [ 4] 1240 	ld	e, l
    000005CA 54               [ 4] 1241 	ld	d, h
    000005CB F8 13            [12] 1242 	ldhl	sp,	#19
    000005CD 1A               [ 8] 1243 	ld	a, (de)
    000005CE 13               [ 8] 1244 	inc	de
    000005CF 96               [ 8] 1245 	sub	a, (hl)
    000005D0 23               [ 8] 1246 	inc	hl
    000005D1 1A               [ 8] 1247 	ld	a, (de)
    000005D2 9E               [ 8] 1248 	sbc	a, (hl)
    000005D3 38 06            [12] 1249 	jr	C, 00194$
    000005D5                       1250 00193$:
    000005D5 F8 24            [12] 1251 	ldhl	sp,	#36
    000005D7 36 07            [12] 1252 	ld	(hl), #0x07
    000005D9 18 29            [12] 1253 	jr	00196$
    000005DB                       1254 00194$:
    000005DB F8 15            [12] 1255 	ldhl	sp,	#21
    000005DD 2A               [ 8] 1256 	ld	a, (hl+)
    000005DE 4F               [ 4] 1257 	ld	c, a
    000005DF 46               [ 8] 1258 	ld	b, (hl)
    000005E0 F8 20            [12] 1259 	ldhl	sp,	#32
    000005E2 2A               [ 8] 1260 	ld	a, (hl+)
    000005E3 5F               [ 4] 1261 	ld	e, a
    000005E4 56               [ 8] 1262 	ld	d, (hl)
    000005E5 CDr00r00         [24] 1263 	call	__mulint
    000005E8 F8 23            [12] 1264 	ldhl	sp,	#35
    000005EA 2A               [ 8] 1265 	ld	a,	(hl+)
    000005EB 66               [ 8] 1266 	ld	h, (hl)
    000005EC 6F               [ 4] 1267 	ld	l, a
    000005ED 09               [ 8] 1268 	add	hl, bc
    000005EE 4D               [ 4] 1269 	ld	c, l
    000005EF 44               [ 4] 1270 	ld	b, h
    000005F0 F8 17            [12] 1271 	ldhl	sp,	#23
    000005F2 2A               [ 8] 1272 	ld	a,	(hl+)
    000005F3 66               [ 8] 1273 	ld	h, (hl)
    000005F4 6F               [ 4] 1274 	ld	l, a
    000005F5 09               [ 8] 1275 	add	hl, bc
    000005F6 4D               [ 4] 1276 	ld	c, l
    000005F7 44               [ 4] 1277 	ld	b, h
    000005F8 0A               [ 8] 1278 	ld	a, (bc)
    000005F9 6F               [ 4] 1279 	ld	l, a
    000005FA 26 00            [ 8] 1280 	ld	h, #0x00
    000005FC 11r00r00         [12] 1281 	ld	de, #_famidash_metatile_collision
    000005FF 19               [ 8] 1282 	add	hl, de
    00000600 7E               [ 8] 1283 	ld	a, (hl)
    00000601 F8 24            [12] 1284 	ldhl	sp,	#36
    00000603 77               [ 8] 1285 	ld	(hl), a
    00000604                       1286 00196$:
                                   1287 ;include/player.h:86: if (IS_SOLID(cl) || IS_SOLID(cr)) {
    00000604 F8 22            [12] 1288 	ldhl	sp,	#34
    00000606 7E               [ 8] 1289 	ld	a, (hl)
    00000607 D6 07            [ 8] 1290 	sub	a, #0x07
    00000609 28 31            [12] 1291 	jr	Z, 00121$
    0000060B F8 22            [12] 1292 	ldhl	sp,	#34
    0000060D 7E               [ 8] 1293 	ld	a, (hl)
    0000060E D6 09            [ 8] 1294 	sub	a, #0x09
    00000610 28 2A            [12] 1295 	jr	Z, 00121$
    00000612 F8 22            [12] 1296 	ldhl	sp,	#34
    00000614 7E               [ 8] 1297 	ld	a, (hl)
    00000615 D6 05            [ 8] 1298 	sub	a, #0x05
    00000617 28 23            [12] 1299 	jr	Z, 00121$
    00000619 F8 22            [12] 1300 	ldhl	sp,	#34
    0000061B 7E               [ 8] 1301 	ld	a, (hl)
    0000061C D6 06            [ 8] 1302 	sub	a, #0x06
    0000061E 28 1C            [12] 1303 	jr	Z, 00121$
    00000620 F8 24            [12] 1304 	ldhl	sp,	#36
    00000622 7E               [ 8] 1305 	ld	a, (hl)
    00000623 D6 07            [ 8] 1306 	sub	a, #0x07
    00000625 28 15            [12] 1307 	jr	Z, 00121$
    00000627 F8 24            [12] 1308 	ldhl	sp,	#36
    00000629 7E               [ 8] 1309 	ld	a, (hl)
    0000062A D6 09            [ 8] 1310 	sub	a, #0x09
    0000062C 28 0E            [12] 1311 	jr	Z, 00121$
    0000062E F8 24            [12] 1312 	ldhl	sp,	#36
    00000630 7E               [ 8] 1313 	ld	a, (hl)
    00000631 D6 05            [ 8] 1314 	sub	a, #0x05
    00000633 28 07            [12] 1315 	jr	Z, 00121$
    00000635 F8 24            [12] 1316 	ldhl	sp,	#36
    00000637 7E               [ 8] 1317 	ld	a, (hl)
    00000638 D6 06            [ 8] 1318 	sub	a, #0x06
    0000063A 20 30            [12] 1319 	jr	NZ, 00132$
    0000063C                       1320 00121$:
                                   1321 ;include/player.h:87: p->world_y = ((ny >> 4) + 1) << 4;
    0000063C F8 1D            [12] 1322 	ldhl	sp,#29
    0000063E 2A               [ 8] 1323 	ld	a, (hl+)
    0000063F 4F               [ 4] 1324 	ld	c, a
    00000640 46               [ 8] 1325 	ld	b, (hl)
    00000641 CB 28            [ 8] 1326 	sra	b
    00000643 CB 19            [ 8] 1327 	rr	c
    00000645 CB 28            [ 8] 1328 	sra	b
    00000647 CB 19            [ 8] 1329 	rr	c
    00000649 CB 28            [ 8] 1330 	sra	b
    0000064B CB 19            [ 8] 1331 	rr	c
    0000064D CB 28            [ 8] 1332 	sra	b
    0000064F CB 19            [ 8] 1333 	rr	c
    00000651 69               [ 4] 1334 	ld	l, c
    00000652 60               [ 4] 1335 	ld	h, b
    00000653 23               [ 8] 1336 	inc	hl
    00000654 29               [ 8] 1337 	add	hl, hl
    00000655 29               [ 8] 1338 	add	hl, hl
    00000656 29               [ 8] 1339 	add	hl, hl
    00000657 29               [ 8] 1340 	add	hl, hl
    00000658 4D               [ 4] 1341 	ld	c, l
    00000659 44               [ 4] 1342 	ld	b, h
    0000065A F8 19            [12] 1343 	ldhl	sp,	#25
    0000065C 2A               [ 8] 1344 	ld	a, (hl+)
    0000065D 66               [ 8] 1345 	ld	h, (hl)
    0000065E 6F               [ 4] 1346 	ld	l, a
    0000065F 79               [ 4] 1347 	ld	a, c
    00000660 22               [ 8] 1348 	ld	(hl+), a
    00000661 70               [ 8] 1349 	ld	(hl), b
                                   1350 ;include/player.h:88: p->vel_y   = 0;
    00000662 F8 08            [12] 1351 	ldhl	sp,	#8
    00000664 2A               [ 8] 1352 	ld	a, (hl+)
    00000665 66               [ 8] 1353 	ld	h, (hl)
    00000666 6F               [ 4] 1354 	ld	l, a
    00000667 AF               [ 4] 1355 	xor	a, a
    00000668 22               [ 8] 1356 	ld	(hl+), a
    00000669 77               [ 8] 1357 	ld	(hl), a
                                   1358 ;include/player.h:89: break;
    0000066A 18 12            [12] 1359 	jr	00133$
    0000066C                       1360 00132$:
                                   1361 ;include/player.h:92: p->world_y = ny;
    0000066C F8 19            [12] 1362 	ldhl	sp,	#25
    0000066E 2A               [ 8] 1363 	ld	a, (hl+)
    0000066F 5F               [ 4] 1364 	ld	e, a
    00000670 56               [ 8] 1365 	ld	d, (hl)
    00000671 F8 1D            [12] 1366 	ldhl	sp,	#29
    00000673 2A               [ 8] 1367 	ld	a, (hl+)
    00000674 12               [ 8] 1368 	ld	(de), a
    00000675 13               [ 8] 1369 	inc	de
    00000676 7E               [ 8] 1370 	ld	a, (hl)
    00000677 12               [ 8] 1371 	ld	(de), a
                                   1372 ;include/player.h:69: for (int8_t i = 0; i < steps; i++) {
    00000678 F8 28            [12] 1373 	ldhl	sp,	#40
    0000067A 34               [12] 1374 	inc	(hl)
    0000067B C3rE1r02         [16] 1375 	jp	00375$
    0000067E                       1376 00133$:
                                   1377 ;include/player.h:97: uint16_t hx1 = p->world_x  + PLAYER_HBOX;
    0000067E F8 1B            [12] 1378 	ldhl	sp,#27
    00000680 2A               [ 8] 1379 	ld	a, (hl+)
    00000681 5F               [ 4] 1380 	ld	e, a
    00000682 56               [ 8] 1381 	ld	d, (hl)
    00000683 1A               [ 8] 1382 	ld	a, (de)
    00000684 F8 23            [12] 1383 	ldhl	sp,	#35
    00000686 22               [ 8] 1384 	ld	(hl+), a
    00000687 13               [ 8] 1385 	inc	de
    00000688 1A               [ 8] 1386 	ld	a, (de)
    00000689 32               [ 8] 1387 	ld	(hl-), a
    0000068A 7E               [ 8] 1388 	ld	a, (hl)
    0000068B F8 1D            [12] 1389 	ldhl	sp,	#29
    0000068D 77               [ 8] 1390 	ld	(hl), a
    0000068E F8 24            [12] 1391 	ldhl	sp,	#36
    00000690 7E               [ 8] 1392 	ld	a, (hl)
    00000691 F8 1E            [12] 1393 	ldhl	sp,	#30
    00000693 32               [ 8] 1394 	ld	(hl-), a
    00000694 2A               [ 8] 1395 	ld	a, (hl+)
    00000695 4F               [ 4] 1396 	ld	c, a
    00000696 46               [ 8] 1397 	ld	b, (hl)
    00000697 03               [ 8] 1398 	inc	bc
    00000698 03               [ 8] 1399 	inc	bc
    00000699 F8 1B            [12] 1400 	ldhl	sp,	#27
    0000069B 79               [ 4] 1401 	ld	a, c
    0000069C 22               [ 8] 1402 	ld	(hl+), a
                                   1403 ;include/player.h:98: uint16_t hx2 = p->world_x  + PLAYER_SIZE - PLAYER_HBOX;
    0000069D 78               [ 4] 1404 	ld	a, b
    0000069E 22               [ 8] 1405 	ld	(hl+), a
    0000069F 2A               [ 8] 1406 	ld	a, (hl+)
    000006A0 5F               [ 4] 1407 	ld	e, a
    000006A1 56               [ 8] 1408 	ld	d, (hl)
    000006A2 21 0D 00         [12] 1409 	ld	hl, #0x000d
    000006A5 19               [ 8] 1410 	add	hl, de
    000006A6 4D               [ 4] 1411 	ld	c, l
    000006A7 7C               [ 4] 1412 	ld	a, h
    000006A8 F8 1F            [12] 1413 	ldhl	sp,	#31
    000006AA 71               [ 8] 1414 	ld	(hl), c
    000006AB 23               [ 8] 1415 	inc	hl
    000006AC 77               [ 8] 1416 	ld	(hl), a
                                   1417 ;include/player.h:99: int16_t  hy1 = p->world_y  + PLAYER_HBOX;
    000006AD F8 19            [12] 1418 	ldhl	sp,#25
    000006AF 2A               [ 8] 1419 	ld	a, (hl+)
    000006B0 5F               [ 4] 1420 	ld	e, a
    000006B1 56               [ 8] 1421 	ld	d, (hl)
    000006B2 1A               [ 8] 1422 	ld	a, (de)
    000006B3 F8 21            [12] 1423 	ldhl	sp,	#33
    000006B5 22               [ 8] 1424 	ld	(hl+), a
    000006B6 13               [ 8] 1425 	inc	de
    000006B7 1A               [ 8] 1426 	ld	a, (de)
    000006B8 32               [ 8] 1427 	ld	(hl-), a
    000006B9 7E               [ 8] 1428 	ld	a, (hl)
    000006BA F8 06            [12] 1429 	ldhl	sp,	#6
    000006BC 77               [ 8] 1430 	ld	(hl), a
    000006BD F8 22            [12] 1431 	ldhl	sp,	#34
    000006BF 7E               [ 8] 1432 	ld	a, (hl)
    000006C0 F8 07            [12] 1433 	ldhl	sp,	#7
    000006C2 32               [ 8] 1434 	ld	(hl-), a
    000006C3 2A               [ 8] 1435 	ld	a, (hl+)
    000006C4 4F               [ 4] 1436 	ld	c, a
                                   1437 ;include/player.h:100: int16_t  hy2 = p->world_y  + PLAYER_SIZE - PLAYER_HBOX;
    000006C5 3A               [ 8] 1438 	ld	a, (hl-)
    000006C6 47               [ 4] 1439 	ld	b, a
    000006C7 03               [ 8] 1440 	inc	bc
    000006C8 03               [ 8] 1441 	inc	bc
    000006C9 2A               [ 8] 1442 	ld	a, (hl+)
    000006CA 5F               [ 4] 1443 	ld	e, a
    000006CB 56               [ 8] 1444 	ld	d, (hl)
    000006CC 21 0D 00         [12] 1445 	ld	hl, #0x000d
    000006CF 19               [ 8] 1446 	add	hl, de
    000006D0 5D               [ 4] 1447 	ld	e, l
    000006D1 7C               [ 4] 1448 	ld	a, h
    000006D2 F8 08            [12] 1449 	ldhl	sp,	#8
    000006D4 73               [ 8] 1450 	ld	(hl), e
    000006D5 23               [ 8] 1451 	inc	hl
    000006D6 77               [ 8] 1452 	ld	(hl), a
                                   1453 ;include/player.h:102: if (IS_HAZARD(col_point(hx1, hy1, map, map_w, map_h)) ||
    000006D7 F8 0C            [12] 1454 	ldhl	sp,	#12
    000006D9 3A               [ 8] 1455 	ld	a, (hl-)
    000006DA 2B               [ 8] 1456 	dec	hl
    000006DB 77               [ 8] 1457 	ld	(hl), a
    000006DC F8 0D            [12] 1458 	ldhl	sp,	#13
    000006DE 3A               [ 8] 1459 	ld	a, (hl-)
    000006DF 2B               [ 8] 1460 	dec	hl
    000006E0 77               [ 8] 1461 	ld	(hl), a
    000006E1 F8 0E            [12] 1462 	ldhl	sp,	#14
    000006E3 7E               [ 8] 1463 	ld	a, (hl)
    000006E4 F8 13            [12] 1464 	ldhl	sp,	#19
    000006E6 77               [ 8] 1465 	ld	(hl), a
    000006E7 F8 0F            [12] 1466 	ldhl	sp,	#15
    000006E9 7E               [ 8] 1467 	ld	a, (hl)
    000006EA F8 14            [12] 1468 	ldhl	sp,	#20
    000006EC 77               [ 8] 1469 	ld	(hl), a
    000006ED F8 10            [12] 1470 	ldhl	sp,	#16
    000006EF 7E               [ 8] 1471 	ld	a, (hl)
    000006F0 F8 15            [12] 1472 	ldhl	sp,	#21
    000006F2 77               [ 8] 1473 	ld	(hl), a
    000006F3 F8 11            [12] 1474 	ldhl	sp,	#17
    000006F5 7E               [ 8] 1475 	ld	a, (hl)
    000006F6 F8 16            [12] 1476 	ldhl	sp,	#22
    000006F8 77               [ 8] 1477 	ld	(hl), a
                                   1478 ;include/collision.h:53: if (world_py < 0) return COL_NONE;            // above map = sky
    000006F9 78               [ 4] 1479 	ld	a, b
    000006FA 07               [ 4] 1480 	rlca
    000006FB E6 01            [ 8] 1481 	and	a,#0x01
    000006FD F8 28            [12] 1482 	ldhl	sp,	#40
    000006FF 77               [ 8] 1483 	ld	(hl), a
                                   1484 ;include/collision.h:54: uint16_t mx = world_px >> 4;                  // pixel → metatile col
    00000700 F8 1B            [12] 1485 	ldhl	sp,	#27
    00000702 7E               [ 8] 1486 	ld	a, (hl)
    00000703 F8 17            [12] 1487 	ldhl	sp,	#23
    00000705 77               [ 8] 1488 	ld	(hl), a
    00000706 F8 1C            [12] 1489 	ldhl	sp,	#28
    00000708 7E               [ 8] 1490 	ld	a, (hl)
    00000709 F8 18            [12] 1491 	ldhl	sp,	#24
    0000070B 77               [ 8] 1492 	ld	(hl), a
    0000070C CB 3E            [16] 1493 	srl	(hl)
    0000070E 2B               [ 8] 1494 	dec	hl
    0000070F CB 1E            [16] 1495 	rr	(hl)
    00000711 23               [ 8] 1496 	inc	hl
    00000712 CB 3E            [16] 1497 	srl	(hl)
    00000714 2B               [ 8] 1498 	dec	hl
    00000715 CB 1E            [16] 1499 	rr	(hl)
    00000717 23               [ 8] 1500 	inc	hl
    00000718 CB 3E            [16] 1501 	srl	(hl)
    0000071A 2B               [ 8] 1502 	dec	hl
    0000071B CB 1E            [16] 1503 	rr	(hl)
    0000071D 23               [ 8] 1504 	inc	hl
    0000071E CB 3E            [16] 1505 	srl	(hl)
    00000720 2B               [ 8] 1506 	dec	hl
    00000721 CB 1E            [16] 1507 	rr	(hl)
                                   1508 ;include/collision.h:55: uint16_t my = (uint16_t)world_py >> 4;        // pixel → metatile row
    00000723 23               [ 8] 1509 	inc	hl
    00000724 23               [ 8] 1510 	inc	hl
    00000725 79               [ 4] 1511 	ld	a, c
    00000726 22               [ 8] 1512 	ld	(hl+), a
    00000727 70               [ 8] 1513 	ld	(hl), b
    00000728 CB 3E            [16] 1514 	srl	(hl)
    0000072A 2B               [ 8] 1515 	dec	hl
    0000072B CB 1E            [16] 1516 	rr	(hl)
    0000072D 23               [ 8] 1517 	inc	hl
    0000072E CB 3E            [16] 1518 	srl	(hl)
    00000730 2B               [ 8] 1519 	dec	hl
    00000731 CB 1E            [16] 1520 	rr	(hl)
    00000733 23               [ 8] 1521 	inc	hl
    00000734 CB 3E            [16] 1522 	srl	(hl)
    00000736 2B               [ 8] 1523 	dec	hl
    00000737 CB 1E            [16] 1524 	rr	(hl)
    00000739 23               [ 8] 1525 	inc	hl
    0000073A CB 3E            [16] 1526 	srl	(hl)
    0000073C 2B               [ 8] 1527 	dec	hl
    0000073D CB 1E            [16] 1528 	rr	(hl)
                                   1529 ;include/collision.h:53: if (world_py < 0) return COL_NONE;            // above map = sky
    0000073F F8 28            [12] 1530 	ldhl	sp,	#40
    00000741 7E               [ 8] 1531 	ld	a, (hl)
    00000742 B7               [ 4] 1532 	or	a, a
    00000743 28 04            [12] 1533 	jr	Z, 00199$
    00000745 0E 00            [ 8] 1534 	ld	c, #0x00
    00000747 18 4F            [12] 1535 	jr	00204$
    00000749                       1536 00199$:
                                   1537 ;include/collision.h:54: uint16_t mx = world_px >> 4;                  // pixel → metatile col
    00000749 F8 17            [12] 1538 	ldhl	sp,	#23
    0000074B 7E               [ 8] 1539 	ld	a, (hl)
    0000074C F8 1B            [12] 1540 	ldhl	sp,	#27
    0000074E 77               [ 8] 1541 	ld	(hl), a
    0000074F F8 18            [12] 1542 	ldhl	sp,	#24
    00000751 7E               [ 8] 1543 	ld	a, (hl)
    00000752 F8 1C            [12] 1544 	ldhl	sp,	#28
    00000754 77               [ 8] 1545 	ld	(hl), a
                                   1546 ;include/collision.h:55: uint16_t my = (uint16_t)world_py >> 4;        // pixel → metatile row
    00000755 F8 19            [12] 1547 	ldhl	sp,	#25
    00000757 2A               [ 8] 1548 	ld	a, (hl+)
    00000758 5F               [ 4] 1549 	ld	e, a
    00000759 56               [ 8] 1550 	ld	d, (hl)
                                   1551 ;include/collision.h:56: if (mx >= map_w || my >= map_h) return COL_ALL; // out of bounds = solid
    0000075A D5               [16] 1552 	push	de
    0000075B F8 1D            [12] 1553 	ldhl	sp,	#29
    0000075D 5D               [ 4] 1554 	ld	e, l
    0000075E 54               [ 4] 1555 	ld	d, h
    0000075F F8 10            [12] 1556 	ldhl	sp,	#16
    00000761 1A               [ 8] 1557 	ld	a, (de)
    00000762 13               [ 8] 1558 	inc	de
    00000763 96               [ 8] 1559 	sub	a, (hl)
    00000764 23               [ 8] 1560 	inc	hl
    00000765 1A               [ 8] 1561 	ld	a, (de)
    00000766 9E               [ 8] 1562 	sbc	a, (hl)
    00000767 D1               [12] 1563 	pop	de
    00000768 30 09            [12] 1564 	jr	NC, 00201$
    0000076A F8 0C            [12] 1565 	ldhl	sp,	#12
    0000076C 7B               [ 4] 1566 	ld	a, e
    0000076D 96               [ 8] 1567 	sub	a, (hl)
    0000076E 23               [ 8] 1568 	inc	hl
    0000076F 7A               [ 4] 1569 	ld	a, d
    00000770 9E               [ 8] 1570 	sbc	a, (hl)
    00000771 38 04            [12] 1571 	jr	C, 00202$
    00000773                       1572 00201$:
    00000773 0E 07            [ 8] 1573 	ld	c, #0x07
    00000775 18 21            [12] 1574 	jr	00204$
    00000777                       1575 00202$:
                                   1576 ;include/collision.h:57: return col_of(map[(uint16_t)my * map_w + mx]);
    00000777 F8 0E            [12] 1577 	ldhl	sp,	#14
    00000779 2A               [ 8] 1578 	ld	a, (hl+)
    0000077A 4F               [ 4] 1579 	ld	c, a
    0000077B 46               [ 8] 1580 	ld	b, (hl)
    0000077C CDr00r00         [24] 1581 	call	__mulint
    0000077F F8 1B            [12] 1582 	ldhl	sp,	#27
    00000781 2A               [ 8] 1583 	ld	a,	(hl+)
    00000782 66               [ 8] 1584 	ld	h, (hl)
    00000783 6F               [ 4] 1585 	ld	l, a
    00000784 09               [ 8] 1586 	add	hl, bc
    00000785 4D               [ 4] 1587 	ld	c, l
    00000786 44               [ 4] 1588 	ld	b, h
    00000787 F8 10            [12] 1589 	ldhl	sp,	#16
    00000789 2A               [ 8] 1590 	ld	a,	(hl+)
    0000078A 66               [ 8] 1591 	ld	h, (hl)
    0000078B 6F               [ 4] 1592 	ld	l, a
    0000078C 09               [ 8] 1593 	add	hl, bc
    0000078D 4D               [ 4] 1594 	ld	c, l
    0000078E 44               [ 4] 1595 	ld	b, h
    0000078F 0A               [ 8] 1596 	ld	a, (bc)
                                   1597 ;include/collision.h:40: return famidash_metatile_collision[tile_id];
    00000790 6F               [ 4] 1598 	ld	l, a
    00000791 26 00            [ 8] 1599 	ld	h, #0x00
    00000793 11r00r00         [12] 1600 	ld	de, #_famidash_metatile_collision
    00000796 19               [ 8] 1601 	add	hl, de
    00000797 4E               [ 8] 1602 	ld	c, (hl)
                                   1603 ;include/player.h:37: return col_at(px, py, map, map_w, map_h);
    00000798                       1604 00204$:
                                   1605 ;include/player.h:102: if (IS_HAZARD(col_point(hx1, hy1, map, map_w, map_h)) ||
    00000798 79               [ 4] 1606 	ld	a, c
    00000799 D6 08            [ 8] 1607 	sub	a, #0x08
    0000079B CArFFr0E         [16] 1608 	jp	Z, 00134$
                                   1609 ;include/collision.h:53: if (world_py < 0) return COL_NONE;            // above map = sky
    0000079E F8 28            [12] 1610 	ldhl	sp,	#40
    000007A0 7E               [ 8] 1611 	ld	a, (hl)
    000007A1 B7               [ 4] 1612 	or	a, a
    000007A2 28 04            [12] 1613 	jr	Z, 00207$
    000007A4 0E 00            [ 8] 1614 	ld	c, #0x00
    000007A6 18 4F            [12] 1615 	jr	00212$
    000007A8                       1616 00207$:
                                   1617 ;include/collision.h:54: uint16_t mx = world_px >> 4;                  // pixel → metatile col
    000007A8 F8 17            [12] 1618 	ldhl	sp,	#23
    000007AA 7E               [ 8] 1619 	ld	a, (hl)
    000007AB F8 1B            [12] 1620 	ldhl	sp,	#27
    000007AD 77               [ 8] 1621 	ld	(hl), a
    000007AE F8 18            [12] 1622 	ldhl	sp,	#24
    000007B0 7E               [ 8] 1623 	ld	a, (hl)
    000007B1 F8 1C            [12] 1624 	ldhl	sp,	#28
    000007B3 77               [ 8] 1625 	ld	(hl), a
                                   1626 ;include/collision.h:55: uint16_t my = (uint16_t)world_py >> 4;        // pixel → metatile row
    000007B4 F8 19            [12] 1627 	ldhl	sp,	#25
    000007B6 2A               [ 8] 1628 	ld	a, (hl+)
    000007B7 5F               [ 4] 1629 	ld	e, a
    000007B8 56               [ 8] 1630 	ld	d, (hl)
                                   1631 ;include/collision.h:56: if (mx >= map_w || my >= map_h) return COL_ALL; // out of bounds = solid
    000007B9 D5               [16] 1632 	push	de
    000007BA F8 1D            [12] 1633 	ldhl	sp,	#29
    000007BC 5D               [ 4] 1634 	ld	e, l
    000007BD 54               [ 4] 1635 	ld	d, h
    000007BE F8 15            [12] 1636 	ldhl	sp,	#21
    000007C0 1A               [ 8] 1637 	ld	a, (de)
    000007C1 13               [ 8] 1638 	inc	de
    000007C2 96               [ 8] 1639 	sub	a, (hl)
    000007C3 23               [ 8] 1640 	inc	hl
    000007C4 1A               [ 8] 1641 	ld	a, (de)
    000007C5 9E               [ 8] 1642 	sbc	a, (hl)
    000007C6 D1               [12] 1643 	pop	de
    000007C7 30 09            [12] 1644 	jr	NC, 00209$
    000007C9 F8 0A            [12] 1645 	ldhl	sp,	#10
    000007CB 7B               [ 4] 1646 	ld	a, e
    000007CC 96               [ 8] 1647 	sub	a, (hl)
    000007CD 23               [ 8] 1648 	inc	hl
    000007CE 7A               [ 4] 1649 	ld	a, d
    000007CF 9E               [ 8] 1650 	sbc	a, (hl)
    000007D0 38 04            [12] 1651 	jr	C, 00210$
    000007D2                       1652 00209$:
    000007D2 0E 07            [ 8] 1653 	ld	c, #0x07
    000007D4 18 21            [12] 1654 	jr	00212$
    000007D6                       1655 00210$:
                                   1656 ;include/collision.h:57: return col_of(map[(uint16_t)my * map_w + mx]);
    000007D6 F8 13            [12] 1657 	ldhl	sp,	#19
    000007D8 2A               [ 8] 1658 	ld	a, (hl+)
    000007D9 4F               [ 4] 1659 	ld	c, a
    000007DA 46               [ 8] 1660 	ld	b, (hl)
    000007DB CDr00r00         [24] 1661 	call	__mulint
    000007DE F8 1B            [12] 1662 	ldhl	sp,	#27
    000007E0 2A               [ 8] 1663 	ld	a,	(hl+)
    000007E1 66               [ 8] 1664 	ld	h, (hl)
    000007E2 6F               [ 4] 1665 	ld	l, a
    000007E3 09               [ 8] 1666 	add	hl, bc
    000007E4 4D               [ 4] 1667 	ld	c, l
    000007E5 44               [ 4] 1668 	ld	b, h
    000007E6 F8 15            [12] 1669 	ldhl	sp,	#21
    000007E8 2A               [ 8] 1670 	ld	a,	(hl+)
    000007E9 66               [ 8] 1671 	ld	h, (hl)
    000007EA 6F               [ 4] 1672 	ld	l, a
    000007EB 09               [ 8] 1673 	add	hl, bc
    000007EC 4D               [ 4] 1674 	ld	c, l
    000007ED 44               [ 4] 1675 	ld	b, h
    000007EE 0A               [ 8] 1676 	ld	a, (bc)
                                   1677 ;include/collision.h:40: return famidash_metatile_collision[tile_id];
    000007EF 6F               [ 4] 1678 	ld	l, a
    000007F0 26 00            [ 8] 1679 	ld	h, #0x00
    000007F2 11r00r00         [12] 1680 	ld	de, #_famidash_metatile_collision
    000007F5 19               [ 8] 1681 	add	hl, de
    000007F6 4E               [ 8] 1682 	ld	c, (hl)
                                   1683 ;include/player.h:37: return col_at(px, py, map, map_w, map_h);
    000007F7                       1684 00212$:
                                   1685 ;include/player.h:102: if (IS_HAZARD(col_point(hx1, hy1, map, map_w, map_h)) ||
    000007F7 79               [ 4] 1686 	ld	a, c
    000007F8 D6 03            [ 8] 1687 	sub	a, #0x03
    000007FA CArFFr0E         [16] 1688 	jp	Z, 00134$
                                   1689 ;include/collision.h:53: if (world_py < 0) return COL_NONE;            // above map = sky
    000007FD F8 28            [12] 1690 	ldhl	sp,	#40
    000007FF 7E               [ 8] 1691 	ld	a, (hl)
    00000800 B7               [ 4] 1692 	or	a, a
    00000801 28 04            [12] 1693 	jr	Z, 00215$
    00000803 0E 00            [ 8] 1694 	ld	c, #0x00
    00000805 18 4F            [12] 1695 	jr	00220$
    00000807                       1696 00215$:
                                   1697 ;include/collision.h:54: uint16_t mx = world_px >> 4;                  // pixel → metatile col
    00000807 F8 17            [12] 1698 	ldhl	sp,	#23
    00000809 7E               [ 8] 1699 	ld	a, (hl)
    0000080A F8 1B            [12] 1700 	ldhl	sp,	#27
    0000080C 77               [ 8] 1701 	ld	(hl), a
    0000080D F8 18            [12] 1702 	ldhl	sp,	#24
    0000080F 7E               [ 8] 1703 	ld	a, (hl)
    00000810 F8 1C            [12] 1704 	ldhl	sp,	#28
    00000812 77               [ 8] 1705 	ld	(hl), a
                                   1706 ;include/collision.h:55: uint16_t my = (uint16_t)world_py >> 4;        // pixel → metatile row
    00000813 F8 19            [12] 1707 	ldhl	sp,	#25
    00000815 2A               [ 8] 1708 	ld	a, (hl+)
    00000816 5F               [ 4] 1709 	ld	e, a
    00000817 56               [ 8] 1710 	ld	d, (hl)
                                   1711 ;include/collision.h:56: if (mx >= map_w || my >= map_h) return COL_ALL; // out of bounds = solid
    00000818 D5               [16] 1712 	push	de
    00000819 F8 1D            [12] 1713 	ldhl	sp,	#29
    0000081B 5D               [ 4] 1714 	ld	e, l
    0000081C 54               [ 4] 1715 	ld	d, h
    0000081D F8 15            [12] 1716 	ldhl	sp,	#21
    0000081F 1A               [ 8] 1717 	ld	a, (de)
    00000820 13               [ 8] 1718 	inc	de
    00000821 96               [ 8] 1719 	sub	a, (hl)
    00000822 23               [ 8] 1720 	inc	hl
    00000823 1A               [ 8] 1721 	ld	a, (de)
    00000824 9E               [ 8] 1722 	sbc	a, (hl)
    00000825 D1               [12] 1723 	pop	de
    00000826 30 09            [12] 1724 	jr	NC, 00217$
    00000828 F8 0A            [12] 1725 	ldhl	sp,	#10
    0000082A 7B               [ 4] 1726 	ld	a, e
    0000082B 96               [ 8] 1727 	sub	a, (hl)
    0000082C 23               [ 8] 1728 	inc	hl
    0000082D 7A               [ 4] 1729 	ld	a, d
    0000082E 9E               [ 8] 1730 	sbc	a, (hl)
    0000082F 38 04            [12] 1731 	jr	C, 00218$
    00000831                       1732 00217$:
    00000831 0E 07            [ 8] 1733 	ld	c, #0x07
    00000833 18 21            [12] 1734 	jr	00220$
    00000835                       1735 00218$:
                                   1736 ;include/collision.h:57: return col_of(map[(uint16_t)my * map_w + mx]);
    00000835 F8 13            [12] 1737 	ldhl	sp,	#19
    00000837 2A               [ 8] 1738 	ld	a, (hl+)
    00000838 4F               [ 4] 1739 	ld	c, a
    00000839 46               [ 8] 1740 	ld	b, (hl)
    0000083A CDr00r00         [24] 1741 	call	__mulint
    0000083D F8 1B            [12] 1742 	ldhl	sp,	#27
    0000083F 2A               [ 8] 1743 	ld	a,	(hl+)
    00000840 66               [ 8] 1744 	ld	h, (hl)
    00000841 6F               [ 4] 1745 	ld	l, a
    00000842 09               [ 8] 1746 	add	hl, bc
    00000843 4D               [ 4] 1747 	ld	c, l
    00000844 44               [ 4] 1748 	ld	b, h
    00000845 F8 15            [12] 1749 	ldhl	sp,	#21
    00000847 2A               [ 8] 1750 	ld	a,	(hl+)
    00000848 66               [ 8] 1751 	ld	h, (hl)
    00000849 6F               [ 4] 1752 	ld	l, a
    0000084A 09               [ 8] 1753 	add	hl, bc
    0000084B 4D               [ 4] 1754 	ld	c, l
    0000084C 44               [ 4] 1755 	ld	b, h
    0000084D 0A               [ 8] 1756 	ld	a, (bc)
    0000084E 6F               [ 4] 1757 	ld	l, a
                                   1758 ;include/collision.h:40: return famidash_metatile_collision[tile_id];
    0000084F 26 00            [ 8] 1759 	ld	h, #0x00
    00000851 11r00r00         [12] 1760 	ld	de, #_famidash_metatile_collision
    00000854 19               [ 8] 1761 	add	hl, de
    00000855 4E               [ 8] 1762 	ld	c, (hl)
                                   1763 ;include/player.h:37: return col_at(px, py, map, map_w, map_h);
    00000856                       1764 00220$:
                                   1765 ;include/player.h:102: if (IS_HAZARD(col_point(hx1, hy1, map, map_w, map_h)) ||
    00000856 79               [ 4] 1766 	ld	a, c
    00000857 D6 04            [ 8] 1767 	sub	a, #0x04
    00000859 CArFFr0E         [16] 1768 	jp	Z, 00134$
                                   1769 ;include/collision.h:53: if (world_py < 0) return COL_NONE;            // above map = sky
    0000085C F8 28            [12] 1770 	ldhl	sp,	#40
    0000085E 7E               [ 8] 1771 	ld	a, (hl)
    0000085F B7               [ 4] 1772 	or	a, a
    00000860 28 04            [12] 1773 	jr	Z, 00223$
    00000862 0E 00            [ 8] 1774 	ld	c, #0x00
    00000864 18 4F            [12] 1775 	jr	00228$
    00000866                       1776 00223$:
                                   1777 ;include/collision.h:54: uint16_t mx = world_px >> 4;                  // pixel → metatile col
    00000866 F8 17            [12] 1778 	ldhl	sp,	#23
    00000868 7E               [ 8] 1779 	ld	a, (hl)
    00000869 F8 1B            [12] 1780 	ldhl	sp,	#27
    0000086B 77               [ 8] 1781 	ld	(hl), a
    0000086C F8 18            [12] 1782 	ldhl	sp,	#24
    0000086E 7E               [ 8] 1783 	ld	a, (hl)
    0000086F F8 1C            [12] 1784 	ldhl	sp,	#28
    00000871 77               [ 8] 1785 	ld	(hl), a
                                   1786 ;include/collision.h:55: uint16_t my = (uint16_t)world_py >> 4;        // pixel → metatile row
    00000872 F8 19            [12] 1787 	ldhl	sp,	#25
    00000874 2A               [ 8] 1788 	ld	a, (hl+)
    00000875 5F               [ 4] 1789 	ld	e, a
    00000876 56               [ 8] 1790 	ld	d, (hl)
                                   1791 ;include/collision.h:56: if (mx >= map_w || my >= map_h) return COL_ALL; // out of bounds = solid
    00000877 D5               [16] 1792 	push	de
    00000878 F8 1D            [12] 1793 	ldhl	sp,	#29
    0000087A 5D               [ 4] 1794 	ld	e, l
    0000087B 54               [ 4] 1795 	ld	d, h
    0000087C F8 15            [12] 1796 	ldhl	sp,	#21
    0000087E 1A               [ 8] 1797 	ld	a, (de)
    0000087F 13               [ 8] 1798 	inc	de
    00000880 96               [ 8] 1799 	sub	a, (hl)
    00000881 23               [ 8] 1800 	inc	hl
    00000882 1A               [ 8] 1801 	ld	a, (de)
    00000883 9E               [ 8] 1802 	sbc	a, (hl)
    00000884 D1               [12] 1803 	pop	de
    00000885 30 09            [12] 1804 	jr	NC, 00225$
    00000887 F8 0A            [12] 1805 	ldhl	sp,	#10
    00000889 7B               [ 4] 1806 	ld	a, e
    0000088A 96               [ 8] 1807 	sub	a, (hl)
    0000088B 23               [ 8] 1808 	inc	hl
    0000088C 7A               [ 4] 1809 	ld	a, d
    0000088D 9E               [ 8] 1810 	sbc	a, (hl)
    0000088E 38 04            [12] 1811 	jr	C, 00226$
    00000890                       1812 00225$:
    00000890 0E 07            [ 8] 1813 	ld	c, #0x07
    00000892 18 21            [12] 1814 	jr	00228$
    00000894                       1815 00226$:
                                   1816 ;include/collision.h:57: return col_of(map[(uint16_t)my * map_w + mx]);
    00000894 F8 13            [12] 1817 	ldhl	sp,	#19
    00000896 2A               [ 8] 1818 	ld	a, (hl+)
    00000897 4F               [ 4] 1819 	ld	c, a
    00000898 46               [ 8] 1820 	ld	b, (hl)
    00000899 CDr00r00         [24] 1821 	call	__mulint
    0000089C F8 1B            [12] 1822 	ldhl	sp,	#27
    0000089E 2A               [ 8] 1823 	ld	a,	(hl+)
    0000089F 66               [ 8] 1824 	ld	h, (hl)
    000008A0 6F               [ 4] 1825 	ld	l, a
    000008A1 09               [ 8] 1826 	add	hl, bc
    000008A2 4D               [ 4] 1827 	ld	c, l
    000008A3 44               [ 4] 1828 	ld	b, h
    000008A4 F8 15            [12] 1829 	ldhl	sp,	#21
    000008A6 2A               [ 8] 1830 	ld	a,	(hl+)
    000008A7 66               [ 8] 1831 	ld	h, (hl)
    000008A8 6F               [ 4] 1832 	ld	l, a
    000008A9 09               [ 8] 1833 	add	hl, bc
    000008AA 4D               [ 4] 1834 	ld	c, l
    000008AB 44               [ 4] 1835 	ld	b, h
    000008AC 0A               [ 8] 1836 	ld	a, (bc)
    000008AD 6F               [ 4] 1837 	ld	l, a
                                   1838 ;include/collision.h:40: return famidash_metatile_collision[tile_id];
    000008AE 26 00            [ 8] 1839 	ld	h, #0x00
    000008B0 11r00r00         [12] 1840 	ld	de, #_famidash_metatile_collision
    000008B3 19               [ 8] 1841 	add	hl, de
    000008B4 4E               [ 8] 1842 	ld	c, (hl)
                                   1843 ;include/player.h:37: return col_at(px, py, map, map_w, map_h);
    000008B5                       1844 00228$:
                                   1845 ;include/player.h:102: if (IS_HAZARD(col_point(hx1, hy1, map, map_w, map_h)) ||
    000008B5 79               [ 4] 1846 	ld	a, c
    000008B6 D6 02            [ 8] 1847 	sub	a, #0x02
    000008B8 CArFFr0E         [16] 1848 	jp	Z, 00134$
                                   1849 ;include/collision.h:53: if (world_py < 0) return COL_NONE;            // above map = sky
    000008BB F8 28            [12] 1850 	ldhl	sp,	#40
    000008BD 7E               [ 8] 1851 	ld	a, (hl)
    000008BE B7               [ 4] 1852 	or	a, a
    000008BF 28 04            [12] 1853 	jr	Z, 00231$
    000008C1 1E 00            [ 8] 1854 	ld	e, #0x00
    000008C3 18 4F            [12] 1855 	jr	00236$
    000008C5                       1856 00231$:
                                   1857 ;include/collision.h:54: uint16_t mx = world_px >> 4;                  // pixel → metatile col
    000008C5 F8 17            [12] 1858 	ldhl	sp,	#23
    000008C7 7E               [ 8] 1859 	ld	a, (hl)
    000008C8 F8 1B            [12] 1860 	ldhl	sp,	#27
    000008CA 77               [ 8] 1861 	ld	(hl), a
    000008CB F8 18            [12] 1862 	ldhl	sp,	#24
    000008CD 7E               [ 8] 1863 	ld	a, (hl)
    000008CE F8 1C            [12] 1864 	ldhl	sp,	#28
    000008D0 77               [ 8] 1865 	ld	(hl), a
                                   1866 ;include/collision.h:55: uint16_t my = (uint16_t)world_py >> 4;        // pixel → metatile row
    000008D1 F8 19            [12] 1867 	ldhl	sp,	#25
    000008D3 2A               [ 8] 1868 	ld	a, (hl+)
    000008D4 5F               [ 4] 1869 	ld	e, a
    000008D5 56               [ 8] 1870 	ld	d, (hl)
                                   1871 ;include/collision.h:56: if (mx >= map_w || my >= map_h) return COL_ALL; // out of bounds = solid
    000008D6 D5               [16] 1872 	push	de
    000008D7 F8 1D            [12] 1873 	ldhl	sp,	#29
    000008D9 5D               [ 4] 1874 	ld	e, l
    000008DA 54               [ 4] 1875 	ld	d, h
    000008DB F8 15            [12] 1876 	ldhl	sp,	#21
    000008DD 1A               [ 8] 1877 	ld	a, (de)
    000008DE 13               [ 8] 1878 	inc	de
    000008DF 96               [ 8] 1879 	sub	a, (hl)
    000008E0 23               [ 8] 1880 	inc	hl
    000008E1 1A               [ 8] 1881 	ld	a, (de)
    000008E2 9E               [ 8] 1882 	sbc	a, (hl)
    000008E3 D1               [12] 1883 	pop	de
    000008E4 30 09            [12] 1884 	jr	NC, 00233$
    000008E6 F8 0A            [12] 1885 	ldhl	sp,	#10
    000008E8 7B               [ 4] 1886 	ld	a, e
    000008E9 96               [ 8] 1887 	sub	a, (hl)
    000008EA 23               [ 8] 1888 	inc	hl
    000008EB 7A               [ 4] 1889 	ld	a, d
    000008EC 9E               [ 8] 1890 	sbc	a, (hl)
    000008ED 38 04            [12] 1891 	jr	C, 00234$
    000008EF                       1892 00233$:
    000008EF 1E 07            [ 8] 1893 	ld	e, #0x07
    000008F1 18 21            [12] 1894 	jr	00236$
    000008F3                       1895 00234$:
                                   1896 ;include/collision.h:57: return col_of(map[(uint16_t)my * map_w + mx]);
    000008F3 F8 13            [12] 1897 	ldhl	sp,	#19
    000008F5 2A               [ 8] 1898 	ld	a, (hl+)
    000008F6 4F               [ 4] 1899 	ld	c, a
    000008F7 46               [ 8] 1900 	ld	b, (hl)
    000008F8 CDr00r00         [24] 1901 	call	__mulint
    000008FB F8 1B            [12] 1902 	ldhl	sp,	#27
    000008FD 2A               [ 8] 1903 	ld	a,	(hl+)
    000008FE 66               [ 8] 1904 	ld	h, (hl)
    000008FF 6F               [ 4] 1905 	ld	l, a
    00000900 09               [ 8] 1906 	add	hl, bc
    00000901 4D               [ 4] 1907 	ld	c, l
    00000902 44               [ 4] 1908 	ld	b, h
    00000903 F8 15            [12] 1909 	ldhl	sp,	#21
    00000905 2A               [ 8] 1910 	ld	a,	(hl+)
    00000906 66               [ 8] 1911 	ld	h, (hl)
    00000907 6F               [ 4] 1912 	ld	l, a
    00000908 09               [ 8] 1913 	add	hl, bc
    00000909 4D               [ 4] 1914 	ld	c, l
    0000090A 44               [ 4] 1915 	ld	b, h
    0000090B 0A               [ 8] 1916 	ld	a, (bc)
                                   1917 ;include/collision.h:40: return famidash_metatile_collision[tile_id];
    0000090C 6F               [ 4] 1918 	ld	l, a
    0000090D 26 00            [ 8] 1919 	ld	h, #0x00
    0000090F 11r00r00         [12] 1920 	ld	de, #_famidash_metatile_collision
    00000912 19               [ 8] 1921 	add	hl, de
    00000913 5E               [ 8] 1922 	ld	e, (hl)
                                   1923 ;include/player.h:37: return col_at(px, py, map, map_w, map_h);
    00000914                       1924 00236$:
                                   1925 ;include/player.h:102: if (IS_HAZARD(col_point(hx1, hy1, map, map_w, map_h)) ||
    00000914 1D               [ 4] 1926 	dec	e
    00000915 CArFFr0E         [16] 1927 	jp	Z, 00134$
                                   1928 ;include/collision.h:54: uint16_t mx = world_px >> 4;                  // pixel → metatile col
    00000918 F8 20            [12] 1929 	ldhl	sp,	#32
    0000091A CB 3E            [16] 1930 	srl	(hl)
    0000091C 2B               [ 8] 1931 	dec	hl
    0000091D CB 1E            [16] 1932 	rr	(hl)
    0000091F 23               [ 8] 1933 	inc	hl
    00000920 CB 3E            [16] 1934 	srl	(hl)
    00000922 2B               [ 8] 1935 	dec	hl
    00000923 CB 1E            [16] 1936 	rr	(hl)
    00000925 23               [ 8] 1937 	inc	hl
    00000926 CB 3E            [16] 1938 	srl	(hl)
    00000928 2B               [ 8] 1939 	dec	hl
    00000929 CB 1E            [16] 1940 	rr	(hl)
    0000092B 23               [ 8] 1941 	inc	hl
    0000092C CB 3E            [16] 1942 	srl	(hl)
    0000092E 2B               [ 8] 1943 	dec	hl
    0000092F CB 1E            [16] 1944 	rr	(hl)
                                   1945 ;include/collision.h:53: if (world_py < 0) return COL_NONE;            // above map = sky
    00000931 F8 28            [12] 1946 	ldhl	sp,	#40
    00000933 7E               [ 8] 1947 	ld	a, (hl)
    00000934 B7               [ 4] 1948 	or	a, a
    00000935 28 04            [12] 1949 	jr	Z, 00239$
    00000937 0E 00            [ 8] 1950 	ld	c, #0x00
    00000939 18 4F            [12] 1951 	jr	00244$
    0000093B                       1952 00239$:
                                   1953 ;include/collision.h:54: uint16_t mx = world_px >> 4;                  // pixel → metatile col
    0000093B F8 1F            [12] 1954 	ldhl	sp,	#31
    0000093D 7E               [ 8] 1955 	ld	a, (hl)
    0000093E F8 1B            [12] 1956 	ldhl	sp,	#27
    00000940 77               [ 8] 1957 	ld	(hl), a
    00000941 F8 20            [12] 1958 	ldhl	sp,	#32
    00000943 7E               [ 8] 1959 	ld	a, (hl)
    00000944 F8 1C            [12] 1960 	ldhl	sp,	#28
    00000946 77               [ 8] 1961 	ld	(hl), a
                                   1962 ;include/collision.h:55: uint16_t my = (uint16_t)world_py >> 4;        // pixel → metatile row
    00000947 F8 19            [12] 1963 	ldhl	sp,	#25
    00000949 2A               [ 8] 1964 	ld	a, (hl+)
    0000094A 5F               [ 4] 1965 	ld	e, a
    0000094B 56               [ 8] 1966 	ld	d, (hl)
                                   1967 ;include/collision.h:56: if (mx >= map_w || my >= map_h) return COL_ALL; // out of bounds = solid
    0000094C D5               [16] 1968 	push	de
    0000094D F8 1D            [12] 1969 	ldhl	sp,	#29
    0000094F 5D               [ 4] 1970 	ld	e, l
    00000950 54               [ 4] 1971 	ld	d, h
    00000951 F8 15            [12] 1972 	ldhl	sp,	#21
    00000953 1A               [ 8] 1973 	ld	a, (de)
    00000954 13               [ 8] 1974 	inc	de
    00000955 96               [ 8] 1975 	sub	a, (hl)
    00000956 23               [ 8] 1976 	inc	hl
    00000957 1A               [ 8] 1977 	ld	a, (de)
    00000958 9E               [ 8] 1978 	sbc	a, (hl)
    00000959 D1               [12] 1979 	pop	de
    0000095A 30 09            [12] 1980 	jr	NC, 00241$
    0000095C F8 0A            [12] 1981 	ldhl	sp,	#10
    0000095E 7B               [ 4] 1982 	ld	a, e
    0000095F 96               [ 8] 1983 	sub	a, (hl)
    00000960 23               [ 8] 1984 	inc	hl
    00000961 7A               [ 4] 1985 	ld	a, d
    00000962 9E               [ 8] 1986 	sbc	a, (hl)
    00000963 38 04            [12] 1987 	jr	C, 00242$
    00000965                       1988 00241$:
    00000965 0E 07            [ 8] 1989 	ld	c, #0x07
    00000967 18 21            [12] 1990 	jr	00244$
    00000969                       1991 00242$:
                                   1992 ;include/collision.h:57: return col_of(map[(uint16_t)my * map_w + mx]);
    00000969 F8 13            [12] 1993 	ldhl	sp,	#19
    0000096B 2A               [ 8] 1994 	ld	a, (hl+)
    0000096C 4F               [ 4] 1995 	ld	c, a
    0000096D 46               [ 8] 1996 	ld	b, (hl)
    0000096E CDr00r00         [24] 1997 	call	__mulint
    00000971 F8 1B            [12] 1998 	ldhl	sp,	#27
    00000973 2A               [ 8] 1999 	ld	a,	(hl+)
    00000974 66               [ 8] 2000 	ld	h, (hl)
    00000975 6F               [ 4] 2001 	ld	l, a
    00000976 09               [ 8] 2002 	add	hl, bc
    00000977 4D               [ 4] 2003 	ld	c, l
    00000978 44               [ 4] 2004 	ld	b, h
    00000979 F8 15            [12] 2005 	ldhl	sp,	#21
    0000097B 2A               [ 8] 2006 	ld	a,	(hl+)
    0000097C 66               [ 8] 2007 	ld	h, (hl)
    0000097D 6F               [ 4] 2008 	ld	l, a
    0000097E 09               [ 8] 2009 	add	hl, bc
    0000097F 4D               [ 4] 2010 	ld	c, l
    00000980 44               [ 4] 2011 	ld	b, h
    00000981 0A               [ 8] 2012 	ld	a, (bc)
                                   2013 ;include/collision.h:40: return famidash_metatile_collision[tile_id];
    00000982 6F               [ 4] 2014 	ld	l, a
    00000983 26 00            [ 8] 2015 	ld	h, #0x00
    00000985 11r00r00         [12] 2016 	ld	de, #_famidash_metatile_collision
    00000988 19               [ 8] 2017 	add	hl, de
    00000989 4E               [ 8] 2018 	ld	c, (hl)
                                   2019 ;include/player.h:37: return col_at(px, py, map, map_w, map_h);
    0000098A                       2020 00244$:
                                   2021 ;include/player.h:103: IS_HAZARD(col_point(hx2, hy1, map, map_w, map_h)) ||
    0000098A 79               [ 4] 2022 	ld	a, c
    0000098B D6 08            [ 8] 2023 	sub	a, #0x08
    0000098D CArFFr0E         [16] 2024 	jp	Z, 00134$
                                   2025 ;include/collision.h:53: if (world_py < 0) return COL_NONE;            // above map = sky
    00000990 F8 28            [12] 2026 	ldhl	sp,	#40
    00000992 7E               [ 8] 2027 	ld	a, (hl)
    00000993 B7               [ 4] 2028 	or	a, a
    00000994 28 04            [12] 2029 	jr	Z, 00247$
    00000996 0E 00            [ 8] 2030 	ld	c, #0x00
    00000998 18 4F            [12] 2031 	jr	00252$
    0000099A                       2032 00247$:
                                   2033 ;include/collision.h:54: uint16_t mx = world_px >> 4;                  // pixel → metatile col
    0000099A F8 1F            [12] 2034 	ldhl	sp,	#31
    0000099C 7E               [ 8] 2035 	ld	a, (hl)
    0000099D F8 1B            [12] 2036 	ldhl	sp,	#27
    0000099F 77               [ 8] 2037 	ld	(hl), a
    000009A0 F8 20            [12] 2038 	ldhl	sp,	#32
    000009A2 7E               [ 8] 2039 	ld	a, (hl)
    000009A3 F8 1C            [12] 2040 	ldhl	sp,	#28
    000009A5 77               [ 8] 2041 	ld	(hl), a
                                   2042 ;include/collision.h:55: uint16_t my = (uint16_t)world_py >> 4;        // pixel → metatile row
    000009A6 F8 19            [12] 2043 	ldhl	sp,	#25
    000009A8 2A               [ 8] 2044 	ld	a, (hl+)
    000009A9 5F               [ 4] 2045 	ld	e, a
    000009AA 56               [ 8] 2046 	ld	d, (hl)
                                   2047 ;include/collision.h:56: if (mx >= map_w || my >= map_h) return COL_ALL; // out of bounds = solid
    000009AB D5               [16] 2048 	push	de
    000009AC F8 1D            [12] 2049 	ldhl	sp,	#29
    000009AE 5D               [ 4] 2050 	ld	e, l
    000009AF 54               [ 4] 2051 	ld	d, h
    000009B0 F8 15            [12] 2052 	ldhl	sp,	#21
    000009B2 1A               [ 8] 2053 	ld	a, (de)
    000009B3 13               [ 8] 2054 	inc	de
    000009B4 96               [ 8] 2055 	sub	a, (hl)
    000009B5 23               [ 8] 2056 	inc	hl
    000009B6 1A               [ 8] 2057 	ld	a, (de)
    000009B7 9E               [ 8] 2058 	sbc	a, (hl)
    000009B8 D1               [12] 2059 	pop	de
    000009B9 30 09            [12] 2060 	jr	NC, 00249$
    000009BB F8 0A            [12] 2061 	ldhl	sp,	#10
    000009BD 7B               [ 4] 2062 	ld	a, e
    000009BE 96               [ 8] 2063 	sub	a, (hl)
    000009BF 23               [ 8] 2064 	inc	hl
    000009C0 7A               [ 4] 2065 	ld	a, d
    000009C1 9E               [ 8] 2066 	sbc	a, (hl)
    000009C2 38 04            [12] 2067 	jr	C, 00250$
    000009C4                       2068 00249$:
    000009C4 0E 07            [ 8] 2069 	ld	c, #0x07
    000009C6 18 21            [12] 2070 	jr	00252$
    000009C8                       2071 00250$:
                                   2072 ;include/collision.h:57: return col_of(map[(uint16_t)my * map_w + mx]);
    000009C8 F8 13            [12] 2073 	ldhl	sp,	#19
    000009CA 2A               [ 8] 2074 	ld	a, (hl+)
    000009CB 4F               [ 4] 2075 	ld	c, a
    000009CC 46               [ 8] 2076 	ld	b, (hl)
    000009CD CDr00r00         [24] 2077 	call	__mulint
    000009D0 F8 1B            [12] 2078 	ldhl	sp,	#27
    000009D2 2A               [ 8] 2079 	ld	a,	(hl+)
    000009D3 66               [ 8] 2080 	ld	h, (hl)
    000009D4 6F               [ 4] 2081 	ld	l, a
    000009D5 09               [ 8] 2082 	add	hl, bc
    000009D6 4D               [ 4] 2083 	ld	c, l
    000009D7 44               [ 4] 2084 	ld	b, h
    000009D8 F8 15            [12] 2085 	ldhl	sp,	#21
    000009DA 2A               [ 8] 2086 	ld	a,	(hl+)
    000009DB 66               [ 8] 2087 	ld	h, (hl)
    000009DC 6F               [ 4] 2088 	ld	l, a
    000009DD 09               [ 8] 2089 	add	hl, bc
    000009DE 4D               [ 4] 2090 	ld	c, l
    000009DF 44               [ 4] 2091 	ld	b, h
    000009E0 0A               [ 8] 2092 	ld	a, (bc)
                                   2093 ;include/collision.h:40: return famidash_metatile_collision[tile_id];
    000009E1 6F               [ 4] 2094 	ld	l, a
    000009E2 26 00            [ 8] 2095 	ld	h, #0x00
    000009E4 11r00r00         [12] 2096 	ld	de, #_famidash_metatile_collision
    000009E7 19               [ 8] 2097 	add	hl, de
    000009E8 4E               [ 8] 2098 	ld	c, (hl)
                                   2099 ;include/player.h:37: return col_at(px, py, map, map_w, map_h);
    000009E9                       2100 00252$:
                                   2101 ;include/player.h:103: IS_HAZARD(col_point(hx2, hy1, map, map_w, map_h)) ||
    000009E9 79               [ 4] 2102 	ld	a, c
    000009EA D6 03            [ 8] 2103 	sub	a, #0x03
    000009EC CArFFr0E         [16] 2104 	jp	Z, 00134$
                                   2105 ;include/collision.h:53: if (world_py < 0) return COL_NONE;            // above map = sky
    000009EF F8 28            [12] 2106 	ldhl	sp,	#40
    000009F1 7E               [ 8] 2107 	ld	a, (hl)
    000009F2 B7               [ 4] 2108 	or	a, a
    000009F3 28 04            [12] 2109 	jr	Z, 00255$
    000009F5 0E 00            [ 8] 2110 	ld	c, #0x00
    000009F7 18 4F            [12] 2111 	jr	00260$
    000009F9                       2112 00255$:
                                   2113 ;include/collision.h:54: uint16_t mx = world_px >> 4;                  // pixel → metatile col
    000009F9 F8 1F            [12] 2114 	ldhl	sp,	#31
    000009FB 7E               [ 8] 2115 	ld	a, (hl)
    000009FC F8 1B            [12] 2116 	ldhl	sp,	#27
    000009FE 77               [ 8] 2117 	ld	(hl), a
    000009FF F8 20            [12] 2118 	ldhl	sp,	#32
    00000A01 7E               [ 8] 2119 	ld	a, (hl)
    00000A02 F8 1C            [12] 2120 	ldhl	sp,	#28
    00000A04 77               [ 8] 2121 	ld	(hl), a
                                   2122 ;include/collision.h:55: uint16_t my = (uint16_t)world_py >> 4;        // pixel → metatile row
    00000A05 F8 19            [12] 2123 	ldhl	sp,	#25
    00000A07 2A               [ 8] 2124 	ld	a, (hl+)
    00000A08 5F               [ 4] 2125 	ld	e, a
    00000A09 56               [ 8] 2126 	ld	d, (hl)
                                   2127 ;include/collision.h:56: if (mx >= map_w || my >= map_h) return COL_ALL; // out of bounds = solid
    00000A0A D5               [16] 2128 	push	de
    00000A0B F8 1D            [12] 2129 	ldhl	sp,	#29
    00000A0D 5D               [ 4] 2130 	ld	e, l
    00000A0E 54               [ 4] 2131 	ld	d, h
    00000A0F F8 15            [12] 2132 	ldhl	sp,	#21
    00000A11 1A               [ 8] 2133 	ld	a, (de)
    00000A12 13               [ 8] 2134 	inc	de
    00000A13 96               [ 8] 2135 	sub	a, (hl)
    00000A14 23               [ 8] 2136 	inc	hl
    00000A15 1A               [ 8] 2137 	ld	a, (de)
    00000A16 9E               [ 8] 2138 	sbc	a, (hl)
    00000A17 D1               [12] 2139 	pop	de
    00000A18 30 09            [12] 2140 	jr	NC, 00257$
    00000A1A F8 0A            [12] 2141 	ldhl	sp,	#10
    00000A1C 7B               [ 4] 2142 	ld	a, e
    00000A1D 96               [ 8] 2143 	sub	a, (hl)
    00000A1E 23               [ 8] 2144 	inc	hl
    00000A1F 7A               [ 4] 2145 	ld	a, d
    00000A20 9E               [ 8] 2146 	sbc	a, (hl)
    00000A21 38 04            [12] 2147 	jr	C, 00258$
    00000A23                       2148 00257$:
    00000A23 0E 07            [ 8] 2149 	ld	c, #0x07
    00000A25 18 21            [12] 2150 	jr	00260$
    00000A27                       2151 00258$:
                                   2152 ;include/collision.h:57: return col_of(map[(uint16_t)my * map_w + mx]);
    00000A27 F8 13            [12] 2153 	ldhl	sp,	#19
    00000A29 2A               [ 8] 2154 	ld	a, (hl+)
    00000A2A 4F               [ 4] 2155 	ld	c, a
    00000A2B 46               [ 8] 2156 	ld	b, (hl)
    00000A2C CDr00r00         [24] 2157 	call	__mulint
    00000A2F F8 1B            [12] 2158 	ldhl	sp,	#27
    00000A31 2A               [ 8] 2159 	ld	a,	(hl+)
    00000A32 66               [ 8] 2160 	ld	h, (hl)
    00000A33 6F               [ 4] 2161 	ld	l, a
    00000A34 09               [ 8] 2162 	add	hl, bc
    00000A35 4D               [ 4] 2163 	ld	c, l
    00000A36 44               [ 4] 2164 	ld	b, h
    00000A37 F8 15            [12] 2165 	ldhl	sp,	#21
    00000A39 2A               [ 8] 2166 	ld	a,	(hl+)
    00000A3A 66               [ 8] 2167 	ld	h, (hl)
    00000A3B 6F               [ 4] 2168 	ld	l, a
    00000A3C 09               [ 8] 2169 	add	hl, bc
    00000A3D 4D               [ 4] 2170 	ld	c, l
    00000A3E 44               [ 4] 2171 	ld	b, h
    00000A3F 0A               [ 8] 2172 	ld	a, (bc)
                                   2173 ;include/collision.h:40: return famidash_metatile_collision[tile_id];
    00000A40 6F               [ 4] 2174 	ld	l, a
    00000A41 26 00            [ 8] 2175 	ld	h, #0x00
    00000A43 11r00r00         [12] 2176 	ld	de, #_famidash_metatile_collision
    00000A46 19               [ 8] 2177 	add	hl, de
    00000A47 4E               [ 8] 2178 	ld	c, (hl)
                                   2179 ;include/player.h:37: return col_at(px, py, map, map_w, map_h);
    00000A48                       2180 00260$:
                                   2181 ;include/player.h:103: IS_HAZARD(col_point(hx2, hy1, map, map_w, map_h)) ||
    00000A48 79               [ 4] 2182 	ld	a, c
    00000A49 D6 04            [ 8] 2183 	sub	a, #0x04
    00000A4B CArFFr0E         [16] 2184 	jp	Z, 00134$
                                   2185 ;include/collision.h:53: if (world_py < 0) return COL_NONE;            // above map = sky
    00000A4E F8 28            [12] 2186 	ldhl	sp,	#40
    00000A50 7E               [ 8] 2187 	ld	a, (hl)
    00000A51 B7               [ 4] 2188 	or	a, a
    00000A52 28 04            [12] 2189 	jr	Z, 00263$
    00000A54 0E 00            [ 8] 2190 	ld	c, #0x00
    00000A56 18 4F            [12] 2191 	jr	00268$
    00000A58                       2192 00263$:
                                   2193 ;include/collision.h:54: uint16_t mx = world_px >> 4;                  // pixel → metatile col
    00000A58 F8 1F            [12] 2194 	ldhl	sp,	#31
    00000A5A 7E               [ 8] 2195 	ld	a, (hl)
    00000A5B F8 1B            [12] 2196 	ldhl	sp,	#27
    00000A5D 77               [ 8] 2197 	ld	(hl), a
    00000A5E F8 20            [12] 2198 	ldhl	sp,	#32
    00000A60 7E               [ 8] 2199 	ld	a, (hl)
    00000A61 F8 1C            [12] 2200 	ldhl	sp,	#28
    00000A63 77               [ 8] 2201 	ld	(hl), a
                                   2202 ;include/collision.h:55: uint16_t my = (uint16_t)world_py >> 4;        // pixel → metatile row
    00000A64 F8 19            [12] 2203 	ldhl	sp,	#25
    00000A66 2A               [ 8] 2204 	ld	a, (hl+)
    00000A67 5F               [ 4] 2205 	ld	e, a
    00000A68 56               [ 8] 2206 	ld	d, (hl)
                                   2207 ;include/collision.h:56: if (mx >= map_w || my >= map_h) return COL_ALL; // out of bounds = solid
    00000A69 D5               [16] 2208 	push	de
    00000A6A F8 1D            [12] 2209 	ldhl	sp,	#29
    00000A6C 5D               [ 4] 2210 	ld	e, l
    00000A6D 54               [ 4] 2211 	ld	d, h
    00000A6E F8 15            [12] 2212 	ldhl	sp,	#21
    00000A70 1A               [ 8] 2213 	ld	a, (de)
    00000A71 13               [ 8] 2214 	inc	de
    00000A72 96               [ 8] 2215 	sub	a, (hl)
    00000A73 23               [ 8] 2216 	inc	hl
    00000A74 1A               [ 8] 2217 	ld	a, (de)
    00000A75 9E               [ 8] 2218 	sbc	a, (hl)
    00000A76 D1               [12] 2219 	pop	de
    00000A77 30 09            [12] 2220 	jr	NC, 00265$
    00000A79 F8 0A            [12] 2221 	ldhl	sp,	#10
    00000A7B 7B               [ 4] 2222 	ld	a, e
    00000A7C 96               [ 8] 2223 	sub	a, (hl)
    00000A7D 23               [ 8] 2224 	inc	hl
    00000A7E 7A               [ 4] 2225 	ld	a, d
    00000A7F 9E               [ 8] 2226 	sbc	a, (hl)
    00000A80 38 04            [12] 2227 	jr	C, 00266$
    00000A82                       2228 00265$:
    00000A82 0E 07            [ 8] 2229 	ld	c, #0x07
    00000A84 18 21            [12] 2230 	jr	00268$
    00000A86                       2231 00266$:
                                   2232 ;include/collision.h:57: return col_of(map[(uint16_t)my * map_w + mx]);
    00000A86 F8 13            [12] 2233 	ldhl	sp,	#19
    00000A88 2A               [ 8] 2234 	ld	a, (hl+)
    00000A89 4F               [ 4] 2235 	ld	c, a
    00000A8A 46               [ 8] 2236 	ld	b, (hl)
    00000A8B CDr00r00         [24] 2237 	call	__mulint
    00000A8E F8 1B            [12] 2238 	ldhl	sp,	#27
    00000A90 2A               [ 8] 2239 	ld	a,	(hl+)
    00000A91 66               [ 8] 2240 	ld	h, (hl)
    00000A92 6F               [ 4] 2241 	ld	l, a
    00000A93 09               [ 8] 2242 	add	hl, bc
    00000A94 4D               [ 4] 2243 	ld	c, l
    00000A95 44               [ 4] 2244 	ld	b, h
    00000A96 F8 15            [12] 2245 	ldhl	sp,	#21
    00000A98 2A               [ 8] 2246 	ld	a,	(hl+)
    00000A99 66               [ 8] 2247 	ld	h, (hl)
    00000A9A 6F               [ 4] 2248 	ld	l, a
    00000A9B 09               [ 8] 2249 	add	hl, bc
    00000A9C 4D               [ 4] 2250 	ld	c, l
    00000A9D 44               [ 4] 2251 	ld	b, h
    00000A9E 0A               [ 8] 2252 	ld	a, (bc)
                                   2253 ;include/collision.h:40: return famidash_metatile_collision[tile_id];
    00000A9F 6F               [ 4] 2254 	ld	l, a
    00000AA0 26 00            [ 8] 2255 	ld	h, #0x00
    00000AA2 11r00r00         [12] 2256 	ld	de, #_famidash_metatile_collision
    00000AA5 19               [ 8] 2257 	add	hl, de
    00000AA6 4E               [ 8] 2258 	ld	c, (hl)
                                   2259 ;include/player.h:37: return col_at(px, py, map, map_w, map_h);
    00000AA7                       2260 00268$:
                                   2261 ;include/player.h:103: IS_HAZARD(col_point(hx2, hy1, map, map_w, map_h)) ||
    00000AA7 79               [ 4] 2262 	ld	a, c
    00000AA8 D6 02            [ 8] 2263 	sub	a, #0x02
    00000AAA CArFFr0E         [16] 2264 	jp	Z, 00134$
                                   2265 ;include/collision.h:53: if (world_py < 0) return COL_NONE;            // above map = sky
    00000AAD F8 28            [12] 2266 	ldhl	sp,	#40
    00000AAF 7E               [ 8] 2267 	ld	a, (hl)
    00000AB0 B7               [ 4] 2268 	or	a, a
    00000AB1 28 04            [12] 2269 	jr	Z, 00271$
    00000AB3 36 00            [12] 2270 	ld	(hl), #0x00
    00000AB5 18 5F            [12] 2271 	jr	00276$
    00000AB7                       2272 00271$:
                                   2273 ;include/collision.h:54: uint16_t mx = world_px >> 4;                  // pixel → metatile col
    00000AB7 F8 1F            [12] 2274 	ldhl	sp,	#31
    00000AB9 7E               [ 8] 2275 	ld	a, (hl)
    00000ABA F8 11            [12] 2276 	ldhl	sp,	#17
    00000ABC 77               [ 8] 2277 	ld	(hl), a
    00000ABD F8 20            [12] 2278 	ldhl	sp,	#32
    00000ABF 7E               [ 8] 2279 	ld	a, (hl)
    00000AC0 F8 12            [12] 2280 	ldhl	sp,	#18
    00000AC2 77               [ 8] 2281 	ld	(hl), a
                                   2282 ;include/collision.h:55: uint16_t my = (uint16_t)world_py >> 4;        // pixel → metatile row
    00000AC3 F8 19            [12] 2283 	ldhl	sp,	#25
    00000AC5 2A               [ 8] 2284 	ld	a, (hl+)
    00000AC6 23               [ 8] 2285 	inc	hl
    00000AC7 32               [ 8] 2286 	ld	(hl-), a
    00000AC8 2A               [ 8] 2287 	ld	a, (hl+)
    00000AC9 23               [ 8] 2288 	inc	hl
    00000ACA 77               [ 8] 2289 	ld	(hl), a
                                   2290 ;include/collision.h:56: if (mx >= map_w || my >= map_h) return COL_ALL; // out of bounds = solid
    00000ACB F8 11            [12] 2291 	ldhl	sp,	#17
    00000ACD 5D               [ 4] 2292 	ld	e, l
    00000ACE 54               [ 4] 2293 	ld	d, h
    00000ACF F8 13            [12] 2294 	ldhl	sp,	#19
    00000AD1 1A               [ 8] 2295 	ld	a, (de)
    00000AD2 13               [ 8] 2296 	inc	de
    00000AD3 96               [ 8] 2297 	sub	a, (hl)
    00000AD4 23               [ 8] 2298 	inc	hl
    00000AD5 1A               [ 8] 2299 	ld	a, (de)
    00000AD6 9E               [ 8] 2300 	sbc	a, (hl)
    00000AD7 30 0E            [12] 2301 	jr	NC, 00273$
    00000AD9 F8 1B            [12] 2302 	ldhl	sp,	#27
    00000ADB 5D               [ 4] 2303 	ld	e, l
    00000ADC 54               [ 4] 2304 	ld	d, h
    00000ADD F8 0A            [12] 2305 	ldhl	sp,	#10
    00000ADF 1A               [ 8] 2306 	ld	a, (de)
    00000AE0 13               [ 8] 2307 	inc	de
    00000AE1 96               [ 8] 2308 	sub	a, (hl)
    00000AE2 23               [ 8] 2309 	inc	hl
    00000AE3 1A               [ 8] 2310 	ld	a, (de)
    00000AE4 9E               [ 8] 2311 	sbc	a, (hl)
    00000AE5 38 06            [12] 2312 	jr	C, 00274$
    00000AE7                       2313 00273$:
    00000AE7 F8 28            [12] 2314 	ldhl	sp,	#40
    00000AE9 36 07            [12] 2315 	ld	(hl), #0x07
    00000AEB 18 29            [12] 2316 	jr	00276$
    00000AED                       2317 00274$:
                                   2318 ;include/collision.h:57: return col_of(map[(uint16_t)my * map_w + mx]);
    00000AED F8 13            [12] 2319 	ldhl	sp,	#19
    00000AEF 2A               [ 8] 2320 	ld	a, (hl+)
    00000AF0 4F               [ 4] 2321 	ld	c, a
    00000AF1 46               [ 8] 2322 	ld	b, (hl)
    00000AF2 F8 1B            [12] 2323 	ldhl	sp,	#27
    00000AF4 2A               [ 8] 2324 	ld	a, (hl+)
    00000AF5 5F               [ 4] 2325 	ld	e, a
    00000AF6 56               [ 8] 2326 	ld	d, (hl)
    00000AF7 CDr00r00         [24] 2327 	call	__mulint
    00000AFA F8 11            [12] 2328 	ldhl	sp,	#17
    00000AFC 2A               [ 8] 2329 	ld	a,	(hl+)
    00000AFD 66               [ 8] 2330 	ld	h, (hl)
    00000AFE 6F               [ 4] 2331 	ld	l, a
    00000AFF 09               [ 8] 2332 	add	hl, bc
    00000B00 4D               [ 4] 2333 	ld	c, l
    00000B01 44               [ 4] 2334 	ld	b, h
    00000B02 F8 15            [12] 2335 	ldhl	sp,	#21
    00000B04 2A               [ 8] 2336 	ld	a,	(hl+)
    00000B05 66               [ 8] 2337 	ld	h, (hl)
    00000B06 6F               [ 4] 2338 	ld	l, a
    00000B07 09               [ 8] 2339 	add	hl, bc
    00000B08 4D               [ 4] 2340 	ld	c, l
    00000B09 44               [ 4] 2341 	ld	b, h
    00000B0A 0A               [ 8] 2342 	ld	a, (bc)
                                   2343 ;include/collision.h:40: return famidash_metatile_collision[tile_id];
    00000B0B 6F               [ 4] 2344 	ld	l, a
    00000B0C 26 00            [ 8] 2345 	ld	h, #0x00
    00000B0E 11r00r00         [12] 2346 	ld	de, #_famidash_metatile_collision
    00000B11 19               [ 8] 2347 	add	hl, de
    00000B12 7E               [ 8] 2348 	ld	a, (hl)
    00000B13 F8 28            [12] 2349 	ldhl	sp,	#40
    00000B15 77               [ 8] 2350 	ld	(hl), a
                                   2351 ;include/player.h:37: return col_at(px, py, map, map_w, map_h);
    00000B16                       2352 00276$:
                                   2353 ;include/player.h:103: IS_HAZARD(col_point(hx2, hy1, map, map_w, map_h)) ||
    00000B16 F8 28            [12] 2354 	ldhl	sp,	#40
    00000B18 7E               [ 8] 2355 	ld	a, (hl)
    00000B19 3D               [ 4] 2356 	dec	a
    00000B1A CArFFr0E         [16] 2357 	jp	Z, 00134$
                                   2358 ;include/collision.h:53: if (world_py < 0) return COL_NONE;            // above map = sky
    00000B1D F8 08            [12] 2359 	ldhl	sp,	#8
    00000B1F 2A               [ 8] 2360 	ld	a, (hl+)
    00000B20 7E               [ 8] 2361 	ld	a, (hl)
    00000B21 07               [ 4] 2362 	rlca
    00000B22 E6 01            [ 8] 2363 	and	a,#0x01
    00000B24 F8 28            [12] 2364 	ldhl	sp,	#40
    00000B26 77               [ 8] 2365 	ld	(hl), a
                                   2366 ;include/collision.h:55: uint16_t my = (uint16_t)world_py >> 4;        // pixel → metatile row
    00000B27 F8 08            [12] 2367 	ldhl	sp,	#8
    00000B29 2A               [ 8] 2368 	ld	a, (hl+)
    00000B2A 4F               [ 4] 2369 	ld	c, a
    00000B2B 46               [ 8] 2370 	ld	b, (hl)
    00000B2C F8 19            [12] 2371 	ldhl	sp,	#25
    00000B2E 79               [ 4] 2372 	ld	a, c
    00000B2F 22               [ 8] 2373 	ld	(hl+), a
    00000B30 70               [ 8] 2374 	ld	(hl), b
    00000B31 CB 3E            [16] 2375 	srl	(hl)
    00000B33 2B               [ 8] 2376 	dec	hl
    00000B34 CB 1E            [16] 2377 	rr	(hl)
    00000B36 23               [ 8] 2378 	inc	hl
    00000B37 CB 3E            [16] 2379 	srl	(hl)
    00000B39 2B               [ 8] 2380 	dec	hl
    00000B3A CB 1E            [16] 2381 	rr	(hl)
    00000B3C 23               [ 8] 2382 	inc	hl
    00000B3D CB 3E            [16] 2383 	srl	(hl)
    00000B3F 2B               [ 8] 2384 	dec	hl
    00000B40 CB 1E            [16] 2385 	rr	(hl)
    00000B42 23               [ 8] 2386 	inc	hl
    00000B43 CB 3E            [16] 2387 	srl	(hl)
    00000B45 2B               [ 8] 2388 	dec	hl
    00000B46 CB 1E            [16] 2389 	rr	(hl)
                                   2390 ;include/collision.h:53: if (world_py < 0) return COL_NONE;            // above map = sky
    00000B48 F8 28            [12] 2391 	ldhl	sp,	#40
    00000B4A 7E               [ 8] 2392 	ld	a, (hl)
    00000B4B B7               [ 4] 2393 	or	a, a
    00000B4C 28 04            [12] 2394 	jr	Z, 00279$
    00000B4E 0E 00            [ 8] 2395 	ld	c, #0x00
    00000B50 18 4F            [12] 2396 	jr	00284$
    00000B52                       2397 00279$:
                                   2398 ;include/collision.h:54: uint16_t mx = world_px >> 4;                  // pixel → metatile col
    00000B52 F8 17            [12] 2399 	ldhl	sp,	#23
    00000B54 7E               [ 8] 2400 	ld	a, (hl)
    00000B55 F8 1B            [12] 2401 	ldhl	sp,	#27
    00000B57 77               [ 8] 2402 	ld	(hl), a
    00000B58 F8 18            [12] 2403 	ldhl	sp,	#24
    00000B5A 7E               [ 8] 2404 	ld	a, (hl)
    00000B5B F8 1C            [12] 2405 	ldhl	sp,	#28
    00000B5D 77               [ 8] 2406 	ld	(hl), a
                                   2407 ;include/collision.h:55: uint16_t my = (uint16_t)world_py >> 4;        // pixel → metatile row
    00000B5E F8 19            [12] 2408 	ldhl	sp,	#25
    00000B60 2A               [ 8] 2409 	ld	a, (hl+)
    00000B61 5F               [ 4] 2410 	ld	e, a
    00000B62 56               [ 8] 2411 	ld	d, (hl)
                                   2412 ;include/collision.h:56: if (mx >= map_w || my >= map_h) return COL_ALL; // out of bounds = solid
    00000B63 D5               [16] 2413 	push	de
    00000B64 F8 1D            [12] 2414 	ldhl	sp,	#29
    00000B66 5D               [ 4] 2415 	ld	e, l
    00000B67 54               [ 4] 2416 	ld	d, h
    00000B68 F8 15            [12] 2417 	ldhl	sp,	#21
    00000B6A 1A               [ 8] 2418 	ld	a, (de)
    00000B6B 13               [ 8] 2419 	inc	de
    00000B6C 96               [ 8] 2420 	sub	a, (hl)
    00000B6D 23               [ 8] 2421 	inc	hl
    00000B6E 1A               [ 8] 2422 	ld	a, (de)
    00000B6F 9E               [ 8] 2423 	sbc	a, (hl)
    00000B70 D1               [12] 2424 	pop	de
    00000B71 30 09            [12] 2425 	jr	NC, 00281$
    00000B73 F8 0A            [12] 2426 	ldhl	sp,	#10
    00000B75 7B               [ 4] 2427 	ld	a, e
    00000B76 96               [ 8] 2428 	sub	a, (hl)
    00000B77 23               [ 8] 2429 	inc	hl
    00000B78 7A               [ 4] 2430 	ld	a, d
    00000B79 9E               [ 8] 2431 	sbc	a, (hl)
    00000B7A 38 04            [12] 2432 	jr	C, 00282$
    00000B7C                       2433 00281$:
    00000B7C 0E 07            [ 8] 2434 	ld	c, #0x07
    00000B7E 18 21            [12] 2435 	jr	00284$
    00000B80                       2436 00282$:
                                   2437 ;include/collision.h:57: return col_of(map[(uint16_t)my * map_w + mx]);
    00000B80 F8 13            [12] 2438 	ldhl	sp,	#19
    00000B82 2A               [ 8] 2439 	ld	a, (hl+)
    00000B83 4F               [ 4] 2440 	ld	c, a
    00000B84 46               [ 8] 2441 	ld	b, (hl)
    00000B85 CDr00r00         [24] 2442 	call	__mulint
    00000B88 F8 1B            [12] 2443 	ldhl	sp,	#27
    00000B8A 2A               [ 8] 2444 	ld	a,	(hl+)
    00000B8B 66               [ 8] 2445 	ld	h, (hl)
    00000B8C 6F               [ 4] 2446 	ld	l, a
    00000B8D 09               [ 8] 2447 	add	hl, bc
    00000B8E 4D               [ 4] 2448 	ld	c, l
    00000B8F 44               [ 4] 2449 	ld	b, h
    00000B90 F8 15            [12] 2450 	ldhl	sp,	#21
    00000B92 2A               [ 8] 2451 	ld	a,	(hl+)
    00000B93 66               [ 8] 2452 	ld	h, (hl)
    00000B94 6F               [ 4] 2453 	ld	l, a
    00000B95 09               [ 8] 2454 	add	hl, bc
    00000B96 4D               [ 4] 2455 	ld	c, l
    00000B97 44               [ 4] 2456 	ld	b, h
    00000B98 0A               [ 8] 2457 	ld	a, (bc)
                                   2458 ;include/collision.h:40: return famidash_metatile_collision[tile_id];
    00000B99 6F               [ 4] 2459 	ld	l, a
    00000B9A 26 00            [ 8] 2460 	ld	h, #0x00
    00000B9C 11r00r00         [12] 2461 	ld	de, #_famidash_metatile_collision
    00000B9F 19               [ 8] 2462 	add	hl, de
    00000BA0 4E               [ 8] 2463 	ld	c, (hl)
                                   2464 ;include/player.h:37: return col_at(px, py, map, map_w, map_h);
    00000BA1                       2465 00284$:
                                   2466 ;include/player.h:104: IS_HAZARD(col_point(hx1, hy2, map, map_w, map_h)) ||
    00000BA1 79               [ 4] 2467 	ld	a, c
    00000BA2 D6 08            [ 8] 2468 	sub	a, #0x08
    00000BA4 CArFFr0E         [16] 2469 	jp	Z, 00134$
                                   2470 ;include/collision.h:53: if (world_py < 0) return COL_NONE;            // above map = sky
    00000BA7 F8 28            [12] 2471 	ldhl	sp,	#40
    00000BA9 7E               [ 8] 2472 	ld	a, (hl)
    00000BAA B7               [ 4] 2473 	or	a, a
    00000BAB 28 04            [12] 2474 	jr	Z, 00287$
    00000BAD 0E 00            [ 8] 2475 	ld	c, #0x00
    00000BAF 18 4F            [12] 2476 	jr	00292$
    00000BB1                       2477 00287$:
                                   2478 ;include/collision.h:54: uint16_t mx = world_px >> 4;                  // pixel → metatile col
    00000BB1 F8 17            [12] 2479 	ldhl	sp,	#23
    00000BB3 7E               [ 8] 2480 	ld	a, (hl)
    00000BB4 F8 1B            [12] 2481 	ldhl	sp,	#27
    00000BB6 77               [ 8] 2482 	ld	(hl), a
    00000BB7 F8 18            [12] 2483 	ldhl	sp,	#24
    00000BB9 7E               [ 8] 2484 	ld	a, (hl)
    00000BBA F8 1C            [12] 2485 	ldhl	sp,	#28
    00000BBC 77               [ 8] 2486 	ld	(hl), a
                                   2487 ;include/collision.h:55: uint16_t my = (uint16_t)world_py >> 4;        // pixel → metatile row
    00000BBD F8 19            [12] 2488 	ldhl	sp,	#25
    00000BBF 2A               [ 8] 2489 	ld	a, (hl+)
    00000BC0 5F               [ 4] 2490 	ld	e, a
    00000BC1 56               [ 8] 2491 	ld	d, (hl)
                                   2492 ;include/collision.h:56: if (mx >= map_w || my >= map_h) return COL_ALL; // out of bounds = solid
    00000BC2 D5               [16] 2493 	push	de
    00000BC3 F8 1D            [12] 2494 	ldhl	sp,	#29
    00000BC5 5D               [ 4] 2495 	ld	e, l
    00000BC6 54               [ 4] 2496 	ld	d, h
    00000BC7 F8 15            [12] 2497 	ldhl	sp,	#21
    00000BC9 1A               [ 8] 2498 	ld	a, (de)
    00000BCA 13               [ 8] 2499 	inc	de
    00000BCB 96               [ 8] 2500 	sub	a, (hl)
    00000BCC 23               [ 8] 2501 	inc	hl
    00000BCD 1A               [ 8] 2502 	ld	a, (de)
    00000BCE 9E               [ 8] 2503 	sbc	a, (hl)
    00000BCF D1               [12] 2504 	pop	de
    00000BD0 30 09            [12] 2505 	jr	NC, 00289$
    00000BD2 F8 0A            [12] 2506 	ldhl	sp,	#10
    00000BD4 7B               [ 4] 2507 	ld	a, e
    00000BD5 96               [ 8] 2508 	sub	a, (hl)
    00000BD6 23               [ 8] 2509 	inc	hl
    00000BD7 7A               [ 4] 2510 	ld	a, d
    00000BD8 9E               [ 8] 2511 	sbc	a, (hl)
    00000BD9 38 04            [12] 2512 	jr	C, 00290$
    00000BDB                       2513 00289$:
    00000BDB 0E 07            [ 8] 2514 	ld	c, #0x07
    00000BDD 18 21            [12] 2515 	jr	00292$
    00000BDF                       2516 00290$:
                                   2517 ;include/collision.h:57: return col_of(map[(uint16_t)my * map_w + mx]);
    00000BDF F8 13            [12] 2518 	ldhl	sp,	#19
    00000BE1 2A               [ 8] 2519 	ld	a, (hl+)
    00000BE2 4F               [ 4] 2520 	ld	c, a
    00000BE3 46               [ 8] 2521 	ld	b, (hl)
    00000BE4 CDr00r00         [24] 2522 	call	__mulint
    00000BE7 F8 1B            [12] 2523 	ldhl	sp,	#27
    00000BE9 2A               [ 8] 2524 	ld	a,	(hl+)
    00000BEA 66               [ 8] 2525 	ld	h, (hl)
    00000BEB 6F               [ 4] 2526 	ld	l, a
    00000BEC 09               [ 8] 2527 	add	hl, bc
    00000BED 4D               [ 4] 2528 	ld	c, l
    00000BEE 44               [ 4] 2529 	ld	b, h
    00000BEF F8 15            [12] 2530 	ldhl	sp,	#21
    00000BF1 2A               [ 8] 2531 	ld	a,	(hl+)
    00000BF2 66               [ 8] 2532 	ld	h, (hl)
    00000BF3 6F               [ 4] 2533 	ld	l, a
    00000BF4 09               [ 8] 2534 	add	hl, bc
    00000BF5 4D               [ 4] 2535 	ld	c, l
    00000BF6 44               [ 4] 2536 	ld	b, h
    00000BF7 0A               [ 8] 2537 	ld	a, (bc)
                                   2538 ;include/collision.h:40: return famidash_metatile_collision[tile_id];
    00000BF8 6F               [ 4] 2539 	ld	l, a
    00000BF9 26 00            [ 8] 2540 	ld	h, #0x00
    00000BFB 11r00r00         [12] 2541 	ld	de, #_famidash_metatile_collision
    00000BFE 19               [ 8] 2542 	add	hl, de
    00000BFF 4E               [ 8] 2543 	ld	c, (hl)
                                   2544 ;include/player.h:37: return col_at(px, py, map, map_w, map_h);
    00000C00                       2545 00292$:
                                   2546 ;include/player.h:104: IS_HAZARD(col_point(hx1, hy2, map, map_w, map_h)) ||
    00000C00 79               [ 4] 2547 	ld	a, c
    00000C01 D6 03            [ 8] 2548 	sub	a, #0x03
    00000C03 CArFFr0E         [16] 2549 	jp	Z, 00134$
                                   2550 ;include/collision.h:53: if (world_py < 0) return COL_NONE;            // above map = sky
    00000C06 F8 28            [12] 2551 	ldhl	sp,	#40
    00000C08 7E               [ 8] 2552 	ld	a, (hl)
    00000C09 B7               [ 4] 2553 	or	a, a
    00000C0A 28 04            [12] 2554 	jr	Z, 00295$
    00000C0C 0E 00            [ 8] 2555 	ld	c, #0x00
    00000C0E 18 4F            [12] 2556 	jr	00300$
    00000C10                       2557 00295$:
                                   2558 ;include/collision.h:54: uint16_t mx = world_px >> 4;                  // pixel → metatile col
    00000C10 F8 17            [12] 2559 	ldhl	sp,	#23
    00000C12 7E               [ 8] 2560 	ld	a, (hl)
    00000C13 F8 1B            [12] 2561 	ldhl	sp,	#27
    00000C15 77               [ 8] 2562 	ld	(hl), a
    00000C16 F8 18            [12] 2563 	ldhl	sp,	#24
    00000C18 7E               [ 8] 2564 	ld	a, (hl)
    00000C19 F8 1C            [12] 2565 	ldhl	sp,	#28
    00000C1B 77               [ 8] 2566 	ld	(hl), a
                                   2567 ;include/collision.h:55: uint16_t my = (uint16_t)world_py >> 4;        // pixel → metatile row
    00000C1C F8 19            [12] 2568 	ldhl	sp,	#25
    00000C1E 2A               [ 8] 2569 	ld	a, (hl+)
    00000C1F 5F               [ 4] 2570 	ld	e, a
    00000C20 56               [ 8] 2571 	ld	d, (hl)
                                   2572 ;include/collision.h:56: if (mx >= map_w || my >= map_h) return COL_ALL; // out of bounds = solid
    00000C21 D5               [16] 2573 	push	de
    00000C22 F8 1D            [12] 2574 	ldhl	sp,	#29
    00000C24 5D               [ 4] 2575 	ld	e, l
    00000C25 54               [ 4] 2576 	ld	d, h
    00000C26 F8 15            [12] 2577 	ldhl	sp,	#21
    00000C28 1A               [ 8] 2578 	ld	a, (de)
    00000C29 13               [ 8] 2579 	inc	de
    00000C2A 96               [ 8] 2580 	sub	a, (hl)
    00000C2B 23               [ 8] 2581 	inc	hl
    00000C2C 1A               [ 8] 2582 	ld	a, (de)
    00000C2D 9E               [ 8] 2583 	sbc	a, (hl)
    00000C2E D1               [12] 2584 	pop	de
    00000C2F 30 09            [12] 2585 	jr	NC, 00297$
    00000C31 F8 0A            [12] 2586 	ldhl	sp,	#10
    00000C33 7B               [ 4] 2587 	ld	a, e
    00000C34 96               [ 8] 2588 	sub	a, (hl)
    00000C35 23               [ 8] 2589 	inc	hl
    00000C36 7A               [ 4] 2590 	ld	a, d
    00000C37 9E               [ 8] 2591 	sbc	a, (hl)
    00000C38 38 04            [12] 2592 	jr	C, 00298$
    00000C3A                       2593 00297$:
    00000C3A 0E 07            [ 8] 2594 	ld	c, #0x07
    00000C3C 18 21            [12] 2595 	jr	00300$
    00000C3E                       2596 00298$:
                                   2597 ;include/collision.h:57: return col_of(map[(uint16_t)my * map_w + mx]);
    00000C3E F8 13            [12] 2598 	ldhl	sp,	#19
    00000C40 2A               [ 8] 2599 	ld	a, (hl+)
    00000C41 4F               [ 4] 2600 	ld	c, a
    00000C42 46               [ 8] 2601 	ld	b, (hl)
    00000C43 CDr00r00         [24] 2602 	call	__mulint
    00000C46 F8 1B            [12] 2603 	ldhl	sp,	#27
    00000C48 2A               [ 8] 2604 	ld	a,	(hl+)
    00000C49 66               [ 8] 2605 	ld	h, (hl)
    00000C4A 6F               [ 4] 2606 	ld	l, a
    00000C4B 09               [ 8] 2607 	add	hl, bc
    00000C4C 4D               [ 4] 2608 	ld	c, l
    00000C4D 44               [ 4] 2609 	ld	b, h
    00000C4E F8 15            [12] 2610 	ldhl	sp,	#21
    00000C50 2A               [ 8] 2611 	ld	a,	(hl+)
    00000C51 66               [ 8] 2612 	ld	h, (hl)
    00000C52 6F               [ 4] 2613 	ld	l, a
    00000C53 09               [ 8] 2614 	add	hl, bc
    00000C54 4D               [ 4] 2615 	ld	c, l
    00000C55 44               [ 4] 2616 	ld	b, h
    00000C56 0A               [ 8] 2617 	ld	a, (bc)
                                   2618 ;include/collision.h:40: return famidash_metatile_collision[tile_id];
    00000C57 6F               [ 4] 2619 	ld	l, a
    00000C58 26 00            [ 8] 2620 	ld	h, #0x00
    00000C5A 11r00r00         [12] 2621 	ld	de, #_famidash_metatile_collision
    00000C5D 19               [ 8] 2622 	add	hl, de
    00000C5E 4E               [ 8] 2623 	ld	c, (hl)
                                   2624 ;include/player.h:37: return col_at(px, py, map, map_w, map_h);
    00000C5F                       2625 00300$:
                                   2626 ;include/player.h:104: IS_HAZARD(col_point(hx1, hy2, map, map_w, map_h)) ||
    00000C5F 79               [ 4] 2627 	ld	a, c
    00000C60 D6 04            [ 8] 2628 	sub	a, #0x04
    00000C62 CArFFr0E         [16] 2629 	jp	Z, 00134$
                                   2630 ;include/collision.h:53: if (world_py < 0) return COL_NONE;            // above map = sky
    00000C65 F8 28            [12] 2631 	ldhl	sp,	#40
    00000C67 7E               [ 8] 2632 	ld	a, (hl)
    00000C68 B7               [ 4] 2633 	or	a, a
    00000C69 28 04            [12] 2634 	jr	Z, 00303$
    00000C6B 0E 00            [ 8] 2635 	ld	c, #0x00
    00000C6D 18 4F            [12] 2636 	jr	00308$
    00000C6F                       2637 00303$:
                                   2638 ;include/collision.h:54: uint16_t mx = world_px >> 4;                  // pixel → metatile col
    00000C6F F8 17            [12] 2639 	ldhl	sp,	#23
    00000C71 7E               [ 8] 2640 	ld	a, (hl)
    00000C72 F8 1B            [12] 2641 	ldhl	sp,	#27
    00000C74 77               [ 8] 2642 	ld	(hl), a
    00000C75 F8 18            [12] 2643 	ldhl	sp,	#24
    00000C77 7E               [ 8] 2644 	ld	a, (hl)
    00000C78 F8 1C            [12] 2645 	ldhl	sp,	#28
    00000C7A 77               [ 8] 2646 	ld	(hl), a
                                   2647 ;include/collision.h:55: uint16_t my = (uint16_t)world_py >> 4;        // pixel → metatile row
    00000C7B F8 19            [12] 2648 	ldhl	sp,	#25
    00000C7D 2A               [ 8] 2649 	ld	a, (hl+)
    00000C7E 5F               [ 4] 2650 	ld	e, a
    00000C7F 56               [ 8] 2651 	ld	d, (hl)
                                   2652 ;include/collision.h:56: if (mx >= map_w || my >= map_h) return COL_ALL; // out of bounds = solid
    00000C80 D5               [16] 2653 	push	de
    00000C81 F8 1D            [12] 2654 	ldhl	sp,	#29
    00000C83 5D               [ 4] 2655 	ld	e, l
    00000C84 54               [ 4] 2656 	ld	d, h
    00000C85 F8 15            [12] 2657 	ldhl	sp,	#21
    00000C87 1A               [ 8] 2658 	ld	a, (de)
    00000C88 13               [ 8] 2659 	inc	de
    00000C89 96               [ 8] 2660 	sub	a, (hl)
    00000C8A 23               [ 8] 2661 	inc	hl
    00000C8B 1A               [ 8] 2662 	ld	a, (de)
    00000C8C 9E               [ 8] 2663 	sbc	a, (hl)
    00000C8D D1               [12] 2664 	pop	de
    00000C8E 30 09            [12] 2665 	jr	NC, 00305$
    00000C90 F8 0A            [12] 2666 	ldhl	sp,	#10
    00000C92 7B               [ 4] 2667 	ld	a, e
    00000C93 96               [ 8] 2668 	sub	a, (hl)
    00000C94 23               [ 8] 2669 	inc	hl
    00000C95 7A               [ 4] 2670 	ld	a, d
    00000C96 9E               [ 8] 2671 	sbc	a, (hl)
    00000C97 38 04            [12] 2672 	jr	C, 00306$
    00000C99                       2673 00305$:
    00000C99 0E 07            [ 8] 2674 	ld	c, #0x07
    00000C9B 18 21            [12] 2675 	jr	00308$
    00000C9D                       2676 00306$:
                                   2677 ;include/collision.h:57: return col_of(map[(uint16_t)my * map_w + mx]);
    00000C9D F8 13            [12] 2678 	ldhl	sp,	#19
    00000C9F 2A               [ 8] 2679 	ld	a, (hl+)
    00000CA0 4F               [ 4] 2680 	ld	c, a
    00000CA1 46               [ 8] 2681 	ld	b, (hl)
    00000CA2 CDr00r00         [24] 2682 	call	__mulint
    00000CA5 F8 1B            [12] 2683 	ldhl	sp,	#27
    00000CA7 2A               [ 8] 2684 	ld	a,	(hl+)
    00000CA8 66               [ 8] 2685 	ld	h, (hl)
    00000CA9 6F               [ 4] 2686 	ld	l, a
    00000CAA 09               [ 8] 2687 	add	hl, bc
    00000CAB 4D               [ 4] 2688 	ld	c, l
    00000CAC 44               [ 4] 2689 	ld	b, h
    00000CAD F8 15            [12] 2690 	ldhl	sp,	#21
    00000CAF 2A               [ 8] 2691 	ld	a,	(hl+)
    00000CB0 66               [ 8] 2692 	ld	h, (hl)
    00000CB1 6F               [ 4] 2693 	ld	l, a
    00000CB2 09               [ 8] 2694 	add	hl, bc
    00000CB3 4D               [ 4] 2695 	ld	c, l
    00000CB4 44               [ 4] 2696 	ld	b, h
    00000CB5 0A               [ 8] 2697 	ld	a, (bc)
                                   2698 ;include/collision.h:40: return famidash_metatile_collision[tile_id];
    00000CB6 6F               [ 4] 2699 	ld	l, a
    00000CB7 26 00            [ 8] 2700 	ld	h, #0x00
    00000CB9 11r00r00         [12] 2701 	ld	de, #_famidash_metatile_collision
    00000CBC 19               [ 8] 2702 	add	hl, de
    00000CBD 4E               [ 8] 2703 	ld	c, (hl)
                                   2704 ;include/player.h:37: return col_at(px, py, map, map_w, map_h);
    00000CBE                       2705 00308$:
                                   2706 ;include/player.h:104: IS_HAZARD(col_point(hx1, hy2, map, map_w, map_h)) ||
    00000CBE 79               [ 4] 2707 	ld	a, c
    00000CBF D6 02            [ 8] 2708 	sub	a, #0x02
    00000CC1 CArFFr0E         [16] 2709 	jp	Z, 00134$
                                   2710 ;include/collision.h:53: if (world_py < 0) return COL_NONE;            // above map = sky
    00000CC4 F8 28            [12] 2711 	ldhl	sp,	#40
    00000CC6 7E               [ 8] 2712 	ld	a, (hl)
    00000CC7 B7               [ 4] 2713 	or	a, a
    00000CC8 28 04            [12] 2714 	jr	Z, 00311$
    00000CCA 0E 00            [ 8] 2715 	ld	c, #0x00
    00000CCC 18 4F            [12] 2716 	jr	00316$
    00000CCE                       2717 00311$:
                                   2718 ;include/collision.h:54: uint16_t mx = world_px >> 4;                  // pixel → metatile col
    00000CCE F8 17            [12] 2719 	ldhl	sp,	#23
    00000CD0 7E               [ 8] 2720 	ld	a, (hl)
    00000CD1 F8 1B            [12] 2721 	ldhl	sp,	#27
    00000CD3 77               [ 8] 2722 	ld	(hl), a
    00000CD4 F8 18            [12] 2723 	ldhl	sp,	#24
    00000CD6 7E               [ 8] 2724 	ld	a, (hl)
    00000CD7 F8 1C            [12] 2725 	ldhl	sp,	#28
    00000CD9 77               [ 8] 2726 	ld	(hl), a
                                   2727 ;include/collision.h:55: uint16_t my = (uint16_t)world_py >> 4;        // pixel → metatile row
    00000CDA F8 19            [12] 2728 	ldhl	sp,	#25
    00000CDC 2A               [ 8] 2729 	ld	a, (hl+)
    00000CDD 5F               [ 4] 2730 	ld	e, a
    00000CDE 56               [ 8] 2731 	ld	d, (hl)
                                   2732 ;include/collision.h:56: if (mx >= map_w || my >= map_h) return COL_ALL; // out of bounds = solid
    00000CDF D5               [16] 2733 	push	de
    00000CE0 F8 1D            [12] 2734 	ldhl	sp,	#29
    00000CE2 5D               [ 4] 2735 	ld	e, l
    00000CE3 54               [ 4] 2736 	ld	d, h
    00000CE4 F8 15            [12] 2737 	ldhl	sp,	#21
    00000CE6 1A               [ 8] 2738 	ld	a, (de)
    00000CE7 13               [ 8] 2739 	inc	de
    00000CE8 96               [ 8] 2740 	sub	a, (hl)
    00000CE9 23               [ 8] 2741 	inc	hl
    00000CEA 1A               [ 8] 2742 	ld	a, (de)
    00000CEB 9E               [ 8] 2743 	sbc	a, (hl)
    00000CEC D1               [12] 2744 	pop	de
    00000CED 30 09            [12] 2745 	jr	NC, 00313$
    00000CEF F8 0A            [12] 2746 	ldhl	sp,	#10
    00000CF1 7B               [ 4] 2747 	ld	a, e
    00000CF2 96               [ 8] 2748 	sub	a, (hl)
    00000CF3 23               [ 8] 2749 	inc	hl
    00000CF4 7A               [ 4] 2750 	ld	a, d
    00000CF5 9E               [ 8] 2751 	sbc	a, (hl)
    00000CF6 38 04            [12] 2752 	jr	C, 00314$
    00000CF8                       2753 00313$:
    00000CF8 0E 07            [ 8] 2754 	ld	c, #0x07
    00000CFA 18 21            [12] 2755 	jr	00316$
    00000CFC                       2756 00314$:
                                   2757 ;include/collision.h:57: return col_of(map[(uint16_t)my * map_w + mx]);
    00000CFC F8 13            [12] 2758 	ldhl	sp,	#19
    00000CFE 2A               [ 8] 2759 	ld	a, (hl+)
    00000CFF 4F               [ 4] 2760 	ld	c, a
    00000D00 46               [ 8] 2761 	ld	b, (hl)
    00000D01 CDr00r00         [24] 2762 	call	__mulint
    00000D04 F8 1B            [12] 2763 	ldhl	sp,	#27
    00000D06 2A               [ 8] 2764 	ld	a,	(hl+)
    00000D07 66               [ 8] 2765 	ld	h, (hl)
    00000D08 6F               [ 4] 2766 	ld	l, a
    00000D09 09               [ 8] 2767 	add	hl, bc
    00000D0A 4D               [ 4] 2768 	ld	c, l
    00000D0B 44               [ 4] 2769 	ld	b, h
    00000D0C F8 15            [12] 2770 	ldhl	sp,	#21
    00000D0E 2A               [ 8] 2771 	ld	a,	(hl+)
    00000D0F 66               [ 8] 2772 	ld	h, (hl)
    00000D10 6F               [ 4] 2773 	ld	l, a
    00000D11 09               [ 8] 2774 	add	hl, bc
    00000D12 4D               [ 4] 2775 	ld	c, l
    00000D13 44               [ 4] 2776 	ld	b, h
    00000D14 0A               [ 8] 2777 	ld	a, (bc)
                                   2778 ;include/collision.h:40: return famidash_metatile_collision[tile_id];
    00000D15 6F               [ 4] 2779 	ld	l, a
    00000D16 26 00            [ 8] 2780 	ld	h, #0x00
    00000D18 11r00r00         [12] 2781 	ld	de, #_famidash_metatile_collision
    00000D1B 19               [ 8] 2782 	add	hl, de
    00000D1C 4E               [ 8] 2783 	ld	c, (hl)
                                   2784 ;include/player.h:37: return col_at(px, py, map, map_w, map_h);
    00000D1D                       2785 00316$:
                                   2786 ;include/player.h:104: IS_HAZARD(col_point(hx1, hy2, map, map_w, map_h)) ||
    00000D1D 0D               [ 4] 2787 	dec	c
    00000D1E CArFFr0E         [16] 2788 	jp	Z, 00134$
                                   2789 ;include/collision.h:53: if (world_py < 0) return COL_NONE;            // above map = sky
    00000D21 F8 28            [12] 2790 	ldhl	sp,	#40
    00000D23 7E               [ 8] 2791 	ld	a, (hl)
    00000D24 B7               [ 4] 2792 	or	a, a
    00000D25 28 04            [12] 2793 	jr	Z, 00319$
    00000D27 0E 00            [ 8] 2794 	ld	c, #0x00
    00000D29 18 4F            [12] 2795 	jr	00324$
    00000D2B                       2796 00319$:
                                   2797 ;include/collision.h:54: uint16_t mx = world_px >> 4;                  // pixel → metatile col
    00000D2B F8 1F            [12] 2798 	ldhl	sp,	#31
    00000D2D 7E               [ 8] 2799 	ld	a, (hl)
    00000D2E F8 1B            [12] 2800 	ldhl	sp,	#27
    00000D30 77               [ 8] 2801 	ld	(hl), a
    00000D31 F8 20            [12] 2802 	ldhl	sp,	#32
    00000D33 7E               [ 8] 2803 	ld	a, (hl)
    00000D34 F8 1C            [12] 2804 	ldhl	sp,	#28
    00000D36 77               [ 8] 2805 	ld	(hl), a
                                   2806 ;include/collision.h:55: uint16_t my = (uint16_t)world_py >> 4;        // pixel → metatile row
    00000D37 F8 19            [12] 2807 	ldhl	sp,	#25
    00000D39 2A               [ 8] 2808 	ld	a, (hl+)
    00000D3A 5F               [ 4] 2809 	ld	e, a
    00000D3B 56               [ 8] 2810 	ld	d, (hl)
                                   2811 ;include/collision.h:56: if (mx >= map_w || my >= map_h) return COL_ALL; // out of bounds = solid
    00000D3C D5               [16] 2812 	push	de
    00000D3D F8 1D            [12] 2813 	ldhl	sp,	#29
    00000D3F 5D               [ 4] 2814 	ld	e, l
    00000D40 54               [ 4] 2815 	ld	d, h
    00000D41 F8 15            [12] 2816 	ldhl	sp,	#21
    00000D43 1A               [ 8] 2817 	ld	a, (de)
    00000D44 13               [ 8] 2818 	inc	de
    00000D45 96               [ 8] 2819 	sub	a, (hl)
    00000D46 23               [ 8] 2820 	inc	hl
    00000D47 1A               [ 8] 2821 	ld	a, (de)
    00000D48 9E               [ 8] 2822 	sbc	a, (hl)
    00000D49 D1               [12] 2823 	pop	de
    00000D4A 30 09            [12] 2824 	jr	NC, 00321$
    00000D4C F8 0A            [12] 2825 	ldhl	sp,	#10
    00000D4E 7B               [ 4] 2826 	ld	a, e
    00000D4F 96               [ 8] 2827 	sub	a, (hl)
    00000D50 23               [ 8] 2828 	inc	hl
    00000D51 7A               [ 4] 2829 	ld	a, d
    00000D52 9E               [ 8] 2830 	sbc	a, (hl)
    00000D53 38 04            [12] 2831 	jr	C, 00322$
    00000D55                       2832 00321$:
    00000D55 0E 07            [ 8] 2833 	ld	c, #0x07
    00000D57 18 21            [12] 2834 	jr	00324$
    00000D59                       2835 00322$:
                                   2836 ;include/collision.h:57: return col_of(map[(uint16_t)my * map_w + mx]);
    00000D59 F8 13            [12] 2837 	ldhl	sp,	#19
    00000D5B 2A               [ 8] 2838 	ld	a, (hl+)
    00000D5C 4F               [ 4] 2839 	ld	c, a
    00000D5D 46               [ 8] 2840 	ld	b, (hl)
    00000D5E CDr00r00         [24] 2841 	call	__mulint
    00000D61 F8 1B            [12] 2842 	ldhl	sp,	#27
    00000D63 2A               [ 8] 2843 	ld	a,	(hl+)
    00000D64 66               [ 8] 2844 	ld	h, (hl)
    00000D65 6F               [ 4] 2845 	ld	l, a
    00000D66 09               [ 8] 2846 	add	hl, bc
    00000D67 4D               [ 4] 2847 	ld	c, l
    00000D68 44               [ 4] 2848 	ld	b, h
    00000D69 F8 15            [12] 2849 	ldhl	sp,	#21
    00000D6B 2A               [ 8] 2850 	ld	a,	(hl+)
    00000D6C 66               [ 8] 2851 	ld	h, (hl)
    00000D6D 6F               [ 4] 2852 	ld	l, a
    00000D6E 09               [ 8] 2853 	add	hl, bc
    00000D6F 4D               [ 4] 2854 	ld	c, l
    00000D70 44               [ 4] 2855 	ld	b, h
    00000D71 0A               [ 8] 2856 	ld	a, (bc)
                                   2857 ;include/collision.h:40: return famidash_metatile_collision[tile_id];
    00000D72 6F               [ 4] 2858 	ld	l, a
    00000D73 26 00            [ 8] 2859 	ld	h, #0x00
    00000D75 11r00r00         [12] 2860 	ld	de, #_famidash_metatile_collision
    00000D78 19               [ 8] 2861 	add	hl, de
    00000D79 4E               [ 8] 2862 	ld	c, (hl)
                                   2863 ;include/player.h:37: return col_at(px, py, map, map_w, map_h);
    00000D7A                       2864 00324$:
                                   2865 ;include/player.h:105: IS_HAZARD(col_point(hx2, hy2, map, map_w, map_h))) {
    00000D7A 79               [ 4] 2866 	ld	a, c
    00000D7B D6 08            [ 8] 2867 	sub	a, #0x08
    00000D7D CArFFr0E         [16] 2868 	jp	Z, 00134$
                                   2869 ;include/collision.h:53: if (world_py < 0) return COL_NONE;            // above map = sky
    00000D80 F8 28            [12] 2870 	ldhl	sp,	#40
    00000D82 7E               [ 8] 2871 	ld	a, (hl)
    00000D83 B7               [ 4] 2872 	or	a, a
    00000D84 28 04            [12] 2873 	jr	Z, 00327$
    00000D86 0E 00            [ 8] 2874 	ld	c, #0x00
    00000D88 18 4F            [12] 2875 	jr	00332$
    00000D8A                       2876 00327$:
                                   2877 ;include/collision.h:54: uint16_t mx = world_px >> 4;                  // pixel → metatile col
    00000D8A F8 1F            [12] 2878 	ldhl	sp,	#31
    00000D8C 7E               [ 8] 2879 	ld	a, (hl)
    00000D8D F8 1B            [12] 2880 	ldhl	sp,	#27
    00000D8F 77               [ 8] 2881 	ld	(hl), a
    00000D90 F8 20            [12] 2882 	ldhl	sp,	#32
    00000D92 7E               [ 8] 2883 	ld	a, (hl)
    00000D93 F8 1C            [12] 2884 	ldhl	sp,	#28
    00000D95 77               [ 8] 2885 	ld	(hl), a
                                   2886 ;include/collision.h:55: uint16_t my = (uint16_t)world_py >> 4;        // pixel → metatile row
    00000D96 F8 19            [12] 2887 	ldhl	sp,	#25
    00000D98 2A               [ 8] 2888 	ld	a, (hl+)
    00000D99 5F               [ 4] 2889 	ld	e, a
    00000D9A 56               [ 8] 2890 	ld	d, (hl)
                                   2891 ;include/collision.h:56: if (mx >= map_w || my >= map_h) return COL_ALL; // out of bounds = solid
    00000D9B D5               [16] 2892 	push	de
    00000D9C F8 1D            [12] 2893 	ldhl	sp,	#29
    00000D9E 5D               [ 4] 2894 	ld	e, l
    00000D9F 54               [ 4] 2895 	ld	d, h
    00000DA0 F8 15            [12] 2896 	ldhl	sp,	#21
    00000DA2 1A               [ 8] 2897 	ld	a, (de)
    00000DA3 13               [ 8] 2898 	inc	de
    00000DA4 96               [ 8] 2899 	sub	a, (hl)
    00000DA5 23               [ 8] 2900 	inc	hl
    00000DA6 1A               [ 8] 2901 	ld	a, (de)
    00000DA7 9E               [ 8] 2902 	sbc	a, (hl)
    00000DA8 D1               [12] 2903 	pop	de
    00000DA9 30 09            [12] 2904 	jr	NC, 00329$
    00000DAB F8 0A            [12] 2905 	ldhl	sp,	#10
    00000DAD 7B               [ 4] 2906 	ld	a, e
    00000DAE 96               [ 8] 2907 	sub	a, (hl)
    00000DAF 23               [ 8] 2908 	inc	hl
    00000DB0 7A               [ 4] 2909 	ld	a, d
    00000DB1 9E               [ 8] 2910 	sbc	a, (hl)
    00000DB2 38 04            [12] 2911 	jr	C, 00330$
    00000DB4                       2912 00329$:
    00000DB4 0E 07            [ 8] 2913 	ld	c, #0x07
    00000DB6 18 21            [12] 2914 	jr	00332$
    00000DB8                       2915 00330$:
                                   2916 ;include/collision.h:57: return col_of(map[(uint16_t)my * map_w + mx]);
    00000DB8 F8 13            [12] 2917 	ldhl	sp,	#19
    00000DBA 2A               [ 8] 2918 	ld	a, (hl+)
    00000DBB 4F               [ 4] 2919 	ld	c, a
    00000DBC 46               [ 8] 2920 	ld	b, (hl)
    00000DBD CDr00r00         [24] 2921 	call	__mulint
    00000DC0 F8 1B            [12] 2922 	ldhl	sp,	#27
    00000DC2 2A               [ 8] 2923 	ld	a,	(hl+)
    00000DC3 66               [ 8] 2924 	ld	h, (hl)
    00000DC4 6F               [ 4] 2925 	ld	l, a
    00000DC5 09               [ 8] 2926 	add	hl, bc
    00000DC6 4D               [ 4] 2927 	ld	c, l
    00000DC7 44               [ 4] 2928 	ld	b, h
    00000DC8 F8 15            [12] 2929 	ldhl	sp,	#21
    00000DCA 2A               [ 8] 2930 	ld	a,	(hl+)
    00000DCB 66               [ 8] 2931 	ld	h, (hl)
    00000DCC 6F               [ 4] 2932 	ld	l, a
    00000DCD 09               [ 8] 2933 	add	hl, bc
    00000DCE 4D               [ 4] 2934 	ld	c, l
    00000DCF 44               [ 4] 2935 	ld	b, h
    00000DD0 0A               [ 8] 2936 	ld	a, (bc)
                                   2937 ;include/collision.h:40: return famidash_metatile_collision[tile_id];
    00000DD1 6F               [ 4] 2938 	ld	l, a
    00000DD2 26 00            [ 8] 2939 	ld	h, #0x00
    00000DD4 11r00r00         [12] 2940 	ld	de, #_famidash_metatile_collision
    00000DD7 19               [ 8] 2941 	add	hl, de
    00000DD8 4E               [ 8] 2942 	ld	c, (hl)
                                   2943 ;include/player.h:37: return col_at(px, py, map, map_w, map_h);
    00000DD9                       2944 00332$:
                                   2945 ;include/player.h:105: IS_HAZARD(col_point(hx2, hy2, map, map_w, map_h))) {
    00000DD9 79               [ 4] 2946 	ld	a, c
    00000DDA D6 03            [ 8] 2947 	sub	a, #0x03
    00000DDC CArFFr0E         [16] 2948 	jp	Z, 00134$
                                   2949 ;include/collision.h:53: if (world_py < 0) return COL_NONE;            // above map = sky
    00000DDF F8 28            [12] 2950 	ldhl	sp,	#40
    00000DE1 7E               [ 8] 2951 	ld	a, (hl)
    00000DE2 B7               [ 4] 2952 	or	a, a
    00000DE3 28 04            [12] 2953 	jr	Z, 00335$
    00000DE5 0E 00            [ 8] 2954 	ld	c, #0x00
    00000DE7 18 4F            [12] 2955 	jr	00340$
    00000DE9                       2956 00335$:
                                   2957 ;include/collision.h:54: uint16_t mx = world_px >> 4;                  // pixel → metatile col
    00000DE9 F8 1F            [12] 2958 	ldhl	sp,	#31
    00000DEB 7E               [ 8] 2959 	ld	a, (hl)
    00000DEC F8 1B            [12] 2960 	ldhl	sp,	#27
    00000DEE 77               [ 8] 2961 	ld	(hl), a
    00000DEF F8 20            [12] 2962 	ldhl	sp,	#32
    00000DF1 7E               [ 8] 2963 	ld	a, (hl)
    00000DF2 F8 1C            [12] 2964 	ldhl	sp,	#28
    00000DF4 77               [ 8] 2965 	ld	(hl), a
                                   2966 ;include/collision.h:55: uint16_t my = (uint16_t)world_py >> 4;        // pixel → metatile row
    00000DF5 F8 19            [12] 2967 	ldhl	sp,	#25
    00000DF7 2A               [ 8] 2968 	ld	a, (hl+)
    00000DF8 5F               [ 4] 2969 	ld	e, a
    00000DF9 56               [ 8] 2970 	ld	d, (hl)
                                   2971 ;include/collision.h:56: if (mx >= map_w || my >= map_h) return COL_ALL; // out of bounds = solid
    00000DFA D5               [16] 2972 	push	de
    00000DFB F8 1D            [12] 2973 	ldhl	sp,	#29
    00000DFD 5D               [ 4] 2974 	ld	e, l
    00000DFE 54               [ 4] 2975 	ld	d, h
    00000DFF F8 15            [12] 2976 	ldhl	sp,	#21
    00000E01 1A               [ 8] 2977 	ld	a, (de)
    00000E02 13               [ 8] 2978 	inc	de
    00000E03 96               [ 8] 2979 	sub	a, (hl)
    00000E04 23               [ 8] 2980 	inc	hl
    00000E05 1A               [ 8] 2981 	ld	a, (de)
    00000E06 9E               [ 8] 2982 	sbc	a, (hl)
    00000E07 D1               [12] 2983 	pop	de
    00000E08 30 09            [12] 2984 	jr	NC, 00337$
    00000E0A F8 0A            [12] 2985 	ldhl	sp,	#10
    00000E0C 7B               [ 4] 2986 	ld	a, e
    00000E0D 96               [ 8] 2987 	sub	a, (hl)
    00000E0E 23               [ 8] 2988 	inc	hl
    00000E0F 7A               [ 4] 2989 	ld	a, d
    00000E10 9E               [ 8] 2990 	sbc	a, (hl)
    00000E11 38 04            [12] 2991 	jr	C, 00338$
    00000E13                       2992 00337$:
    00000E13 0E 07            [ 8] 2993 	ld	c, #0x07
    00000E15 18 21            [12] 2994 	jr	00340$
    00000E17                       2995 00338$:
                                   2996 ;include/collision.h:57: return col_of(map[(uint16_t)my * map_w + mx]);
    00000E17 F8 13            [12] 2997 	ldhl	sp,	#19
    00000E19 2A               [ 8] 2998 	ld	a, (hl+)
    00000E1A 4F               [ 4] 2999 	ld	c, a
    00000E1B 46               [ 8] 3000 	ld	b, (hl)
    00000E1C CDr00r00         [24] 3001 	call	__mulint
    00000E1F F8 1B            [12] 3002 	ldhl	sp,	#27
    00000E21 2A               [ 8] 3003 	ld	a,	(hl+)
    00000E22 66               [ 8] 3004 	ld	h, (hl)
    00000E23 6F               [ 4] 3005 	ld	l, a
    00000E24 09               [ 8] 3006 	add	hl, bc
    00000E25 4D               [ 4] 3007 	ld	c, l
    00000E26 44               [ 4] 3008 	ld	b, h
    00000E27 F8 15            [12] 3009 	ldhl	sp,	#21
    00000E29 2A               [ 8] 3010 	ld	a,	(hl+)
    00000E2A 66               [ 8] 3011 	ld	h, (hl)
    00000E2B 6F               [ 4] 3012 	ld	l, a
    00000E2C 09               [ 8] 3013 	add	hl, bc
    00000E2D 4D               [ 4] 3014 	ld	c, l
    00000E2E 44               [ 4] 3015 	ld	b, h
    00000E2F 0A               [ 8] 3016 	ld	a, (bc)
                                   3017 ;include/collision.h:40: return famidash_metatile_collision[tile_id];
    00000E30 6F               [ 4] 3018 	ld	l, a
    00000E31 26 00            [ 8] 3019 	ld	h, #0x00
    00000E33 11r00r00         [12] 3020 	ld	de, #_famidash_metatile_collision
    00000E36 19               [ 8] 3021 	add	hl, de
    00000E37 4E               [ 8] 3022 	ld	c, (hl)
                                   3023 ;include/player.h:37: return col_at(px, py, map, map_w, map_h);
    00000E38                       3024 00340$:
                                   3025 ;include/player.h:105: IS_HAZARD(col_point(hx2, hy2, map, map_w, map_h))) {
    00000E38 79               [ 4] 3026 	ld	a, c
    00000E39 D6 04            [ 8] 3027 	sub	a, #0x04
    00000E3B CArFFr0E         [16] 3028 	jp	Z, 00134$
                                   3029 ;include/collision.h:53: if (world_py < 0) return COL_NONE;            // above map = sky
    00000E3E F8 28            [12] 3030 	ldhl	sp,	#40
    00000E40 7E               [ 8] 3031 	ld	a, (hl)
    00000E41 B7               [ 4] 3032 	or	a, a
    00000E42 28 04            [12] 3033 	jr	Z, 00343$
    00000E44 0E 00            [ 8] 3034 	ld	c, #0x00
    00000E46 18 4F            [12] 3035 	jr	00348$
    00000E48                       3036 00343$:
                                   3037 ;include/collision.h:54: uint16_t mx = world_px >> 4;                  // pixel → metatile col
    00000E48 F8 1F            [12] 3038 	ldhl	sp,	#31
    00000E4A 7E               [ 8] 3039 	ld	a, (hl)
    00000E4B F8 1B            [12] 3040 	ldhl	sp,	#27
    00000E4D 77               [ 8] 3041 	ld	(hl), a
    00000E4E F8 20            [12] 3042 	ldhl	sp,	#32
    00000E50 7E               [ 8] 3043 	ld	a, (hl)
    00000E51 F8 1C            [12] 3044 	ldhl	sp,	#28
    00000E53 77               [ 8] 3045 	ld	(hl), a
                                   3046 ;include/collision.h:55: uint16_t my = (uint16_t)world_py >> 4;        // pixel → metatile row
    00000E54 F8 19            [12] 3047 	ldhl	sp,	#25
    00000E56 2A               [ 8] 3048 	ld	a, (hl+)
    00000E57 5F               [ 4] 3049 	ld	e, a
    00000E58 56               [ 8] 3050 	ld	d, (hl)
                                   3051 ;include/collision.h:56: if (mx >= map_w || my >= map_h) return COL_ALL; // out of bounds = solid
    00000E59 D5               [16] 3052 	push	de
    00000E5A F8 1D            [12] 3053 	ldhl	sp,	#29
    00000E5C 5D               [ 4] 3054 	ld	e, l
    00000E5D 54               [ 4] 3055 	ld	d, h
    00000E5E F8 15            [12] 3056 	ldhl	sp,	#21
    00000E60 1A               [ 8] 3057 	ld	a, (de)
    00000E61 13               [ 8] 3058 	inc	de
    00000E62 96               [ 8] 3059 	sub	a, (hl)
    00000E63 23               [ 8] 3060 	inc	hl
    00000E64 1A               [ 8] 3061 	ld	a, (de)
    00000E65 9E               [ 8] 3062 	sbc	a, (hl)
    00000E66 D1               [12] 3063 	pop	de
    00000E67 30 09            [12] 3064 	jr	NC, 00345$
    00000E69 F8 0A            [12] 3065 	ldhl	sp,	#10
    00000E6B 7B               [ 4] 3066 	ld	a, e
    00000E6C 96               [ 8] 3067 	sub	a, (hl)
    00000E6D 23               [ 8] 3068 	inc	hl
    00000E6E 7A               [ 4] 3069 	ld	a, d
    00000E6F 9E               [ 8] 3070 	sbc	a, (hl)
    00000E70 38 04            [12] 3071 	jr	C, 00346$
    00000E72                       3072 00345$:
    00000E72 0E 07            [ 8] 3073 	ld	c, #0x07
    00000E74 18 21            [12] 3074 	jr	00348$
    00000E76                       3075 00346$:
                                   3076 ;include/collision.h:57: return col_of(map[(uint16_t)my * map_w + mx]);
    00000E76 F8 13            [12] 3077 	ldhl	sp,	#19
    00000E78 2A               [ 8] 3078 	ld	a, (hl+)
    00000E79 4F               [ 4] 3079 	ld	c, a
    00000E7A 46               [ 8] 3080 	ld	b, (hl)
    00000E7B CDr00r00         [24] 3081 	call	__mulint
    00000E7E F8 1B            [12] 3082 	ldhl	sp,	#27
    00000E80 2A               [ 8] 3083 	ld	a,	(hl+)
    00000E81 66               [ 8] 3084 	ld	h, (hl)
    00000E82 6F               [ 4] 3085 	ld	l, a
    00000E83 09               [ 8] 3086 	add	hl, bc
    00000E84 4D               [ 4] 3087 	ld	c, l
    00000E85 44               [ 4] 3088 	ld	b, h
    00000E86 F8 15            [12] 3089 	ldhl	sp,	#21
    00000E88 2A               [ 8] 3090 	ld	a,	(hl+)
    00000E89 66               [ 8] 3091 	ld	h, (hl)
    00000E8A 6F               [ 4] 3092 	ld	l, a
    00000E8B 09               [ 8] 3093 	add	hl, bc
    00000E8C 4D               [ 4] 3094 	ld	c, l
    00000E8D 44               [ 4] 3095 	ld	b, h
    00000E8E 0A               [ 8] 3096 	ld	a, (bc)
                                   3097 ;include/collision.h:40: return famidash_metatile_collision[tile_id];
    00000E8F 6F               [ 4] 3098 	ld	l, a
    00000E90 26 00            [ 8] 3099 	ld	h, #0x00
    00000E92 11r00r00         [12] 3100 	ld	de, #_famidash_metatile_collision
    00000E95 19               [ 8] 3101 	add	hl, de
    00000E96 4E               [ 8] 3102 	ld	c, (hl)
                                   3103 ;include/player.h:37: return col_at(px, py, map, map_w, map_h);
    00000E97                       3104 00348$:
                                   3105 ;include/player.h:105: IS_HAZARD(col_point(hx2, hy2, map, map_w, map_h))) {
    00000E97 79               [ 4] 3106 	ld	a, c
    00000E98 D6 02            [ 8] 3107 	sub	a, #0x02
    00000E9A 28 63            [12] 3108 	jr	Z, 00134$
                                   3109 ;include/collision.h:53: if (world_py < 0) return COL_NONE;            // above map = sky
    00000E9C F8 28            [12] 3110 	ldhl	sp,	#40
    00000E9E 7E               [ 8] 3111 	ld	a, (hl)
    00000E9F B7               [ 4] 3112 	or	a, a
    00000EA0 28 04            [12] 3113 	jr	Z, 00351$
    00000EA2 36 00            [12] 3114 	ld	(hl), #0x00
    00000EA4 18 53            [12] 3115 	jr	00356$
    00000EA6                       3116 00351$:
                                   3117 ;include/collision.h:54: uint16_t mx = world_px >> 4;                  // pixel → metatile col
                                   3118 ;include/collision.h:55: uint16_t my = (uint16_t)world_py >> 4;        // pixel → metatile row
    00000EA6 F8 19            [12] 3119 	ldhl	sp,	#25
    00000EA8 2A               [ 8] 3120 	ld	a, (hl+)
    00000EA9 23               [ 8] 3121 	inc	hl
    00000EAA 32               [ 8] 3122 	ld	(hl-), a
    00000EAB 2A               [ 8] 3123 	ld	a, (hl+)
    00000EAC 23               [ 8] 3124 	inc	hl
    00000EAD 77               [ 8] 3125 	ld	(hl), a
                                   3126 ;include/collision.h:56: if (mx >= map_w || my >= map_h) return COL_ALL; // out of bounds = solid
    00000EAE F8 1F            [12] 3127 	ldhl	sp,	#31
    00000EB0 5D               [ 4] 3128 	ld	e, l
    00000EB1 54               [ 4] 3129 	ld	d, h
    00000EB2 F8 13            [12] 3130 	ldhl	sp,	#19
    00000EB4 1A               [ 8] 3131 	ld	a, (de)
    00000EB5 13               [ 8] 3132 	inc	de
    00000EB6 96               [ 8] 3133 	sub	a, (hl)
    00000EB7 23               [ 8] 3134 	inc	hl
    00000EB8 1A               [ 8] 3135 	ld	a, (de)
    00000EB9 9E               [ 8] 3136 	sbc	a, (hl)
    00000EBA 30 0E            [12] 3137 	jr	NC, 00353$
    00000EBC F8 1B            [12] 3138 	ldhl	sp,	#27
    00000EBE 5D               [ 4] 3139 	ld	e, l
    00000EBF 54               [ 4] 3140 	ld	d, h
    00000EC0 F8 0A            [12] 3141 	ldhl	sp,	#10
    00000EC2 1A               [ 8] 3142 	ld	a, (de)
    00000EC3 13               [ 8] 3143 	inc	de
    00000EC4 96               [ 8] 3144 	sub	a, (hl)
    00000EC5 23               [ 8] 3145 	inc	hl
    00000EC6 1A               [ 8] 3146 	ld	a, (de)
    00000EC7 9E               [ 8] 3147 	sbc	a, (hl)
    00000EC8 38 06            [12] 3148 	jr	C, 00354$
    00000ECA                       3149 00353$:
    00000ECA F8 28            [12] 3150 	ldhl	sp,	#40
    00000ECC 36 07            [12] 3151 	ld	(hl), #0x07
    00000ECE 18 29            [12] 3152 	jr	00356$
    00000ED0                       3153 00354$:
                                   3154 ;include/collision.h:57: return col_of(map[(uint16_t)my * map_w + mx]);
    00000ED0 F8 13            [12] 3155 	ldhl	sp,	#19
    00000ED2 2A               [ 8] 3156 	ld	a, (hl+)
    00000ED3 4F               [ 4] 3157 	ld	c, a
    00000ED4 46               [ 8] 3158 	ld	b, (hl)
    00000ED5 F8 1B            [12] 3159 	ldhl	sp,	#27
    00000ED7 2A               [ 8] 3160 	ld	a, (hl+)
    00000ED8 5F               [ 4] 3161 	ld	e, a
    00000ED9 56               [ 8] 3162 	ld	d, (hl)
    00000EDA CDr00r00         [24] 3163 	call	__mulint
    00000EDD F8 1F            [12] 3164 	ldhl	sp,	#31
    00000EDF 2A               [ 8] 3165 	ld	a,	(hl+)
    00000EE0 66               [ 8] 3166 	ld	h, (hl)
    00000EE1 6F               [ 4] 3167 	ld	l, a
    00000EE2 09               [ 8] 3168 	add	hl, bc
    00000EE3 4D               [ 4] 3169 	ld	c, l
    00000EE4 44               [ 4] 3170 	ld	b, h
    00000EE5 F8 15            [12] 3171 	ldhl	sp,	#21
    00000EE7 2A               [ 8] 3172 	ld	a,	(hl+)
    00000EE8 66               [ 8] 3173 	ld	h, (hl)
    00000EE9 6F               [ 4] 3174 	ld	l, a
    00000EEA 09               [ 8] 3175 	add	hl, bc
    00000EEB 4D               [ 4] 3176 	ld	c, l
    00000EEC 44               [ 4] 3177 	ld	b, h
    00000EED 0A               [ 8] 3178 	ld	a, (bc)
                                   3179 ;include/collision.h:40: return famidash_metatile_collision[tile_id];
    00000EEE 6F               [ 4] 3180 	ld	l, a
    00000EEF 26 00            [ 8] 3181 	ld	h, #0x00
    00000EF1 11r00r00         [12] 3182 	ld	de, #_famidash_metatile_collision
    00000EF4 19               [ 8] 3183 	add	hl, de
    00000EF5 7E               [ 8] 3184 	ld	a, (hl)
    00000EF6 F8 28            [12] 3185 	ldhl	sp,	#40
    00000EF8 77               [ 8] 3186 	ld	(hl), a
                                   3187 ;include/player.h:37: return col_at(px, py, map, map_w, map_h);
    00000EF9                       3188 00356$:
                                   3189 ;include/player.h:105: IS_HAZARD(col_point(hx2, hy2, map, map_w, map_h))) {
    00000EF9 F8 28            [12] 3190 	ldhl	sp,	#40
    00000EFB 7E               [ 8] 3191 	ld	a, (hl)
    00000EFC 3D               [ 4] 3192 	dec	a
    00000EFD 20 0B            [12] 3193 	jr	NZ, 00135$
    00000EFF                       3194 00134$:
                                   3195 ;include/player.h:106: p->dead = 1;
    00000EFF F8 04            [12] 3196 	ldhl	sp,	#4
    00000F01 2A               [ 8] 3197 	ld	a, (hl+)
    00000F02 66               [ 8] 3198 	ld	h, (hl)
    00000F03 6F               [ 4] 3199 	ld	l, a
                                   3200 ;include/player.h:107: return 1;
    00000F04 3E 01            [ 8] 3201 	ld	a,#0x01
    00000F06 77               [ 8] 3202 	ld	(hl),a
    00000F07 C3rD3r10         [16] 3203 	jp	00377$
    00000F0A                       3204 00135$:
                                   3205 ;include/player.h:111: uint8_t cm_l = col_point(p->world_x,               p->world_y + 7, map, map_w, map_h);
    00000F0A F8 06            [12] 3206 	ldhl	sp,#6
    00000F0C 2A               [ 8] 3207 	ld	a, (hl+)
    00000F0D 5F               [ 4] 3208 	ld	e, a
    00000F0E 56               [ 8] 3209 	ld	d, (hl)
    00000F0F 21 07 00         [12] 3210 	ld	hl, #0x0007
    00000F12 19               [ 8] 3211 	add	hl, de
    00000F13 E5               [16] 3212 	push	hl
    00000F14 7D               [ 4] 3213 	ld	a, l
    00000F15 F8 21            [12] 3214 	ldhl	sp,	#33
    00000F17 77               [ 8] 3215 	ld	(hl), a
    00000F18 E1               [12] 3216 	pop	hl
    00000F19 7C               [ 4] 3217 	ld	a, h
    00000F1A F8 20            [12] 3218 	ldhl	sp,	#32
    00000F1C 32               [ 8] 3219 	ld	(hl-), a
    00000F1D 7E               [ 8] 3220 	ld	a, (hl)
    00000F1E F8 1B            [12] 3221 	ldhl	sp,	#27
    00000F20 77               [ 8] 3222 	ld	(hl), a
    00000F21 F8 20            [12] 3223 	ldhl	sp,	#32
    00000F23 7E               [ 8] 3224 	ld	a, (hl)
    00000F24 F8 1C            [12] 3225 	ldhl	sp,	#28
    00000F26 32               [ 8] 3226 	ld	(hl-), a
    00000F27 7E               [ 8] 3227 	ld	a, (hl)
    00000F28 F8 1F            [12] 3228 	ldhl	sp,	#31
    00000F2A 77               [ 8] 3229 	ld	(hl), a
    00000F2B F8 1C            [12] 3230 	ldhl	sp,	#28
    00000F2D 7E               [ 8] 3231 	ld	a, (hl)
    00000F2E F8 20            [12] 3232 	ldhl	sp,	#32
    00000F30 32               [ 8] 3233 	ld	(hl-), a
    00000F31 2A               [ 8] 3234 	ld	a, (hl+)
    00000F32 CB 7E            [12] 3235 	bit	7, (hl)
    00000F34 28 03            [12] 3236 	jr	Z, 00359$
    00000F36 AF               [ 4] 3237 	xor	a, a
    00000F37 18 6C            [12] 3238 	jr	00364$
    00000F39                       3239 00359$:
                                   3240 ;include/collision.h:54: uint16_t mx = world_px >> 4;                  // pixel → metatile col
    00000F39 F8 24            [12] 3241 	ldhl	sp,	#36
    00000F3B CB 3E            [16] 3242 	srl	(hl)
    00000F3D 2B               [ 8] 3243 	dec	hl
    00000F3E CB 1E            [16] 3244 	rr	(hl)
    00000F40 23               [ 8] 3245 	inc	hl
    00000F41 CB 3E            [16] 3246 	srl	(hl)
    00000F43 2B               [ 8] 3247 	dec	hl
    00000F44 CB 1E            [16] 3248 	rr	(hl)
    00000F46 23               [ 8] 3249 	inc	hl
    00000F47 CB 3E            [16] 3250 	srl	(hl)
    00000F49 2B               [ 8] 3251 	dec	hl
    00000F4A CB 1E            [16] 3252 	rr	(hl)
    00000F4C 23               [ 8] 3253 	inc	hl
    00000F4D CB 3E            [16] 3254 	srl	(hl)
    00000F4F 2B               [ 8] 3255 	dec	hl
    00000F50 CB 1E            [16] 3256 	rr	(hl)
                                   3257 ;include/collision.h:55: uint16_t my = (uint16_t)world_py >> 4;        // pixel → metatile row
    00000F52 F8 1F            [12] 3258 	ldhl	sp,	#31
    00000F54 2A               [ 8] 3259 	ld	a, (hl+)
    00000F55 5F               [ 4] 3260 	ld	e, a
    00000F56 56               [ 8] 3261 	ld	d, (hl)
    00000F57 CB 3A            [ 8] 3262 	srl	d
    00000F59 CB 1B            [ 8] 3263 	rr	e
    00000F5B CB 3A            [ 8] 3264 	srl	d
    00000F5D CB 1B            [ 8] 3265 	rr	e
    00000F5F CB 3A            [ 8] 3266 	srl	d
    00000F61 CB 1B            [ 8] 3267 	rr	e
    00000F63 CB 3A            [ 8] 3268 	srl	d
    00000F65 CB 1B            [ 8] 3269 	rr	e
                                   3270 ;include/player.h:111: uint8_t cm_l = col_point(p->world_x,               p->world_y + 7, map, map_w, map_h);
    00000F67 D5               [16] 3271 	push	de
    00000F68 F8 25            [12] 3272 	ldhl	sp,	#37
    00000F6A 5D               [ 4] 3273 	ld	e, l
    00000F6B 54               [ 4] 3274 	ld	d, h
    00000F6C F8 15            [12] 3275 	ldhl	sp,	#21
    00000F6E 1A               [ 8] 3276 	ld	a, (de)
    00000F6F 13               [ 8] 3277 	inc	de
    00000F70 96               [ 8] 3278 	sub	a, (hl)
    00000F71 23               [ 8] 3279 	inc	hl
    00000F72 1A               [ 8] 3280 	ld	a, (de)
    00000F73 9E               [ 8] 3281 	sbc	a, (hl)
    00000F74 D1               [12] 3282 	pop	de
    00000F75 30 09            [12] 3283 	jr	NC, 00361$
    00000F77 F8 0A            [12] 3284 	ldhl	sp,	#10
    00000F79 7B               [ 4] 3285 	ld	a, e
    00000F7A 96               [ 8] 3286 	sub	a, (hl)
    00000F7B 23               [ 8] 3287 	inc	hl
    00000F7C 7A               [ 4] 3288 	ld	a, d
    00000F7D 9E               [ 8] 3289 	sbc	a, (hl)
    00000F7E 38 04            [12] 3290 	jr	C, 00362$
    00000F80                       3291 00361$:
    00000F80 3E 07            [ 8] 3292 	ld	a, #0x07
    00000F82 18 21            [12] 3293 	jr	00364$
    00000F84                       3294 00362$:
    00000F84 F8 13            [12] 3295 	ldhl	sp,	#19
    00000F86 2A               [ 8] 3296 	ld	a, (hl+)
    00000F87 4F               [ 4] 3297 	ld	c, a
    00000F88 46               [ 8] 3298 	ld	b, (hl)
    00000F89 CDr00r00         [24] 3299 	call	__mulint
    00000F8C F8 23            [12] 3300 	ldhl	sp,	#35
    00000F8E 2A               [ 8] 3301 	ld	a,	(hl+)
    00000F8F 66               [ 8] 3302 	ld	h, (hl)
    00000F90 6F               [ 4] 3303 	ld	l, a
    00000F91 09               [ 8] 3304 	add	hl, bc
    00000F92 4D               [ 4] 3305 	ld	c, l
    00000F93 44               [ 4] 3306 	ld	b, h
    00000F94 F8 15            [12] 3307 	ldhl	sp,	#21
    00000F96 2A               [ 8] 3308 	ld	a,	(hl+)
    00000F97 66               [ 8] 3309 	ld	h, (hl)
    00000F98 6F               [ 4] 3310 	ld	l, a
    00000F99 09               [ 8] 3311 	add	hl, bc
    00000F9A 4D               [ 4] 3312 	ld	c, l
    00000F9B 44               [ 4] 3313 	ld	b, h
    00000F9C 0A               [ 8] 3314 	ld	a, (bc)
    00000F9D 6F               [ 4] 3315 	ld	l, a
    00000F9E 26 00            [ 8] 3316 	ld	h, #0x00
    00000FA0 11r00r00         [12] 3317 	ld	de, #_famidash_metatile_collision
    00000FA3 19               [ 8] 3318 	add	hl, de
    00000FA4 7E               [ 8] 3319 	ld	a, (hl)
    00000FA5                       3320 00364$:
    00000FA5 F8 28            [12] 3321 	ldhl	sp,	#40
    00000FA7 77               [ 8] 3322 	ld	(hl), a
                                   3323 ;include/player.h:112: uint8_t cm_r = col_point(p->world_x + PLAYER_SIZE,  p->world_y + 7, map, map_w, map_h);
    00000FA8 F8 1D            [12] 3324 	ldhl	sp,#29
    00000FAA 2A               [ 8] 3325 	ld	a, (hl+)
    00000FAB 5F               [ 4] 3326 	ld	e, a
    00000FAC 56               [ 8] 3327 	ld	d, (hl)
    00000FAD 21 0F 00         [12] 3328 	ld	hl, #0x000f
    00000FB0 19               [ 8] 3329 	add	hl, de
    00000FB1 4D               [ 4] 3330 	ld	c, l
    00000FB2 7C               [ 4] 3331 	ld	a, h
    00000FB3 F8 23            [12] 3332 	ldhl	sp,	#35
    00000FB5 71               [ 8] 3333 	ld	(hl), c
    00000FB6 23               [ 8] 3334 	inc	hl
    00000FB7 77               [ 8] 3335 	ld	(hl), a
    00000FB8 F8 1B            [12] 3336 	ldhl	sp,	#27
    00000FBA 2A               [ 8] 3337 	ld	a, (hl+)
    00000FBB 4F               [ 4] 3338 	ld	c, a
    00000FBC 46               [ 8] 3339 	ld	b, (hl)
    00000FBD CB 78            [ 8] 3340 	bit	7, b
    00000FBF 28 07            [12] 3341 	jr	Z, 00367$
    00000FC1 F8 24            [12] 3342 	ldhl	sp,	#36
    00000FC3 36 00            [12] 3343 	ld	(hl), #0x00
    00000FC5 C3r59r10         [16] 3344 	jp	00372$
    00000FC8                       3345 00367$:
                                   3346 ;include/collision.h:54: uint16_t mx = world_px >> 4;                  // pixel → metatile col
    00000FC8 F8 23            [12] 3347 	ldhl	sp,	#35
    00000FCA 7E               [ 8] 3348 	ld	a, (hl)
    00000FCB F8 1F            [12] 3349 	ldhl	sp,	#31
    00000FCD 77               [ 8] 3350 	ld	(hl), a
    00000FCE F8 24            [12] 3351 	ldhl	sp,	#36
    00000FD0 7E               [ 8] 3352 	ld	a, (hl)
    00000FD1 F8 20            [12] 3353 	ldhl	sp,	#32
    00000FD3 77               [ 8] 3354 	ld	(hl), a
    00000FD4 CB 3E            [16] 3355 	srl	(hl)
    00000FD6 2B               [ 8] 3356 	dec	hl
    00000FD7 CB 1E            [16] 3357 	rr	(hl)
    00000FD9 23               [ 8] 3358 	inc	hl
    00000FDA CB 3E            [16] 3359 	srl	(hl)
    00000FDC 2B               [ 8] 3360 	dec	hl
    00000FDD CB 1E            [16] 3361 	rr	(hl)
    00000FDF 23               [ 8] 3362 	inc	hl
    00000FE0 CB 3E            [16] 3363 	srl	(hl)
    00000FE2 2B               [ 8] 3364 	dec	hl
    00000FE3 CB 1E            [16] 3365 	rr	(hl)
    00000FE5 23               [ 8] 3366 	inc	hl
    00000FE6 CB 3E            [16] 3367 	srl	(hl)
    00000FE8 2B               [ 8] 3368 	dec	hl
    00000FE9 CB 1E            [16] 3369 	rr	(hl)
                                   3370 ;include/collision.h:55: uint16_t my = (uint16_t)world_py >> 4;        // pixel → metatile row
    00000FEB F8 1B            [12] 3371 	ldhl	sp,	#27
    00000FED 7E               [ 8] 3372 	ld	a, (hl)
    00000FEE F8 23            [12] 3373 	ldhl	sp,	#35
    00000FF0 77               [ 8] 3374 	ld	(hl), a
    00000FF1 F8 1C            [12] 3375 	ldhl	sp,	#28
    00000FF3 7E               [ 8] 3376 	ld	a, (hl)
    00000FF4 F8 24            [12] 3377 	ldhl	sp,	#36
    00000FF6 77               [ 8] 3378 	ld	(hl), a
    00000FF7 CB 3E            [16] 3379 	srl	(hl)
    00000FF9 2B               [ 8] 3380 	dec	hl
    00000FFA CB 1E            [16] 3381 	rr	(hl)
    00000FFC 23               [ 8] 3382 	inc	hl
    00000FFD CB 3E            [16] 3383 	srl	(hl)
    00000FFF 2B               [ 8] 3384 	dec	hl
    00001000 CB 1E            [16] 3385 	rr	(hl)
    00001002 23               [ 8] 3386 	inc	hl
    00001003 CB 3E            [16] 3387 	srl	(hl)
    00001005 2B               [ 8] 3388 	dec	hl
    00001006 CB 1E            [16] 3389 	rr	(hl)
    00001008 23               [ 8] 3390 	inc	hl
    00001009 CB 3E            [16] 3391 	srl	(hl)
    0000100B 2B               [ 8] 3392 	dec	hl
    0000100C CB 1E            [16] 3393 	rr	(hl)
                                   3394 ;include/player.h:112: uint8_t cm_r = col_point(p->world_x + PLAYER_SIZE,  p->world_y + 7, map, map_w, map_h);
    0000100E F8 1F            [12] 3395 	ldhl	sp,	#31
    00001010 5D               [ 4] 3396 	ld	e, l
    00001011 54               [ 4] 3397 	ld	d, h
    00001012 F8 13            [12] 3398 	ldhl	sp,	#19
    00001014 1A               [ 8] 3399 	ld	a, (de)
    00001015 13               [ 8] 3400 	inc	de
    00001016 96               [ 8] 3401 	sub	a, (hl)
    00001017 23               [ 8] 3402 	inc	hl
    00001018 1A               [ 8] 3403 	ld	a, (de)
    00001019 9E               [ 8] 3404 	sbc	a, (hl)
    0000101A 30 0E            [12] 3405 	jr	NC, 00369$
    0000101C F8 23            [12] 3406 	ldhl	sp,	#35
    0000101E 5D               [ 4] 3407 	ld	e, l
    0000101F 54               [ 4] 3408 	ld	d, h
    00001020 F8 0A            [12] 3409 	ldhl	sp,	#10
    00001022 1A               [ 8] 3410 	ld	a, (de)
    00001023 13               [ 8] 3411 	inc	de
    00001024 96               [ 8] 3412 	sub	a, (hl)
    00001025 23               [ 8] 3413 	inc	hl
    00001026 1A               [ 8] 3414 	ld	a, (de)
    00001027 9E               [ 8] 3415 	sbc	a, (hl)
    00001028 38 06            [12] 3416 	jr	C, 00370$
    0000102A                       3417 00369$:
    0000102A F8 24            [12] 3418 	ldhl	sp,	#36
    0000102C 36 07            [12] 3419 	ld	(hl), #0x07
    0000102E 18 29            [12] 3420 	jr	00372$
    00001030                       3421 00370$:
    00001030 F8 13            [12] 3422 	ldhl	sp,	#19
    00001032 2A               [ 8] 3423 	ld	a, (hl+)
    00001033 4F               [ 4] 3424 	ld	c, a
    00001034 46               [ 8] 3425 	ld	b, (hl)
    00001035 F8 23            [12] 3426 	ldhl	sp,	#35
    00001037 2A               [ 8] 3427 	ld	a, (hl+)
    00001038 5F               [ 4] 3428 	ld	e, a
    00001039 56               [ 8] 3429 	ld	d, (hl)
    0000103A CDr00r00         [24] 3430 	call	__mulint
    0000103D F8 1F            [12] 3431 	ldhl	sp,	#31
    0000103F 2A               [ 8] 3432 	ld	a,	(hl+)
    00001040 66               [ 8] 3433 	ld	h, (hl)
    00001041 6F               [ 4] 3434 	ld	l, a
    00001042 09               [ 8] 3435 	add	hl, bc
    00001043 4D               [ 4] 3436 	ld	c, l
    00001044 44               [ 4] 3437 	ld	b, h
    00001045 F8 15            [12] 3438 	ldhl	sp,	#21
    00001047 2A               [ 8] 3439 	ld	a,	(hl+)
    00001048 66               [ 8] 3440 	ld	h, (hl)
    00001049 6F               [ 4] 3441 	ld	l, a
    0000104A 09               [ 8] 3442 	add	hl, bc
    0000104B 4D               [ 4] 3443 	ld	c, l
    0000104C 44               [ 4] 3444 	ld	b, h
    0000104D 0A               [ 8] 3445 	ld	a, (bc)
    0000104E 6F               [ 4] 3446 	ld	l, a
    0000104F 26 00            [ 8] 3447 	ld	h, #0x00
    00001051 11r00r00         [12] 3448 	ld	de, #_famidash_metatile_collision
    00001054 19               [ 8] 3449 	add	hl, de
    00001055 7E               [ 8] 3450 	ld	a, (hl)
    00001056 F8 24            [12] 3451 	ldhl	sp,	#36
    00001058 77               [ 8] 3452 	ld	(hl), a
    00001059                       3453 00372$:
                                   3454 ;include/player.h:113: if (IS_SOLID(cm_l) || IS_SOLID(cm_r)) {
    00001059 F8 28            [12] 3455 	ldhl	sp,	#40
    0000105B 7E               [ 8] 3456 	ld	a, (hl)
    0000105C D6 07            [ 8] 3457 	sub	a, #0x07
    0000105E 28 31            [12] 3458 	jr	Z, 00155$
    00001060 F8 28            [12] 3459 	ldhl	sp,	#40
    00001062 7E               [ 8] 3460 	ld	a, (hl)
    00001063 D6 09            [ 8] 3461 	sub	a, #0x09
    00001065 28 2A            [12] 3462 	jr	Z, 00155$
    00001067 F8 28            [12] 3463 	ldhl	sp,	#40
    00001069 7E               [ 8] 3464 	ld	a, (hl)
    0000106A D6 05            [ 8] 3465 	sub	a, #0x05
    0000106C 28 23            [12] 3466 	jr	Z, 00155$
    0000106E F8 28            [12] 3467 	ldhl	sp,	#40
    00001070 7E               [ 8] 3468 	ld	a, (hl)
    00001071 D6 06            [ 8] 3469 	sub	a, #0x06
    00001073 28 1C            [12] 3470 	jr	Z, 00155$
    00001075 F8 24            [12] 3471 	ldhl	sp,	#36
    00001077 7E               [ 8] 3472 	ld	a, (hl)
    00001078 D6 07            [ 8] 3473 	sub	a, #0x07
    0000107A 28 15            [12] 3474 	jr	Z, 00155$
    0000107C F8 24            [12] 3475 	ldhl	sp,	#36
    0000107E 7E               [ 8] 3476 	ld	a, (hl)
    0000107F D6 09            [ 8] 3477 	sub	a, #0x09
    00001081 28 0E            [12] 3478 	jr	Z, 00155$
    00001083 F8 24            [12] 3479 	ldhl	sp,	#36
    00001085 7E               [ 8] 3480 	ld	a, (hl)
    00001086 D6 05            [ 8] 3481 	sub	a, #0x05
    00001088 28 07            [12] 3482 	jr	Z, 00155$
    0000108A F8 24            [12] 3483 	ldhl	sp,	#36
    0000108C 7E               [ 8] 3484 	ld	a, (hl)
    0000108D D6 06            [ 8] 3485 	sub	a, #0x06
    0000108F 20 0A            [12] 3486 	jr	NZ, 00156$
    00001091                       3487 00155$:
                                   3488 ;include/player.h:114: p->dead = 1;
    00001091 F8 04            [12] 3489 	ldhl	sp,	#4
    00001093 2A               [ 8] 3490 	ld	a, (hl+)
    00001094 66               [ 8] 3491 	ld	h, (hl)
    00001095 6F               [ 4] 3492 	ld	l, a
                                   3493 ;include/player.h:115: return 1;
    00001096 3E 01            [ 8] 3494 	ld	a,#0x01
    00001098 77               [ 8] 3495 	ld	(hl),a
    00001099 18 38            [12] 3496 	jr	00377$
    0000109B                       3497 00156$:
                                   3498 ;include/player.h:119: if (p->world_y > (int16_t)((uint16_t)map_h << 4)) {
    0000109B F8 0A            [12] 3499 	ldhl	sp,	#10
    0000109D 2A               [ 8] 3500 	ld	a, (hl+)
    0000109E 46               [ 8] 3501 	ld	b, (hl)
    0000109F 87               [ 4] 3502 	add	a, a
    000010A0 CB 10            [ 8] 3503 	rl	b
    000010A2 87               [ 4] 3504 	add	a, a
    000010A3 CB 10            [ 8] 3505 	rl	b
    000010A5 87               [ 4] 3506 	add	a, a
    000010A6 CB 10            [ 8] 3507 	rl	b
    000010A8 87               [ 4] 3508 	add	a, a
    000010A9 CB 10            [ 8] 3509 	rl	b
    000010AB 4F               [ 4] 3510 	ld	c, a
    000010AC F8 21            [12] 3511 	ldhl	sp,	#33
    000010AE 79               [ 4] 3512 	ld	a, c
    000010AF 96               [ 8] 3513 	sub	a, (hl)
    000010B0 23               [ 8] 3514 	inc	hl
    000010B1 78               [ 4] 3515 	ld	a, b
    000010B2 9E               [ 8] 3516 	sbc	a, (hl)
    000010B3 78               [ 4] 3517 	ld	a, b
    000010B4 57               [ 4] 3518 	ld	d, a
    000010B5 5E               [ 8] 3519 	ld	e, (hl)
    000010B6 CB 7B            [ 8] 3520 	bit	7, e
    000010B8 28 07            [12] 3521 	jr	Z, 01169$
    000010BA CB 7A            [ 8] 3522 	bit	7, d
    000010BC 20 08            [12] 3523 	jr	NZ, 01170$
    000010BE BF               [ 4] 3524 	cp	a, a
    000010BF 18 05            [12] 3525 	jr	01170$
    000010C1                       3526 01169$:
    000010C1 CB 7A            [ 8] 3527 	bit	7, d
    000010C3 28 01            [12] 3528 	jr	Z, 01170$
    000010C5 37               [ 4] 3529 	scf
    000010C6                       3530 01170$:
    000010C6 30 0A            [12] 3531 	jr	NC, 00165$
                                   3532 ;include/player.h:120: p->dead = 1;
    000010C8 F8 04            [12] 3533 	ldhl	sp,	#4
    000010CA 2A               [ 8] 3534 	ld	a, (hl+)
    000010CB 66               [ 8] 3535 	ld	h, (hl)
    000010CC 6F               [ 4] 3536 	ld	l, a
                                   3537 ;include/player.h:121: return 1;
    000010CD 3E 01            [ 8] 3538 	ld	a,#0x01
    000010CF 77               [ 8] 3539 	ld	(hl),a
    000010D0 18 01            [12] 3540 	jr	00377$
    000010D2                       3541 00165$:
                                   3542 ;include/player.h:124: return 0;
    000010D2 AF               [ 4] 3543 	xor	a, a
    000010D3                       3544 00377$:
                                   3545 ;include/player.h:125: }
    000010D3 E8 29            [16] 3546 	add	sp, #41
    000010D5 E1               [12] 3547 	pop	hl
    000010D6 E8 06            [16] 3548 	add	sp, #6
    000010D8 E9               [ 4] 3549 	jp	(hl)
                                   3550 ;include/player.h:127: static inline int16_t player_screen_y(const Player *p, uint16_t cam_py) {
                                   3551 ;	---------------------------------
                                   3552 ; Function player_screen_y
                                   3553 ; ---------------------------------
    000010D9                       3554 _player_screen_y:
                                   3555 ;include/player.h:128: return p->world_y - (int16_t)cam_py;
    000010D9 6B               [ 4] 3556 	ld	l, e
    000010DA 62               [ 4] 3557 	ld	h, d
    000010DB 23               [ 8] 3558 	inc	hl
    000010DC 23               [ 8] 3559 	inc	hl
    000010DD 2A               [ 8] 3560 	ld	a, (hl+)
    000010DE 6E               [ 8] 3561 	ld	l, (hl)
    000010DF 91               [ 4] 3562 	sub	a, c
    000010E0 4F               [ 4] 3563 	ld	c, a
    000010E1 7D               [ 4] 3564 	ld	a, l
    000010E2 98               [ 4] 3565 	sbc	a, b
    000010E3 47               [ 4] 3566 	ld	b, a
                                   3567 ;include/player.h:129: }
    000010E4 C9               [16] 3568 	ret
                                   3569 ;src/main.c:26: void play_music_safe(void) {
                                   3570 ;	---------------------------------
                                   3571 ; Function play_music_safe
                                   3572 ; ---------------------------------
    000010E5                       3573 _play_music_safe::
                                   3574 ;src/main.c:27: if (music_ready) hUGE_dosound();
    000010E5 FAr00r00         [16] 3575 	ld	a, (#_music_ready)
    000010E8 B7               [ 4] 3576 	or	a, a
    000010E9 C2r00r00         [16] 3577 	jp	NZ, _hUGE_dosound
                                   3578 ;src/main.c:28: }
    000010EC C9               [16] 3579 	ret
    000010ED                       3580 _cube_tiles:
    000010ED FF                    3581 	.db #0xff	; 255
    000010EE FF                    3582 	.db #0xff	; 255
    000010EF C0                    3583 	.db #0xc0	; 192
    000010F0 C0                    3584 	.db #0xc0	; 192
    000010F1 90                    3585 	.db #0x90	; 144
    000010F2 D0                    3586 	.db #0xd0	; 208
    000010F3 90                    3587 	.db #0x90	; 144
    000010F4 90                    3588 	.db #0x90	; 144
    000010F5 88                    3589 	.db #0x88	; 136
    000010F6 88                    3590 	.db #0x88	; 136
    000010F7 84                    3591 	.db #0x84	; 132
    000010F8 84                    3592 	.db #0x84	; 132
    000010F9 80                    3593 	.db #0x80	; 128
    000010FA 80                    3594 	.db #0x80	; 128
    000010FB 80                    3595 	.db #0x80	; 128
    000010FC 80                    3596 	.db #0x80	; 128
    000010FD FF                    3597 	.db #0xff	; 255
    000010FE FF                    3598 	.db #0xff	; 255
    000010FF 03                    3599 	.db #0x03	; 3
    00001100 03                    3600 	.db #0x03	; 3
    00001101 09                    3601 	.db #0x09	; 9
    00001102 0B                    3602 	.db #0x0b	; 11
    00001103 09                    3603 	.db #0x09	; 9
    00001104 09                    3604 	.db #0x09	; 9
    00001105 11                    3605 	.db #0x11	; 17
    00001106 11                    3606 	.db #0x11	; 17
    00001107 21                    3607 	.db #0x21	; 33
    00001108 21                    3608 	.db #0x21	; 33
    00001109 01                    3609 	.db #0x01	; 1
    0000110A 01                    3610 	.db #0x01	; 1
    0000110B 01                    3611 	.db #0x01	; 1
    0000110C 01                    3612 	.db #0x01	; 1
    0000110D 80                    3613 	.db #0x80	; 128
    0000110E 80                    3614 	.db #0x80	; 128
    0000110F 80                    3615 	.db #0x80	; 128
    00001110 80                    3616 	.db #0x80	; 128
    00001111 84                    3617 	.db #0x84	; 132
    00001112 84                    3618 	.db #0x84	; 132
    00001113 88                    3619 	.db #0x88	; 136
    00001114 88                    3620 	.db #0x88	; 136
    00001115 90                    3621 	.db #0x90	; 144
    00001116 90                    3622 	.db #0x90	; 144
    00001117 90                    3623 	.db #0x90	; 144
    00001118 D0                    3624 	.db #0xd0	; 208
    00001119 C0                    3625 	.db #0xc0	; 192
    0000111A C0                    3626 	.db #0xc0	; 192
    0000111B FF                    3627 	.db #0xff	; 255
    0000111C FF                    3628 	.db #0xff	; 255
    0000111D 01                    3629 	.db #0x01	; 1
    0000111E 01                    3630 	.db #0x01	; 1
    0000111F 01                    3631 	.db #0x01	; 1
    00001120 01                    3632 	.db #0x01	; 1
    00001121 21                    3633 	.db #0x21	; 33
    00001122 21                    3634 	.db #0x21	; 33
    00001123 11                    3635 	.db #0x11	; 17
    00001124 11                    3636 	.db #0x11	; 17
    00001125 09                    3637 	.db #0x09	; 9
    00001126 09                    3638 	.db #0x09	; 9
    00001127 09                    3639 	.db #0x09	; 9
    00001128 0B                    3640 	.db #0x0b	; 11
    00001129 03                    3641 	.db #0x03	; 3
    0000112A 03                    3642 	.db #0x03	; 3
    0000112B FF                    3643 	.db #0xff	; 255
    0000112C FF                    3644 	.db #0xff	; 255
                                   3645 ;src/main.c:30: void setup_menu_font(void) {
                                   3646 ;	---------------------------------
                                   3647 ; Function setup_menu_font
                                   3648 ; ---------------------------------
    0000112D                       3649 _setup_menu_font::
                                   3650 ;src/main.c:31: font_init();
    0000112D CDr00r00         [24] 3651 	call	_font_init
                                   3652 ;src/main.c:32: font_set(font_load(font_min));
    00001130 11r00r00         [12] 3653 	ld	de, #_font_min
    00001133 D5               [16] 3654 	push	de
    00001134 CDr00r00         [24] 3655 	call	_font_load
    00001137 E1               [12] 3656 	pop	hl
    00001138 D5               [16] 3657 	push	de
    00001139 CDr00r00         [24] 3658 	call	_font_set
    0000113C E1               [12] 3659 	pop	hl
                                   3660 ;src/main.c:33: }
    0000113D C9               [16] 3661 	ret
                                   3662 ;src/main.c:35: void load_bkg_tileset(const uint8_t* tiles, uint16_t tile_count) {
                                   3663 ;	---------------------------------
                                   3664 ; Function load_bkg_tileset
                                   3665 ; ---------------------------------
    0000113E                       3666 _load_bkg_tileset::
                                   3667 ;src/main.c:36: if (tile_count == 256u) {
    0000113E 69               [ 4] 3668 	ld	l, c
    0000113F 60               [ 4] 3669 	ld	h, b
    00001140 7D               [ 4] 3670 	ld	a, l
    00001141 B7               [ 4] 3671 	or	a, a
    00001142 20 1E            [12] 3672 	jr	NZ, 00102$
    00001144 25               [ 4] 3673 	dec	h
    00001145 20 1B            [12] 3674 	jr	NZ, 00102$
                                   3675 ;src/main.c:37: set_bkg_data(0, 128, tiles);
    00001147 D5               [16] 3676 	push	de
    00001148 D5               [16] 3677 	push	de
    00001149 21 00 80         [12] 3678 	ld	hl, #0x8000
    0000114C E5               [16] 3679 	push	hl
    0000114D CDr00r00         [24] 3680 	call	_set_bkg_data
    00001150 E8 04            [16] 3681 	add	sp, #4
    00001152 D1               [12] 3682 	pop	de
                                   3683 ;src/main.c:38: set_bkg_data(128, 128, tiles + (128u * 16u));
    00001153 21 00 08         [12] 3684 	ld	hl, #0x0800
    00001156 19               [ 8] 3685 	add	hl, de
    00001157 E5               [16] 3686 	push	hl
    00001158 21 80 80         [12] 3687 	ld	hl, #0x8080
    0000115B E5               [16] 3688 	push	hl
    0000115C CDr00r00         [24] 3689 	call	_set_bkg_data
    0000115F E8 04            [16] 3690 	add	sp, #4
    00001161 C9               [16] 3691 	ret
    00001162                       3692 00102$:
                                   3693 ;src/main.c:41: set_bkg_data(0, (uint8_t)tile_count, tiles);
    00001162 79               [ 4] 3694 	ld	a, c
    00001163 D5               [16] 3695 	push	de
    00001164 67               [ 4] 3696 	ld	h, a
    00001165 2E 00            [ 8] 3697 	ld	l, #0x00
    00001167 E5               [16] 3698 	push	hl
    00001168 CDr00r00         [24] 3699 	call	_set_bkg_data
    0000116B E8 04            [16] 3700 	add	sp, #4
                                   3701 ;src/main.c:43: }
    0000116D C9               [16] 3702 	ret
                                   3703 ;src/main.c:56: void draw_mt_column(uint8_t ring_col, uint16_t map_col,
                                   3704 ;	---------------------------------
                                   3705 ; Function draw_mt_column
                                   3706 ; ---------------------------------
    0000116E                       3707 _draw_mt_column::
    0000116E E8 F6            [16] 3708 	add	sp, #-10
    00001170 F8 07            [12] 3709 	ldhl	sp,	#7
    00001172 73               [ 8] 3710 	ld	(hl), e
    00001173 23               [ 8] 3711 	inc	hl
    00001174 72               [ 8] 3712 	ld	(hl), d
                                   3713 ;src/main.c:60: uint8_t bx = ring_col << 1;
    00001175 87               [ 4] 3714 	add	a, a
    00001176 F8 02            [12] 3715 	ldhl	sp,	#2
                                   3716 ;src/main.c:63: uint8_t _prev = _current_bank;
    00001178 22               [ 8] 3717 	ld	(hl+), a
    00001179 F0r00            [12] 3718 	ldh	a, (__current_bank + 0)
    0000117B 77               [ 8] 3719 	ld	(hl), a
                                   3720 ;src/main.c:64: SWITCH_ROM(map_bank);
    0000117C F8 12            [12] 3721 	ldhl	sp,	#18
    0000117E 7E               [ 8] 3722 	ld	a, (hl)
    0000117F E0r00            [12] 3723 	ldh	(__current_bank + 0), a
    00001181 EAr00r00         [16] 3724 	ld	(#_rROMB0),a
                                   3725 ;src/main.c:66: for (uint8_t r = 0; r < map_h && r < BKG_MT_H; r++) {
    00001184 F8 09            [12] 3726 	ldhl	sp,	#9
    00001186 36 00            [12] 3727 	ld	(hl), #0x00
    00001188                       3728 00104$:
    00001188 F8 09            [12] 3729 	ldhl	sp,	#9
    0000118A 7E               [ 8] 3730 	ld	a, (hl)
    0000118B F8 05            [12] 3731 	ldhl	sp,	#5
    0000118D 22               [ 8] 3732 	ld	(hl+), a
    0000118E 36 00            [12] 3733 	ld	(hl), #0x00
    00001190 F8 05            [12] 3734 	ldhl	sp,	#5
    00001192 5D               [ 4] 3735 	ld	e, l
    00001193 54               [ 4] 3736 	ld	d, h
    00001194 F8 10            [12] 3737 	ldhl	sp,	#16
    00001196 1A               [ 8] 3738 	ld	a, (de)
    00001197 13               [ 8] 3739 	inc	de
    00001198 96               [ 8] 3740 	sub	a, (hl)
    00001199 23               [ 8] 3741 	inc	hl
    0000119A 1A               [ 8] 3742 	ld	a, (de)
    0000119B 9E               [ 8] 3743 	sbc	a, (hl)
    0000119C D2r53r12         [16] 3744 	jp	NC, 00101$
    0000119F F8 09            [12] 3745 	ldhl	sp,	#9
    000011A1 7E               [ 8] 3746 	ld	a, (hl)
    000011A2 D6 10            [ 8] 3747 	sub	a, #0x10
    000011A4 D2r53r12         [16] 3748 	jp	NC, 00101$
                                   3749 ;src/main.c:67: uint8_t mt = map[(uint16_t)r * map_w + map_col];
    000011A7 F8 0E            [12] 3750 	ldhl	sp,	#14
    000011A9 2A               [ 8] 3751 	ld	a, (hl+)
    000011AA 4F               [ 4] 3752 	ld	c, a
    000011AB 46               [ 8] 3753 	ld	b, (hl)
    000011AC F8 05            [12] 3754 	ldhl	sp,	#5
    000011AE 5E               [ 8] 3755 	ld	e, (hl)
    000011AF 16 00            [ 8] 3756 	ld	d, #0x00
    000011B1 CDr00r00         [24] 3757 	call	__mulint
    000011B4 E1               [12] 3758 	pop	hl
    000011B5 C5               [16] 3759 	push	bc
    000011B6 D1               [12] 3760 	pop	de
    000011B7 D5               [16] 3761 	push	de
    000011B8 F8 07            [12] 3762 	ldhl	sp,	#7
    000011BA 2A               [ 8] 3763 	ld	a,	(hl+)
    000011BB 66               [ 8] 3764 	ld	h, (hl)
    000011BC 6F               [ 4] 3765 	ld	l, a
    000011BD 19               [ 8] 3766 	add	hl, de
    000011BE E5               [16] 3767 	push	hl
    000011BF 7D               [ 4] 3768 	ld	a, l
    000011C0 F8 07            [12] 3769 	ldhl	sp,	#7
    000011C2 77               [ 8] 3770 	ld	(hl), a
    000011C3 E1               [12] 3771 	pop	hl
    000011C4 7C               [ 4] 3772 	ld	a, h
    000011C5 F8 06            [12] 3773 	ldhl	sp,	#6
    000011C7 32               [ 8] 3774 	ld	(hl-), a
    000011C8 2A               [ 8] 3775 	ld	a, (hl+)
    000011C9 5F               [ 4] 3776 	ld	e, a
    000011CA 56               [ 8] 3777 	ld	d, (hl)
    000011CB F8 0C            [12] 3778 	ldhl	sp,	#12
    000011CD 2A               [ 8] 3779 	ld	a,	(hl+)
    000011CE 66               [ 8] 3780 	ld	h, (hl)
    000011CF 6F               [ 4] 3781 	ld	l, a
    000011D0 19               [ 8] 3782 	add	hl, de
    000011D1 33               [ 8] 3783 	inc	sp
    000011D2 33               [ 8] 3784 	inc	sp
    000011D3 5D               [ 4] 3785 	ld	e, l
    000011D4 54               [ 4] 3786 	ld	d, h
    000011D5 D5               [16] 3787 	push	de
    000011D6 1A               [ 8] 3788 	ld	a, (de)
    000011D7 F8 05            [12] 3789 	ldhl	sp,	#5
    000011D9 77               [ 8] 3790 	ld	(hl), a
                                   3791 ;src/main.c:68: uint8_t by = (r & (BKG_MT_H - 1)) << 1;
    000011DA F8 09            [12] 3792 	ldhl	sp,	#9
    000011DC 7E               [ 8] 3793 	ld	a, (hl)
    000011DD E6 0F            [ 8] 3794 	and	a, #0x0f
    000011DF F8 06            [12] 3795 	ldhl	sp,	#6
    000011E1 77               [ 8] 3796 	ld	(hl), a
    000011E2 CB 26            [16] 3797 	sla	(hl)
                                   3798 ;src/main.c:69: set_bkg_tiles(bx, by, 2, 1, &metatiles[mt][0]);
    000011E4 2B               [ 8] 3799 	dec	hl
    000011E5 3A               [ 8] 3800 	ld	a, (hl-)
    000011E6 22               [ 8] 3801 	ld	(hl+), a
    000011E7 36 00            [12] 3802 	ld	(hl), #0x00
    000011E9 3E 02            [ 8] 3803 	ld	a, #0x02
    000011EB                       3804 00130$:
    000011EB F8 04            [12] 3805 	ldhl	sp,	#4
    000011ED CB 26            [16] 3806 	sla	(hl)
    000011EF 23               [ 8] 3807 	inc	hl
    000011F0 CB 16            [16] 3808 	rl	(hl)
    000011F2 3D               [ 4] 3809 	dec	a
    000011F3 20 F6            [12] 3810 	jr	NZ, 00130$
    000011F5 2B               [ 8] 3811 	dec	hl
    000011F6 2A               [ 8] 3812 	ld	a, (hl+)
    000011F7 5F               [ 4] 3813 	ld	e, a
    000011F8 56               [ 8] 3814 	ld	d, (hl)
    000011F9 21r00r00         [12] 3815 	ld	hl, #_metatiles
    000011FC 19               [ 8] 3816 	add	hl, de
    000011FD 33               [ 8] 3817 	inc	sp
    000011FE 33               [ 8] 3818 	inc	sp
    000011FF E5               [16] 3819 	push	hl
    00001200 F8 00            [12] 3820 	ldhl	sp,	#0
    00001202 7E               [ 8] 3821 	ld	a, (hl)
    00001203 F8 04            [12] 3822 	ldhl	sp,	#4
    00001205 77               [ 8] 3823 	ld	(hl), a
    00001206 F8 01            [12] 3824 	ldhl	sp,	#1
    00001208 7E               [ 8] 3825 	ld	a, (hl)
    00001209 F8 05            [12] 3826 	ldhl	sp,	#5
    0000120B 32               [ 8] 3827 	ld	(hl-), a
    0000120C 2A               [ 8] 3828 	ld	a, (hl+)
    0000120D 5F               [ 4] 3829 	ld	e, a
    0000120E 2A               [ 8] 3830 	ld	a, (hl+)
    0000120F 57               [ 4] 3831 	ld	d, a
    00001210 D5               [16] 3832 	push	de
    00001211 11 02 01         [12] 3833 	ld	de, #0x102
    00001214 D5               [16] 3834 	push	de
    00001215 7E               [ 8] 3835 	ld	a, (hl)
    00001216 F5               [16] 3836 	push	af
    00001217 33               [ 8] 3837 	inc	sp
    00001218 F8 07            [12] 3838 	ldhl	sp,	#7
    0000121A 7E               [ 8] 3839 	ld	a, (hl)
    0000121B F5               [16] 3840 	push	af
    0000121C 33               [ 8] 3841 	inc	sp
    0000121D CDr00r00         [24] 3842 	call	_set_bkg_tiles
    00001220 E8 06            [16] 3843 	add	sp, #6
                                   3844 ;src/main.c:70: set_bkg_tiles(bx, by + 1, 2, 1, &metatiles[mt][2]);
    00001222 D1               [12] 3845 	pop	de
    00001223 D5               [16] 3846 	push	de
    00001224 21 02 00         [12] 3847 	ld	hl, #0x0002
    00001227 19               [ 8] 3848 	add	hl, de
    00001228 E5               [16] 3849 	push	hl
    00001229 7D               [ 4] 3850 	ld	a, l
    0000122A F8 06            [12] 3851 	ldhl	sp,	#6
    0000122C 77               [ 8] 3852 	ld	(hl), a
    0000122D E1               [12] 3853 	pop	hl
    0000122E 7C               [ 4] 3854 	ld	a, h
    0000122F F8 05            [12] 3855 	ldhl	sp,	#5
    00001231 22               [ 8] 3856 	ld	(hl+), a
    00001232 3A               [ 8] 3857 	ld	a, (hl-)
    00001233 2B               [ 8] 3858 	dec	hl
    00001234 3C               [ 4] 3859 	inc	a
    00001235 5E               [ 8] 3860 	ld	e, (hl)
    00001236 23               [ 8] 3861 	inc	hl
    00001237 56               [ 8] 3862 	ld	d, (hl)
    00001238 D5               [16] 3863 	push	de
    00001239 26 01            [ 8] 3864 	ld	h, #0x01
    0000123B E5               [16] 3865 	push	hl
    0000123C 33               [ 8] 3866 	inc	sp
    0000123D 26 02            [ 8] 3867 	ld	h, #0x02
    0000123F E5               [16] 3868 	push	hl
    00001240 33               [ 8] 3869 	inc	sp
    00001241 F5               [16] 3870 	push	af
    00001242 33               [ 8] 3871 	inc	sp
    00001243 F8 07            [12] 3872 	ldhl	sp,	#7
    00001245 7E               [ 8] 3873 	ld	a, (hl)
    00001246 F5               [16] 3874 	push	af
    00001247 33               [ 8] 3875 	inc	sp
    00001248 CDr00r00         [24] 3876 	call	_set_bkg_tiles
    0000124B E8 06            [16] 3877 	add	sp, #6
                                   3878 ;src/main.c:66: for (uint8_t r = 0; r < map_h && r < BKG_MT_H; r++) {
    0000124D F8 09            [12] 3879 	ldhl	sp,	#9
    0000124F 34               [12] 3880 	inc	(hl)
    00001250 C3r88r11         [16] 3881 	jp	00104$
    00001253                       3882 00101$:
                                   3883 ;src/main.c:74: SWITCH_ROM(_prev);
    00001253 F8 03            [12] 3884 	ldhl	sp,	#3
    00001255 7E               [ 8] 3885 	ld	a, (hl)
    00001256 E0r00            [12] 3886 	ldh	(__current_bank + 0), a
    00001258 7E               [ 8] 3887 	ld	a, (hl)
    00001259 EAr00r00         [16] 3888 	ld	(#_rROMB0),a
                                   3889 ;src/main.c:75: }
    0000125C E8 0A            [16] 3890 	add	sp, #10
    0000125E E1               [12] 3891 	pop	hl
    0000125F E8 07            [16] 3892 	add	sp, #7
    00001261 E9               [ 4] 3893 	jp	(hl)
                                   3894 ;src/main.c:77: void fill_scroll_bg(const uint8_t* map, uint16_t map_w, uint16_t map_h, uint8_t map_bank) {
                                   3895 ;	---------------------------------
                                   3896 ; Function fill_scroll_bg
                                   3897 ; ---------------------------------
    00001262                       3898 _fill_scroll_bg::
    00001262 E8 FC            [16] 3899 	add	sp, #-4
    00001264 F8 02            [12] 3900 	ldhl	sp,	#2
    00001266 7B               [ 4] 3901 	ld	a, e
    00001267 22               [ 8] 3902 	ld	(hl+), a
    00001268 72               [ 8] 3903 	ld	(hl), d
                                   3904 ;src/main.c:78: uint16_t cols = (map_w < BKG_MT_W) ? map_w : BKG_MT_W;
    00001269 59               [ 4] 3905 	ld	e, c
    0000126A 50               [ 4] 3906 	ld	d, b
    0000126B 7B               [ 4] 3907 	ld	a, e
    0000126C D6 10            [ 8] 3908 	sub	a, #0x10
    0000126E 7A               [ 4] 3909 	ld	a, d
    0000126F DE 00            [ 8] 3910 	sbc	a, #0x00
    00001271 38 02            [12] 3911 	jr	C, 00108$
    00001273 1E 10            [ 8] 3912 	ld	e, #0x10
    00001275                       3913 00108$:
    00001275 F8 00            [12] 3914 	ldhl	sp,	#0
    00001277 7B               [ 4] 3915 	ld	a, e
    00001278 22               [ 8] 3916 	ld	(hl+), a
                                   3917 ;src/main.c:79: for (uint16_t c = 0; c < cols; c++) {
    00001279 11 00 00         [12] 3918 	ld	de, #0x0000
    0000127C 73               [ 8] 3919 	ld	(hl), e
    0000127D                       3920 00103$:
    0000127D F8 00            [12] 3921 	ldhl	sp,	#0
    0000127F 7B               [ 4] 3922 	ld	a, e
    00001280 96               [ 8] 3923 	sub	a, (hl)
    00001281 23               [ 8] 3924 	inc	hl
    00001282 7A               [ 4] 3925 	ld	a, d
    00001283 9E               [ 8] 3926 	sbc	a, (hl)
    00001284 30 23            [12] 3927 	jr	NC, 00105$
                                   3928 ;src/main.c:81: draw_mt_column((uint8_t)(c % BKG_MT_W), c, map, map_w, map_h, map_bank);
    00001286 7B               [ 4] 3929 	ld	a, e
    00001287 E6 0F            [ 8] 3930 	and	a, #0x0f
    00001289 C5               [16] 3931 	push	bc
    0000128A D5               [16] 3932 	push	de
    0000128B F8 0C            [12] 3933 	ldhl	sp,	#12
    0000128D 66               [ 8] 3934 	ld	h, (hl)
    0000128E E5               [16] 3935 	push	hl
    0000128F 33               [ 8] 3936 	inc	sp
    00001290 F5               [16] 3937 	push	af
    00001291 F8 0D            [12] 3938 	ldhl	sp,	#13
    00001293 2A               [ 8] 3939 	ld	a, (hl+)
    00001294 66               [ 8] 3940 	ld	h, (hl)
    00001295 6F               [ 4] 3941 	ld	l, a
    00001296 F1               [12] 3942 	pop	af
    00001297 E5               [16] 3943 	push	hl
    00001298 C5               [16] 3944 	push	bc
    00001299 F5               [16] 3945 	push	af
    0000129A F8 0D            [12] 3946 	ldhl	sp,	#13
    0000129C 2A               [ 8] 3947 	ld	a, (hl+)
    0000129D 66               [ 8] 3948 	ld	h, (hl)
    0000129E 6F               [ 4] 3949 	ld	l, a
    0000129F F1               [12] 3950 	pop	af
    000012A0 E5               [16] 3951 	push	hl
    000012A1 CDr6Er11         [24] 3952 	call	_draw_mt_column
    000012A4 D1               [12] 3953 	pop	de
    000012A5 C1               [12] 3954 	pop	bc
                                   3955 ;src/main.c:79: for (uint16_t c = 0; c < cols; c++) {
    000012A6 13               [ 8] 3956 	inc	de
    000012A7 18 D4            [12] 3957 	jr	00103$
    000012A9                       3958 00105$:
                                   3959 ;src/main.c:83: }
    000012A9 E8 04            [16] 3960 	add	sp, #4
    000012AB E1               [12] 3961 	pop	hl
    000012AC E8 03            [16] 3962 	add	sp, #3
    000012AE E9               [ 4] 3963 	jp	(hl)
                                   3964 ;src/main.c:88: void draw_menu(void) {
                                   3965 ;	---------------------------------
                                   3966 ; Function draw_menu
                                   3967 ; ---------------------------------
    000012AF                       3968 _draw_menu::
                                   3969 ;src/main.c:90: }
    000012AF C9               [16] 3970 	ret
                                   3971 ;src/main.c:95: void play_level(uint8_t idx) {
                                   3972 ;	---------------------------------
                                   3973 ; Function play_level
                                   3974 ; ---------------------------------
    000012B0                       3975 _play_level::
    000012B0 E8 CE            [16] 3976 	add	sp, #-50
    000012B2 5F               [ 4] 3977 	ld	e, a
                                   3978 ;src/main.c:97: const Level* l = game_levels[idx];
    000012B3 01r00r00         [12] 3979 	ld	bc, #_game_levels+0
    000012B6 AF               [ 4] 3980 	xor	a, a
    000012B7 6B               [ 4] 3981 	ld	l, e
    000012B8 67               [ 4] 3982 	ld	h, a
    000012B9 29               [ 8] 3983 	add	hl, hl
    000012BA 09               [ 8] 3984 	add	hl, bc
    000012BB 5D               [ 4] 3985 	ld	e, l
    000012BC 54               [ 4] 3986 	ld	d, h
    000012BD 1A               [ 8] 3987 	ld	a, (de)
    000012BE F8 30            [12] 3988 	ldhl	sp,	#48
    000012C0 22               [ 8] 3989 	ld	(hl+), a
    000012C1 13               [ 8] 3990 	inc	de
    000012C2 1A               [ 8] 3991 	ld	a, (de)
    000012C3 77               [ 8] 3992 	ld	(hl), a
                                   3993 ;src/main.c:98: const uint8_t* map = l->map;
    000012C4 F8 30            [12] 3994 	ldhl	sp,#48
    000012C6 2A               [ 8] 3995 	ld	a, (hl+)
    000012C7 5F               [ 4] 3996 	ld	e, a
    000012C8 56               [ 8] 3997 	ld	d, (hl)
    000012C9 21 04 00         [12] 3998 	ld	hl, #0x0004
    000012CC 19               [ 8] 3999 	add	hl, de
    000012CD 4D               [ 4] 4000 	ld	c, l
    000012CE 44               [ 4] 4001 	ld	b, h
    000012CF 59               [ 4] 4002 	ld	e, c
    000012D0 50               [ 4] 4003 	ld	d, b
    000012D1 1A               [ 8] 4004 	ld	a, (de)
    000012D2 F8 08            [12] 4005 	ldhl	sp,	#8
    000012D4 22               [ 8] 4006 	ld	(hl+), a
    000012D5 13               [ 8] 4007 	inc	de
    000012D6 1A               [ 8] 4008 	ld	a, (de)
    000012D7 77               [ 8] 4009 	ld	(hl), a
                                   4010 ;src/main.c:99: uint16_t map_w = l->map_width;
    000012D8 F8 30            [12] 4011 	ldhl	sp,#48
    000012DA 2A               [ 8] 4012 	ld	a, (hl+)
    000012DB 5F               [ 4] 4013 	ld	e, a
    000012DC 56               [ 8] 4014 	ld	d, (hl)
    000012DD 21 08 00         [12] 4015 	ld	hl, #0x0008
    000012E0 19               [ 8] 4016 	add	hl, de
    000012E1 4D               [ 4] 4017 	ld	c, l
    000012E2 44               [ 4] 4018 	ld	b, h
    000012E3 59               [ 4] 4019 	ld	e, c
    000012E4 50               [ 4] 4020 	ld	d, b
    000012E5 1A               [ 8] 4021 	ld	a, (de)
    000012E6 F8 0A            [12] 4022 	ldhl	sp,	#10
    000012E8 22               [ 8] 4023 	ld	(hl+), a
    000012E9 13               [ 8] 4024 	inc	de
    000012EA 1A               [ 8] 4025 	ld	a, (de)
    000012EB 77               [ 8] 4026 	ld	(hl), a
                                   4027 ;src/main.c:100: uint16_t map_h = l->map_height;
    000012EC F8 30            [12] 4028 	ldhl	sp,#48
    000012EE 2A               [ 8] 4029 	ld	a, (hl+)
    000012EF 5F               [ 4] 4030 	ld	e, a
    000012F0 56               [ 8] 4031 	ld	d, (hl)
    000012F1 21 0A 00         [12] 4032 	ld	hl, #0x000a
    000012F4 19               [ 8] 4033 	add	hl, de
    000012F5 4D               [ 4] 4034 	ld	c, l
    000012F6 44               [ 4] 4035 	ld	b, h
    000012F7 59               [ 4] 4036 	ld	e, c
    000012F8 50               [ 4] 4037 	ld	d, b
    000012F9 1A               [ 8] 4038 	ld	a, (de)
    000012FA F8 0C            [12] 4039 	ldhl	sp,	#12
    000012FC 22               [ 8] 4040 	ld	(hl+), a
    000012FD 13               [ 8] 4041 	inc	de
    000012FE 1A               [ 8] 4042 	ld	a, (de)
                                   4043 ;src/main.c:102: uint16_t cam_px = 0;
    000012FF 22               [ 8] 4044 	ld	(hl+), a
    00001300 AF               [ 4] 4045 	xor	a, a
    00001301 22               [ 8] 4046 	ld	(hl+), a
                                   4047 ;src/main.c:106: uint16_t loaded_r = BKG_MT_W - 1;
    00001302 22               [ 8] 4048 	ld	(hl+), a
    00001303 3E 0F            [ 8] 4049 	ld	a, #0x0f
    00001305 22               [ 8] 4050 	ld	(hl+), a
    00001306 AF               [ 4] 4051 	xor	a, a
    00001307 77               [ 8] 4052 	ld	(hl), a
                                   4053 ;src/main.c:116: player_init(&player, 32, 160);
                                   4054 ;include/player.h:26: p->world_x   = start_x;
    00001308 F8 00            [12] 4055 	ldhl	sp,	#0
    0000130A 3E 20            [ 8] 4056 	ld	a, #0x20
    0000130C 22               [ 8] 4057 	ld	(hl+), a
    0000130D AF               [ 4] 4058 	xor	a, a
                                   4059 ;include/player.h:27: p->world_y   = start_y;
    0000130E 22               [ 8] 4060 	ld	(hl+), a
    0000130F 3E A0            [ 8] 4061 	ld	a, #0xa0
    00001311 22               [ 8] 4062 	ld	(hl+), a
                                   4063 ;include/player.h:28: p->vel_y     = 0;
    00001312 AF               [ 4] 4064 	xor	a, a
    00001313 22               [ 8] 4065 	ld	(hl+), a
    00001314 22               [ 8] 4066 	ld	(hl+), a
                                   4067 ;include/player.h:29: p->on_ground = 0;
    00001315 22               [ 8] 4068 	ld	(hl+), a
                                   4069 ;include/player.h:30: p->dead      = 0;
    00001316 AF               [ 4] 4070 	xor	a, a
    00001317 22               [ 8] 4071 	ld	(hl+), a
    00001318 77               [ 8] 4072 	ld	(hl), a
                                   4073 ;src/main.c:118: DISPLAY_OFF;
    00001319 CDr00r00         [24] 4074 	call	_display_off
                                   4075 ;src/main.c:120: uint8_t _tb = _current_bank;
    0000131C F0r00            [12] 4076 	ldh	a, (__current_bank + 0)
    0000131E F8 29            [12] 4077 	ldhl	sp,	#41
    00001320 77               [ 8] 4078 	ld	(hl), a
                                   4079 ;src/main.c:121: SWITCH_ROM(BANK(famidash_chr_tiles));
    00001321 3Er00            [ 8] 4080 	ld	a, #<(___bank_famidash_chr_tiles)
    00001323 E0r00            [12] 4081 	ldh	(__current_bank + 0), a
    00001325 EAr00r00         [16] 4082 	ld	(#_rROMB0),a
                                   4083 ;src/main.c:122: if (l->tile_count == 256u) {
    00001328 F8 30            [12] 4084 	ldhl	sp,#48
    0000132A 2A               [ 8] 4085 	ld	a, (hl+)
    0000132B 5F               [ 4] 4086 	ld	e, a
    0000132C 56               [ 8] 4087 	ld	d, (hl)
    0000132D 21 06 00         [12] 4088 	ld	hl, #0x0006
    00001330 19               [ 8] 4089 	add	hl, de
    00001331 2A               [ 8] 4090 	ld	a, (hl+)
    00001332 4F               [ 4] 4091 	ld	c, a
    00001333 46               [ 8] 4092 	ld	b, (hl)
    00001334 F8 2A            [12] 4093 	ldhl	sp,	#42
    00001336 79               [ 4] 4094 	ld	a, c
    00001337 22               [ 8] 4095 	ld	(hl+), a
    00001338 70               [ 8] 4096 	ld	(hl), b
                                   4097 ;src/main.c:123: set_bkg_data(0,   128, l->tiles);
    00001339 F8 30            [12] 4098 	ldhl	sp,#48
    0000133B 2A               [ 8] 4099 	ld	a, (hl+)
    0000133C 5F               [ 4] 4100 	ld	e, a
    0000133D 56               [ 8] 4101 	ld	d, (hl)
    0000133E 21 02 00         [12] 4102 	ld	hl, #0x0002
    00001341 19               [ 8] 4103 	add	hl, de
    00001342 E5               [16] 4104 	push	hl
    00001343 7D               [ 4] 4105 	ld	a, l
    00001344 F8 2E            [12] 4106 	ldhl	sp,	#46
    00001346 77               [ 8] 4107 	ld	(hl), a
    00001347 E1               [12] 4108 	pop	hl
    00001348 7C               [ 4] 4109 	ld	a, h
    00001349 F8 2D            [12] 4110 	ldhl	sp,	#45
    0000134B 32               [ 8] 4111 	ld	(hl-), a
    0000134C 2A               [ 8] 4112 	ld	a, (hl+)
    0000134D 5F               [ 4] 4113 	ld	e, a
    0000134E 2A               [ 8] 4114 	ld	a, (hl+)
    0000134F 57               [ 4] 4115 	ld	d, a
    00001350 1A               [ 8] 4116 	ld	a, (de)
    00001351 22               [ 8] 4117 	ld	(hl+), a
    00001352 13               [ 8] 4118 	inc	de
    00001353 1A               [ 8] 4119 	ld	a, (de)
    00001354 77               [ 8] 4120 	ld	(hl), a
                                   4121 ;src/main.c:122: if (l->tile_count == 256u) {
    00001355 F8 2A            [12] 4122 	ldhl	sp,	#42
    00001357 7E               [ 8] 4123 	ld	a, (hl)
    00001358 B7               [ 4] 4124 	or	a, a
    00001359 20 2C            [12] 4125 	jr	NZ, 00102$
    0000135B 23               [ 8] 4126 	inc	hl
    0000135C 7E               [ 8] 4127 	ld	a, (hl)
    0000135D 3D               [ 4] 4128 	dec	a
    0000135E 20 27            [12] 4129 	jr	NZ, 00102$
                                   4130 ;src/main.c:123: set_bkg_data(0,   128, l->tiles);
    00001360 F8 2E            [12] 4131 	ldhl	sp,	#46
    00001362 2A               [ 8] 4132 	ld	a, (hl+)
    00001363 5F               [ 4] 4133 	ld	e, a
    00001364 56               [ 8] 4134 	ld	d, (hl)
    00001365 D5               [16] 4135 	push	de
    00001366 21 00 80         [12] 4136 	ld	hl, #0x8000
    00001369 E5               [16] 4137 	push	hl
    0000136A CDr00r00         [24] 4138 	call	_set_bkg_data
    0000136D E8 04            [16] 4139 	add	sp, #4
                                   4140 ;src/main.c:124: set_bkg_data(128, 128, l->tiles + (128u * 16u));
    0000136F F8 2C            [12] 4141 	ldhl	sp,#44
    00001371 2A               [ 8] 4142 	ld	a, (hl+)
    00001372 5F               [ 4] 4143 	ld	e, a
    00001373 56               [ 8] 4144 	ld	d, (hl)
    00001374 1A               [ 8] 4145 	ld	a, (de)
    00001375 4F               [ 4] 4146 	ld	c, a
    00001376 13               [ 8] 4147 	inc	de
    00001377 1A               [ 8] 4148 	ld	a, (de)
    00001378 C6 08            [ 8] 4149 	add	a, #0x08
    0000137A 47               [ 4] 4150 	ld	b, a
    0000137B C5               [16] 4151 	push	bc
    0000137C 21 80 80         [12] 4152 	ld	hl, #0x8080
    0000137F E5               [16] 4153 	push	hl
    00001380 CDr00r00         [24] 4154 	call	_set_bkg_data
    00001383 E8 04            [16] 4155 	add	sp, #4
    00001385 18 0F            [12] 4156 	jr	00103$
    00001387                       4157 00102$:
                                   4158 ;src/main.c:126: set_bkg_data(0, (uint8_t)l->tile_count, l->tiles);
    00001387 F8 2E            [12] 4159 	ldhl	sp,	#46
    00001389 2A               [ 8] 4160 	ld	a, (hl+)
    0000138A 5F               [ 4] 4161 	ld	e, a
    0000138B 56               [ 8] 4162 	ld	d, (hl)
    0000138C D5               [16] 4163 	push	de
    0000138D 61               [ 4] 4164 	ld	h, c
    0000138E 2E 00            [ 8] 4165 	ld	l, #0x00
    00001390 E5               [16] 4166 	push	hl
    00001391 CDr00r00         [24] 4167 	call	_set_bkg_data
    00001394 E8 04            [16] 4168 	add	sp, #4
    00001396                       4169 00103$:
                                   4170 ;src/main.c:128: SWITCH_ROM(_tb);
    00001396 F8 29            [12] 4171 	ldhl	sp,	#41
    00001398 7E               [ 8] 4172 	ld	a, (hl)
    00001399 E0r00            [12] 4173 	ldh	(__current_bank + 0), a
    0000139B 7E               [ 8] 4174 	ld	a, (hl)
    0000139C EAr00r00         [16] 4175 	ld	(#_rROMB0),a
                                   4176 ;src/main.c:131: set_sprite_data(0, 4, cube_tiles);
    0000139F 11rEDr10         [12] 4177 	ld	de, #_cube_tiles
    000013A2 D5               [16] 4178 	push	de
    000013A3 21 00 04         [12] 4179 	ld	hl, #0x400
    000013A6 E5               [16] 4180 	push	hl
    000013A7 CDr00r00         [24] 4181 	call	_set_sprite_data
    000013AA E8 04            [16] 4182 	add	sp, #4
                                   4183 ;c:\gbdk\include\gb\gb.h:1887: shadow_OAM[nb].tile=tile;
    000013AC 21r02r00         [12] 4184 	ld	hl, #(_shadow_OAM + 2)
    000013AF 36 00            [12] 4185 	ld	(hl), #0x00
    000013B1 21r06r00         [12] 4186 	ld	hl, #(_shadow_OAM + 6)
    000013B4 36 01            [12] 4187 	ld	(hl), #0x01
    000013B6 21r0Ar00         [12] 4188 	ld	hl, #(_shadow_OAM + 10)
    000013B9 36 02            [12] 4189 	ld	(hl), #0x02
    000013BB 21r0Er00         [12] 4190 	ld	hl, #(_shadow_OAM + 14)
    000013BE 36 03            [12] 4191 	ld	(hl), #0x03
                                   4192 ;c:\gbdk\include\gb\gb.h:1461: SCX_REG=x, SCY_REG=y;
    000013C0 AF               [ 4] 4193 	xor	a, a
    000013C1 E0r00            [12] 4194 	ldh	(_SCX_REG + 0), a
    000013C3 3E 70            [ 8] 4195 	ld	a, #0x70
    000013C5 E0r00            [12] 4196 	ldh	(_SCY_REG + 0), a
                                   4197 ;src/main.c:136: fill_scroll_bg(map, map_w, map_h, l->map_bank);
    000013C7 F8 30            [12] 4198 	ldhl	sp,#48
    000013C9 2A               [ 8] 4199 	ld	a, (hl+)
    000013CA 5F               [ 4] 4200 	ld	e, a
    000013CB 56               [ 8] 4201 	ld	d, (hl)
    000013CC 21 0E 00         [12] 4202 	ld	hl, #0x000e
    000013CF 19               [ 8] 4203 	add	hl, de
    000013D0 E5               [16] 4204 	push	hl
    000013D1 7D               [ 4] 4205 	ld	a, l
    000013D2 F8 14            [12] 4206 	ldhl	sp,	#20
    000013D4 77               [ 8] 4207 	ld	(hl), a
    000013D5 E1               [12] 4208 	pop	hl
    000013D6 7C               [ 4] 4209 	ld	a, h
    000013D7 F8 13            [12] 4210 	ldhl	sp,	#19
    000013D9 32               [ 8] 4211 	ld	(hl-), a
    000013DA 2A               [ 8] 4212 	ld	a, (hl+)
    000013DB 5F               [ 4] 4213 	ld	e, a
    000013DC 56               [ 8] 4214 	ld	d, (hl)
    000013DD 1A               [ 8] 4215 	ld	a, (de)
    000013DE F5               [16] 4216 	push	af
    000013DF 33               [ 8] 4217 	inc	sp
    000013E0 F8 0D            [12] 4218 	ldhl	sp,	#13
    000013E2 2A               [ 8] 4219 	ld	a, (hl+)
    000013E3 5F               [ 4] 4220 	ld	e, a
    000013E4 56               [ 8] 4221 	ld	d, (hl)
    000013E5 D5               [16] 4222 	push	de
    000013E6 F8 0D            [12] 4223 	ldhl	sp,	#13
    000013E8 2A               [ 8] 4224 	ld	a, (hl+)
    000013E9 4F               [ 4] 4225 	ld	c, a
    000013EA 46               [ 8] 4226 	ld	b, (hl)
    000013EB F8 0B            [12] 4227 	ldhl	sp,	#11
    000013ED 2A               [ 8] 4228 	ld	a, (hl+)
    000013EE 5F               [ 4] 4229 	ld	e, a
    000013EF 56               [ 8] 4230 	ld	d, (hl)
    000013F0 CDr62r12         [24] 4231 	call	_fill_scroll_bg
                                   4232 ;src/main.c:139: BGP_REG = 0xE4;
    000013F3 3E E4            [ 8] 4233 	ld	a, #0xe4
    000013F5 E0r00            [12] 4234 	ldh	(_BGP_REG + 0), a
                                   4235 ;src/main.c:140: OBP0_REG = 0xE4;
    000013F7 3E E4            [ 8] 4236 	ld	a, #0xe4
    000013F9 E0r00            [12] 4237 	ldh	(_OBP0_REG + 0), a
                                   4238 ;src/main.c:141: SPRITES_8x8;
    000013FB F0r00            [12] 4239 	ldh	a, (_LCDC_REG + 0)
    000013FD E6 FB            [ 8] 4240 	and	a, #0xfb
    000013FF E0r00            [12] 4241 	ldh	(_LCDC_REG + 0), a
                                   4242 ;src/main.c:143: SHOW_BKG;
    00001401 F0r00            [12] 4243 	ldh	a, (_LCDC_REG + 0)
    00001403 F6 01            [ 8] 4244 	or	a, #0x01
    00001405 E0r00            [12] 4245 	ldh	(_LCDC_REG + 0), a
                                   4246 ;src/main.c:144: SHOW_SPRITES;
    00001407 F0r00            [12] 4247 	ldh	a, (_LCDC_REG + 0)
    00001409 F6 02            [ 8] 4248 	or	a, #0x02
    0000140B E0r00            [12] 4249 	ldh	(_LCDC_REG + 0), a
                                   4250 ;src/main.c:145: DISPLAY_ON;
    0000140D F0r00            [12] 4251 	ldh	a, (_LCDC_REG + 0)
    0000140F F6 80            [ 8] 4252 	or	a, #0x80
    00001411 E0r00            [12] 4253 	ldh	(_LCDC_REG + 0), a
                                   4254 ;src/main.c:147: waitpadup();
    00001413 CDr00r00         [24] 4255 	call	_waitpadup
                                   4256 ;src/main.c:150: while (1) {
    00001416 F8 0C            [12] 4257 	ldhl	sp,	#12
    00001418 7E               [ 8] 4258 	ld	a, (hl)
    00001419 F8 14            [12] 4259 	ldhl	sp,	#20
    0000141B 77               [ 8] 4260 	ld	(hl), a
    0000141C F8 0D            [12] 4261 	ldhl	sp,	#13
    0000141E 7E               [ 8] 4262 	ld	a, (hl)
    0000141F F8 15            [12] 4263 	ldhl	sp,	#21
    00001421 77               [ 8] 4264 	ld	(hl), a
    00001422 F8 0A            [12] 4265 	ldhl	sp,	#10
    00001424 7E               [ 8] 4266 	ld	a, (hl)
    00001425 F8 16            [12] 4267 	ldhl	sp,	#22
    00001427 77               [ 8] 4268 	ld	(hl), a
    00001428 F8 0B            [12] 4269 	ldhl	sp,	#11
    0000142A 7E               [ 8] 4270 	ld	a, (hl)
    0000142B F8 17            [12] 4271 	ldhl	sp,	#23
    0000142D 77               [ 8] 4272 	ld	(hl), a
    0000142E F8 08            [12] 4273 	ldhl	sp,	#8
    00001430 7E               [ 8] 4274 	ld	a, (hl)
    00001431 F8 18            [12] 4275 	ldhl	sp,	#24
    00001433 77               [ 8] 4276 	ld	(hl), a
    00001434 F8 09            [12] 4277 	ldhl	sp,	#9
    00001436 7E               [ 8] 4278 	ld	a, (hl)
    00001437 F8 19            [12] 4279 	ldhl	sp,	#25
    00001439 77               [ 8] 4280 	ld	(hl), a
    0000143A F8 0C            [12] 4281 	ldhl	sp,	#12
    0000143C 7E               [ 8] 4282 	ld	a, (hl)
    0000143D F8 1A            [12] 4283 	ldhl	sp,	#26
    0000143F 77               [ 8] 4284 	ld	(hl), a
    00001440 F8 0D            [12] 4285 	ldhl	sp,	#13
    00001442 7E               [ 8] 4286 	ld	a, (hl)
    00001443 F8 1B            [12] 4287 	ldhl	sp,	#27
    00001445 77               [ 8] 4288 	ld	(hl), a
    00001446 3E 04            [ 8] 4289 	ld	a, #0x04
    00001448                       4290 01202$:
    00001448 F8 1A            [12] 4291 	ldhl	sp,	#26
    0000144A CB 26            [16] 4292 	sla	(hl)
    0000144C 23               [ 8] 4293 	inc	hl
    0000144D CB 16            [16] 4294 	rl	(hl)
    0000144F 3D               [ 4] 4295 	dec	a
    00001450 20 F6            [12] 4296 	jr	NZ, 01202$
    00001452                       4297 00116$:
                                   4298 ;src/main.c:151: wait_vbl_done();
    00001452 CDr00r00         [24] 4299 	call	_wait_vbl_done
                                   4300 ;src/main.c:152: uint8_t joy = joypad();
    00001455 CDr00r00         [24] 4301 	call	_joypad
    00001458 F8 31            [12] 4302 	ldhl	sp,	#49
    0000145A 77               [ 8] 4303 	ld	(hl), a
                                   4304 ;src/main.c:153: if (joy & J_START) break;
    0000145B E5               [16] 4305 	push	hl
    0000145C F8 33            [12] 4306 	ldhl	sp,	#51
    0000145E CB 7E            [12] 4307 	bit	7, (hl)
    00001460 E1               [12] 4308 	pop	hl
    00001461 C2r68r24         [16] 4309 	jp	NZ, 00117$
                                   4310 ;src/main.c:156: if (cam_px < ((map_w - VIEW_MT_W) << 4)) {
    00001464 F8 0A            [12] 4311 	ldhl	sp,	#10
    00001466 2A               [ 8] 4312 	ld	a, (hl+)
    00001467 4E               [ 8] 4313 	ld	c, (hl)
    00001468 C6 F6            [ 8] 4314 	add	a, #0xf6
    0000146A 6F               [ 4] 4315 	ld	l, a
    0000146B 79               [ 4] 4316 	ld	a, c
    0000146C CE FF            [ 8] 4317 	adc	a, #0xff
    0000146E 67               [ 4] 4318 	ld	h, a
    0000146F 29               [ 8] 4319 	add	hl, hl
    00001470 29               [ 8] 4320 	add	hl, hl
    00001471 29               [ 8] 4321 	add	hl, hl
    00001472 29               [ 8] 4322 	add	hl, hl
    00001473 5D               [ 4] 4323 	ld	e, l
    00001474 54               [ 4] 4324 	ld	d, h
    00001475 F8 0E            [12] 4325 	ldhl	sp,	#14
    00001477 2A               [ 8] 4326 	ld	a, (hl+)
    00001478 4F               [ 4] 4327 	ld	c, a
    00001479 46               [ 8] 4328 	ld	b, (hl)
    0000147A 79               [ 4] 4329 	ld	a, c
    0000147B 93               [ 4] 4330 	sub	a, e
    0000147C 78               [ 4] 4331 	ld	a, b
    0000147D 9A               [ 4] 4332 	sbc	a, d
    0000147E 30 75            [12] 4333 	jr	NC, 00112$
                                   4334 ;src/main.c:157: uint16_t prev = cam_px >> 4;
    00001480 2B               [ 8] 4335 	dec	hl
    00001481 2A               [ 8] 4336 	ld	a, (hl+)
    00001482 5F               [ 4] 4337 	ld	e, a
                                   4338 ;src/main.c:158: cam_px += SCROLL_SPEED;
    00001483 3A               [ 8] 4339 	ld	a, (hl-)
    00001484 57               [ 4] 4340 	ld	d, a
    00001485 CB 3A            [ 8] 4341 	srl	d
    00001487 CB 1B            [ 8] 4342 	rr	e
    00001489 CB 3A            [ 8] 4343 	srl	d
    0000148B CB 1B            [ 8] 4344 	rr	e
    0000148D CB 3A            [ 8] 4345 	srl	d
    0000148F CB 1B            [ 8] 4346 	rr	e
    00001491 CB 3A            [ 8] 4347 	srl	d
    00001493 CB 1B            [ 8] 4348 	rr	e
    00001495 03               [ 8] 4349 	inc	bc
    00001496 03               [ 8] 4350 	inc	bc
    00001497 03               [ 8] 4351 	inc	bc
    00001498 79               [ 4] 4352 	ld	a, c
    00001499 22               [ 8] 4353 	ld	(hl+), a
                                   4354 ;src/main.c:159: uint16_t curr = cam_px >> 4;
    0000149A 78               [ 4] 4355 	ld	a, b
    0000149B 32               [ 8] 4356 	ld	(hl-), a
    0000149C 2A               [ 8] 4357 	ld	a, (hl+)
    0000149D 4F               [ 4] 4358 	ld	c, a
    0000149E 46               [ 8] 4359 	ld	b, (hl)
    0000149F CB 38            [ 8] 4360 	srl	b
    000014A1 CB 19            [ 8] 4361 	rr	c
    000014A3 CB 38            [ 8] 4362 	srl	b
    000014A5 CB 19            [ 8] 4363 	rr	c
    000014A7 CB 38            [ 8] 4364 	srl	b
    000014A9 CB 19            [ 8] 4365 	rr	c
    000014AB CB 38            [ 8] 4366 	srl	b
    000014AD CB 19            [ 8] 4367 	rr	c
                                   4368 ;src/main.c:160: if (curr != prev) {
    000014AF 79               [ 4] 4369 	ld	a, c
    000014B0 93               [ 4] 4370 	sub	a, e
    000014B1 20 04            [12] 4371 	jr	NZ, 01205$
    000014B3 78               [ 4] 4372 	ld	a, b
    000014B4 92               [ 4] 4373 	sub	a, d
    000014B5 28 3E            [12] 4374 	jr	Z, 00112$
    000014B7                       4375 01205$:
                                   4376 ;src/main.c:161: uint16_t need = curr + VIEW_MT_W;
    000014B7 21 0A 00         [12] 4377 	ld	hl, #0x000a
    000014BA 09               [ 8] 4378 	add	hl, bc
    000014BB 4D               [ 4] 4379 	ld	c, l
    000014BC 44               [ 4] 4380 	ld	b, h
                                   4381 ;src/main.c:162: if (need > loaded_r && need < map_w) {
    000014BD F8 10            [12] 4382 	ldhl	sp,	#16
    000014BF 2A               [ 8] 4383 	ld	a, (hl+)
    000014C0 91               [ 4] 4384 	sub	a, c
    000014C1 7E               [ 8] 4385 	ld	a, (hl)
    000014C2 98               [ 4] 4386 	sbc	a, b
    000014C3 30 30            [12] 4387 	jr	NC, 00112$
    000014C5 F8 0A            [12] 4388 	ldhl	sp,	#10
    000014C7 79               [ 4] 4389 	ld	a, c
    000014C8 96               [ 8] 4390 	sub	a, (hl)
    000014C9 23               [ 8] 4391 	inc	hl
    000014CA 78               [ 4] 4392 	ld	a, b
    000014CB 9E               [ 8] 4393 	sbc	a, (hl)
    000014CC 30 27            [12] 4394 	jr	NC, 00112$
                                   4395 ;src/main.c:163: loaded_r = need;
    000014CE F8 10            [12] 4396 	ldhl	sp,	#16
    000014D0 79               [ 4] 4397 	ld	a, c
    000014D1 22               [ 8] 4398 	ld	(hl+), a
                                   4399 ;src/main.c:164: draw_mt_column((uint8_t)(need % BKG_MT_W), need, map, map_w, map_h, l->map_bank);
    000014D2 78               [ 4] 4400 	ld	a, b
    000014D3 22               [ 8] 4401 	ld	(hl+), a
    000014D4 2A               [ 8] 4402 	ld	a, (hl+)
    000014D5 5F               [ 4] 4403 	ld	e, a
    000014D6 56               [ 8] 4404 	ld	d, (hl)
    000014D7 1A               [ 8] 4405 	ld	a, (de)
    000014D8 67               [ 4] 4406 	ld	h, a
    000014D9 79               [ 4] 4407 	ld	a, c
    000014DA E6 0F            [ 8] 4408 	and	a, #0x0f
    000014DC E5               [16] 4409 	push	hl
    000014DD 33               [ 8] 4410 	inc	sp
    000014DE F8 0D            [12] 4411 	ldhl	sp,	#13
    000014E0 5E               [ 8] 4412 	ld	e, (hl)
    000014E1 23               [ 8] 4413 	inc	hl
    000014E2 56               [ 8] 4414 	ld	d, (hl)
    000014E3 D5               [16] 4415 	push	de
    000014E4 F8 0D            [12] 4416 	ldhl	sp,	#13
    000014E6 5E               [ 8] 4417 	ld	e, (hl)
    000014E7 23               [ 8] 4418 	inc	hl
    000014E8 56               [ 8] 4419 	ld	d, (hl)
    000014E9 D5               [16] 4420 	push	de
    000014EA F8 0D            [12] 4421 	ldhl	sp,	#13
    000014EC 5E               [ 8] 4422 	ld	e, (hl)
    000014ED 23               [ 8] 4423 	inc	hl
    000014EE 56               [ 8] 4424 	ld	d, (hl)
    000014EF D5               [16] 4425 	push	de
    000014F0 59               [ 4] 4426 	ld	e, c
    000014F1 50               [ 4] 4427 	ld	d, b
    000014F2 CDr6Er11         [24] 4428 	call	_draw_mt_column
    000014F5                       4429 00112$:
                                   4430 ;src/main.c:170: player.world_x = cam_px + PLAYER_SCREEN_X;
    000014F5 F8 0E            [12] 4431 	ldhl	sp,	#14
    000014F7 2A               [ 8] 4432 	ld	a, (hl+)
    000014F8 4F               [ 4] 4433 	ld	c, a
    000014F9 46               [ 8] 4434 	ld	b, (hl)
    000014FA 21 20 00         [12] 4435 	ld	hl, #0x0020
    000014FD 09               [ 8] 4436 	add	hl, bc
    000014FE 4C               [ 4] 4437 	ld	c, h
    000014FF 7D               [ 4] 4438 	ld	a, l
    00001500 F8 00            [12] 4439 	ldhl	sp,	#0
    00001502 22               [ 8] 4440 	ld	(hl+), a
    00001503 71               [ 8] 4441 	ld	(hl), c
                                   4442 ;src/main.c:172: _prev = _current_bank;
    00001504 F0r00            [12] 4443 	ldh	a, (__current_bank + 0)
    00001506 F8 1C            [12] 4444 	ldhl	sp,	#28
    00001508 77               [ 8] 4445 	ld	(hl), a
                                   4446 ;src/main.c:173: SWITCH_ROM(l->map_bank);
    00001509 F8 12            [12] 4447 	ldhl	sp,#18
    0000150B 2A               [ 8] 4448 	ld	a, (hl+)
    0000150C 5F               [ 4] 4449 	ld	e, a
    0000150D 3A               [ 8] 4450 	ld	a, (hl-)
    0000150E 57               [ 4] 4451 	ld	d, a
    0000150F 1A               [ 8] 4452 	ld	a, (de)
    00001510 E0r00            [12] 4453 	ldh	(__current_bank + 0), a
    00001512 2A               [ 8] 4454 	ld	a, (hl+)
    00001513 5F               [ 4] 4455 	ld	e, a
    00001514 56               [ 8] 4456 	ld	d, (hl)
    00001515 1A               [ 8] 4457 	ld	a, (de)
    00001516 EAr00r00         [16] 4458 	ld	(#_rROMB0),a
                                   4459 ;src/main.c:174: died = player_update(&player, joy, map, map_w, map_h);
    00001519 F8 31            [12] 4460 	ldhl	sp,	#49
    0000151B 3A               [ 8] 4461 	ld	a, (hl-)
    0000151C 77               [ 8] 4462 	ld	(hl), a
                                   4463 ;include/player.h:47: if (p->dead) return 1;
    0000151D F8 07            [12] 4464 	ldhl	sp,	#7
    0000151F 7E               [ 8] 4465 	ld	a, (hl)
    00001520 F8 31            [12] 4466 	ldhl	sp,	#49
    00001522 77               [ 8] 4467 	ld	(hl), a
                                   4468 ;include/player.h:50: if (!p->on_ground) {
                                   4469 ;include/player.h:51: p->vel_y += GRAVITY;
                                   4470 ;include/player.h:47: if (p->dead) return 1;
    00001523 7E               [ 8] 4471 	ld	a, (hl)
    00001524 B7               [ 4] 4472 	or	a, a
    00001525 28 05            [12] 4473 	jr	Z, 00125$
    00001527 36 01            [12] 4474 	ld	(hl), #0x01
    00001529 C3rE9r23         [16] 4475 	jp	00397$
    0000152C                       4476 00125$:
                                   4477 ;include/player.h:50: if (!p->on_ground) {
    0000152C F8 06            [12] 4478 	ldhl	sp,	#6
    0000152E 7E               [ 8] 4479 	ld	a, (hl)
    0000152F B7               [ 4] 4480 	or	a, a
    00001530 20 32            [12] 4481 	jr	NZ, 00129$
                                   4482 ;include/player.h:51: p->vel_y += GRAVITY;
    00001532 2B               [ 8] 4483 	dec	hl
    00001533 2B               [ 8] 4484 	dec	hl
    00001534 2A               [ 8] 4485 	ld	a, (hl+)
    00001535 4F               [ 4] 4486 	ld	c, a
    00001536 46               [ 8] 4487 	ld	b, (hl)
    00001537 21 08 00         [12] 4488 	ld	hl, #0x0008
    0000153A 09               [ 8] 4489 	add	hl, bc
    0000153B 4D               [ 4] 4490 	ld	c, l
    0000153C 44               [ 4] 4491 	ld	b, h
    0000153D F8 04            [12] 4492 	ldhl	sp,	#4
    0000153F 79               [ 4] 4493 	ld	a, c
    00001540 22               [ 8] 4494 	ld	(hl+), a
    00001541 70               [ 8] 4495 	ld	(hl), b
                                   4496 ;include/player.h:52: if (p->vel_y > MAX_FALL_SPEED) p->vel_y = MAX_FALL_SPEED;
    00001542 58               [ 4] 4497 	ld	e, b
    00001543 16 00            [ 8] 4498 	ld	d, #0x00
    00001545 3E 50            [ 8] 4499 	ld	a, #0x50
    00001547 B9               [ 4] 4500 	cp	a, c
    00001548 3E 00            [ 8] 4501 	ld	a, #0x00
    0000154A 98               [ 4] 4502 	sbc	a, b
    0000154B CB 7B            [ 8] 4503 	bit	7, e
    0000154D 28 07            [12] 4504 	jr	Z, 01206$
    0000154F CB 7A            [ 8] 4505 	bit	7, d
    00001551 20 08            [12] 4506 	jr	NZ, 01207$
    00001553 BF               [ 4] 4507 	cp	a, a
    00001554 18 05            [12] 4508 	jr	01207$
    00001556                       4509 01206$:
    00001556 CB 7A            [ 8] 4510 	bit	7, d
    00001558 28 01            [12] 4511 	jr	Z, 01207$
    0000155A 37               [ 4] 4512 	scf
    0000155B                       4513 01207$:
    0000155B 30 07            [12] 4514 	jr	NC, 00129$
    0000155D F8 04            [12] 4515 	ldhl	sp,	#4
    0000155F 3E 50            [ 8] 4516 	ld	a, #0x50
    00001561 22               [ 8] 4517 	ld	(hl+), a
    00001562 AF               [ 4] 4518 	xor	a, a
    00001563 77               [ 8] 4519 	ld	(hl), a
    00001564                       4520 00129$:
                                   4521 ;include/player.h:56: if ((joy & J_A) && p->on_ground) {
                                   4522 ;include/player.h:57: p->vel_y     = JUMP_FORCE;
                                   4523 ;include/player.h:56: if ((joy & J_A) && p->on_ground) {
    00001564 E5               [16] 4524 	push	hl
    00001565 F8 32            [12] 4525 	ldhl	sp,	#50
    00001567 CB 66            [12] 4526 	bit	4, (hl)
    00001569 E1               [12] 4527 	pop	hl
    0000156A 28 10            [12] 4528 	jr	Z, 00132$
    0000156C F8 06            [12] 4529 	ldhl	sp,	#6
    0000156E 7E               [ 8] 4530 	ld	a, (hl)
    0000156F B7               [ 4] 4531 	or	a, a
    00001570 28 0A            [12] 4532 	jr	Z, 00132$
                                   4533 ;include/player.h:57: p->vel_y     = JUMP_FORCE;
    00001572 2B               [ 8] 4534 	dec	hl
    00001573 2B               [ 8] 4535 	dec	hl
    00001574 3E AB            [ 8] 4536 	ld	a, #0xab
    00001576 22               [ 8] 4537 	ld	(hl+), a
                                   4538 ;include/player.h:58: p->on_ground = 0;
    00001577 3E FF            [ 8] 4539 	ld	a, #0xff
    00001579 22               [ 8] 4540 	ld	(hl+), a
    0000157A 36 00            [12] 4541 	ld	(hl), #0x00
    0000157C                       4542 00132$:
                                   4543 ;include/player.h:62: int8_t pixels = (int8_t)(p->vel_y >> 4);
    0000157C F8 04            [12] 4544 	ldhl	sp,	#4
    0000157E 2A               [ 8] 4545 	ld	a, (hl+)
    0000157F 4F               [ 4] 4546 	ld	c, a
    00001580 46               [ 8] 4547 	ld	b, (hl)
    00001581 CB 28            [ 8] 4548 	sra	b
    00001583 CB 19            [ 8] 4549 	rr	c
    00001585 CB 28            [ 8] 4550 	sra	b
    00001587 CB 19            [ 8] 4551 	rr	c
    00001589 CB 28            [ 8] 4552 	sra	b
    0000158B CB 19            [ 8] 4553 	rr	c
    0000158D CB 28            [ 8] 4554 	sra	b
    0000158F CB 19            [ 8] 4555 	rr	c
    00001591 F8 31            [12] 4556 	ldhl	sp,	#49
    00001593 71               [ 8] 4557 	ld	(hl), c
                                   4558 ;include/player.h:63: int8_t step   = (pixels >= 0) ? 1 : -1;
    00001594 3A               [ 8] 4559 	ld	a, (hl-)
    00001595 07               [ 4] 4560 	rlca
    00001596 E6 01            [ 8] 4561 	and	a,#0x01
    00001598 77               [ 8] 4562 	ld	(hl), a
    00001599 CB 46            [12] 4563 	bit	0, (hl)
    0000159B 3E 01            [ 8] 4564 	ld	a, #0x01
    0000159D 28 02            [12] 4565 	jr	Z, 00413$
    0000159F 3E FF            [ 8] 4566 	ld	a, #0xff
    000015A1                       4567 00413$:
    000015A1 F8 26            [12] 4568 	ldhl	sp,	#38
    000015A3 77               [ 8] 4569 	ld	(hl), a
                                   4570 ;include/player.h:64: int8_t steps  = (pixels >= 0) ? pixels : -pixels;
    000015A4 F8 30            [12] 4571 	ldhl	sp,	#48
    000015A6 CB 46            [12] 4572 	bit	0, (hl)
    000015A8 28 05            [12] 4573 	jr	Z, 00415$
    000015AA AF               [ 4] 4574 	xor	a, a
    000015AB F8 31            [12] 4575 	ldhl	sp,	#49
    000015AD 96               [ 8] 4576 	sub	a, (hl)
    000015AE 77               [ 8] 4577 	ld	(hl), a
    000015AF                       4578 00415$:
    000015AF F8 31            [12] 4579 	ldhl	sp,	#49
    000015B1 7E               [ 8] 4580 	ld	a, (hl)
    000015B2 F8 27            [12] 4581 	ldhl	sp,	#39
    000015B4 77               [ 8] 4582 	ld	(hl), a
                                   4583 ;include/player.h:65: if (steps > 16) steps = 16;
    000015B5 5E               [ 8] 4584 	ld	e, (hl)
    000015B6 3E 10            [ 8] 4585 	ld	a,#0x10
    000015B8 57               [ 4] 4586 	ld	d,a
    000015B9 96               [ 8] 4587 	sub	a, (hl)
    000015BA CB 7B            [ 8] 4588 	bit	7, e
    000015BC 28 07            [12] 4589 	jr	Z, 01209$
    000015BE CB 7A            [ 8] 4590 	bit	7, d
    000015C0 20 08            [12] 4591 	jr	NZ, 01210$
    000015C2 BF               [ 4] 4592 	cp	a, a
    000015C3 18 05            [12] 4593 	jr	01210$
    000015C5                       4594 01209$:
    000015C5 CB 7A            [ 8] 4595 	bit	7, d
    000015C7 28 01            [12] 4596 	jr	Z, 01210$
    000015C9 37               [ 4] 4597 	scf
    000015CA                       4598 01210$:
    000015CA 30 04            [12] 4599 	jr	NC, 00134$
    000015CC F8 27            [12] 4600 	ldhl	sp,	#39
    000015CE 36 10            [12] 4601 	ld	(hl), #0x10
    000015D0                       4602 00134$:
                                   4603 ;include/player.h:67: p->on_ground = 0;
    000015D0 F8 06            [12] 4604 	ldhl	sp,	#6
    000015D2 36 00            [12] 4605 	ld	(hl), #0x00
                                   4606 ;src/main.c:69: set_bkg_tiles(bx, by, 2, 1, &metatiles[mt][0]);
    000015D4 F8 26            [12] 4607 	ldhl	sp,	#38
    000015D6 5E               [ 8] 4608 	ld	e, (hl)
    000015D7 AF               [ 4] 4609 	xor	a, a
    000015D8 57               [ 4] 4610 	ld	d, a
    000015D9 96               [ 8] 4611 	sub	a, (hl)
    000015DA CB 7B            [ 8] 4612 	bit	7, e
    000015DC 28 07            [12] 4613 	jr	Z, 01211$
    000015DE CB 7A            [ 8] 4614 	bit	7, d
    000015E0 20 08            [12] 4615 	jr	NZ, 01212$
    000015E2 BF               [ 4] 4616 	cp	a, a
    000015E3 18 05            [12] 4617 	jr	01212$
    000015E5                       4618 01211$:
    000015E5 CB 7A            [ 8] 4619 	bit	7, d
    000015E7 28 01            [12] 4620 	jr	Z, 01212$
    000015E9 37               [ 4] 4621 	scf
    000015EA                       4622 01212$:
    000015EA 3E 00            [ 8] 4623 	ld	a, #0x00
    000015EC 17               [ 4] 4624 	rla
    000015ED F8 28            [12] 4625 	ldhl	sp,	#40
    000015EF 77               [ 8] 4626 	ld	(hl), a
    000015F0 F8 31            [12] 4627 	ldhl	sp,	#49
    000015F2 36 00            [12] 4628 	ld	(hl), #0x00
    000015F4                       4629 00408$:
                                   4630 ;include/player.h:70: int16_t ny = p->world_y + step;
                                   4631 ;include/player.h:74: uint8_t cl = col_point(p->world_x,               ny + PLAYER_SIZE, map, map_w, map_h);
                                   4632 ;include/player.h:69: for (int8_t i = 0; i < steps; i++) {
    000015F4 F8 27            [12] 4633 	ldhl	sp,	#39
    000015F6 5E               [ 8] 4634 	ld	e, (hl)
    000015F7 F8 31            [12] 4635 	ldhl	sp,	#49
    000015F9 56               [ 8] 4636 	ld	d, (hl)
    000015FA 7E               [ 8] 4637 	ld	a, (hl)
    000015FB F8 27            [12] 4638 	ldhl	sp,	#39
    000015FD 96               [ 8] 4639 	sub	a, (hl)
    000015FE CB 7B            [ 8] 4640 	bit	7, e
    00001600 28 07            [12] 4641 	jr	Z, 01213$
    00001602 CB 7A            [ 8] 4642 	bit	7, d
    00001604 20 08            [12] 4643 	jr	NZ, 01214$
    00001606 BF               [ 4] 4644 	cp	a, a
    00001607 18 05            [12] 4645 	jr	01214$
    00001609                       4646 01213$:
    00001609 CB 7A            [ 8] 4647 	bit	7, d
    0000160B 28 01            [12] 4648 	jr	Z, 01214$
    0000160D 37               [ 4] 4649 	scf
    0000160E                       4650 01214$:
    0000160E D2r5Dr19         [16] 4651 	jp	NC, 00188$
                                   4652 ;include/player.h:70: int16_t ny = p->world_y + step;
    00001611 F8 02            [12] 4653 	ldhl	sp,	#2
    00001613 2A               [ 8] 4654 	ld	a, (hl+)
    00001614 4F               [ 4] 4655 	ld	c, a
    00001615 46               [ 8] 4656 	ld	b, (hl)
    00001616 F8 26            [12] 4657 	ldhl	sp,	#38
    00001618 7E               [ 8] 4658 	ld	a, (hl)
    00001619 5F               [ 4] 4659 	ld	e, a
    0000161A 07               [ 4] 4660 	rlca
    0000161B 9F               [ 4] 4661 	sbc	a, a
    0000161C 57               [ 4] 4662 	ld	d, a
    0000161D 79               [ 4] 4663 	ld	a, c
    0000161E 83               [ 4] 4664 	add	a, e
    0000161F 4F               [ 4] 4665 	ld	c, a
    00001620 78               [ 4] 4666 	ld	a, b
    00001621 8A               [ 4] 4667 	adc	a, d
    00001622 F8 29            [12] 4668 	ldhl	sp,	#41
    00001624 71               [ 8] 4669 	ld	(hl), c
    00001625 23               [ 8] 4670 	inc	hl
                                   4671 ;include/player.h:74: uint8_t cl = col_point(p->world_x,               ny + PLAYER_SIZE, map, map_w, map_h);
    00001626 32               [ 8] 4672 	ld	(hl-), a
    00001627 7E               [ 8] 4673 	ld	a, (hl)
    00001628 F8 2D            [12] 4674 	ldhl	sp,	#45
    0000162A 77               [ 8] 4675 	ld	(hl), a
    0000162B F8 2A            [12] 4676 	ldhl	sp,	#42
    0000162D 7E               [ 8] 4677 	ld	a, (hl)
    0000162E F8 2E            [12] 4678 	ldhl	sp,	#46
    00001630 77               [ 8] 4679 	ld	(hl), a
    00001631 F8 00            [12] 4680 	ldhl	sp,	#0
    00001633 7E               [ 8] 4681 	ld	a, (hl)
    00001634 F8 2B            [12] 4682 	ldhl	sp,	#43
    00001636 77               [ 8] 4683 	ld	(hl), a
    00001637 F8 01            [12] 4684 	ldhl	sp,	#1
    00001639 7E               [ 8] 4685 	ld	a, (hl)
    0000163A F8 2C            [12] 4686 	ldhl	sp,	#44
                                   4687 ;include/player.h:75: uint8_t cr = col_point(p->world_x + PLAYER_SIZE,  ny + PLAYER_SIZE, map, map_w, map_h);
    0000163C 32               [ 8] 4688 	ld	(hl-), a
    0000163D 2A               [ 8] 4689 	ld	a, (hl+)
    0000163E 46               [ 8] 4690 	ld	b, (hl)
    0000163F C6 0F            [ 8] 4691 	add	a, #0x0f
    00001641 4F               [ 4] 4692 	ld	c, a
    00001642 78               [ 4] 4693 	ld	a, b
    00001643 CE 00            [ 8] 4694 	adc	a, #0x00
    00001645 F8 2F            [12] 4695 	ldhl	sp,	#47
    00001647 71               [ 8] 4696 	ld	(hl), c
    00001648 23               [ 8] 4697 	inc	hl
    00001649 77               [ 8] 4698 	ld	(hl), a
                                   4699 ;include/player.h:72: if (step > 0) {
    0000164A F8 28            [12] 4700 	ldhl	sp,	#40
    0000164C 7E               [ 8] 4701 	ld	a, (hl)
    0000164D B7               [ 4] 4702 	or	a, a
    0000164E CArC2r17         [16] 4703 	jp	Z, 00186$
                                   4704 ;include/player.h:74: uint8_t cl = col_point(p->world_x,               ny + PLAYER_SIZE, map, map_w, map_h);
    00001651 F8 2D            [12] 4705 	ldhl	sp,#45
    00001653 2A               [ 8] 4706 	ld	a, (hl+)
    00001654 5F               [ 4] 4707 	ld	e, a
    00001655 56               [ 8] 4708 	ld	d, (hl)
    00001656 21 0F 00         [12] 4709 	ld	hl, #0x000f
    00001659 19               [ 8] 4710 	add	hl, de
    0000165A E5               [16] 4711 	push	hl
    0000165B 7D               [ 4] 4712 	ld	a, l
    0000165C F8 26            [12] 4713 	ldhl	sp,	#38
    0000165E 77               [ 8] 4714 	ld	(hl), a
    0000165F E1               [12] 4715 	pop	hl
    00001660 7C               [ 4] 4716 	ld	a, h
    00001661 F8 25            [12] 4717 	ldhl	sp,	#37
    00001663 32               [ 8] 4718 	ld	(hl-), a
    00001664 7E               [ 8] 4719 	ld	a, (hl)
    00001665 F8 2D            [12] 4720 	ldhl	sp,	#45
    00001667 77               [ 8] 4721 	ld	(hl), a
    00001668 F8 25            [12] 4722 	ldhl	sp,	#37
    0000166A 7E               [ 8] 4723 	ld	a, (hl)
    0000166B F8 2E            [12] 4724 	ldhl	sp,	#46
    0000166D 32               [ 8] 4725 	ld	(hl-), a
    0000166E 2A               [ 8] 4726 	ld	a, (hl+)
    0000166F 4F               [ 4] 4727 	ld	c, a
    00001670 46               [ 8] 4728 	ld	b, (hl)
    00001671 60               [ 4] 4729 	ld	h, b
    00001672 CB 7C            [ 8] 4730 	bit	7, h
    00001674 28 03            [12] 4731 	jr	Z, 00136$
    00001676 AF               [ 4] 4732 	xor	a, a
    00001677 18 69            [12] 4733 	jr	00141$
    00001679                       4734 00136$:
                                   4735 ;include/collision.h:54: uint16_t mx = world_px >> 4;                  // pixel → metatile col
    00001679 F8 2C            [12] 4736 	ldhl	sp,	#44
    0000167B CB 3E            [16] 4737 	srl	(hl)
    0000167D 2B               [ 8] 4738 	dec	hl
    0000167E CB 1E            [16] 4739 	rr	(hl)
    00001680 23               [ 8] 4740 	inc	hl
    00001681 CB 3E            [16] 4741 	srl	(hl)
    00001683 2B               [ 8] 4742 	dec	hl
    00001684 CB 1E            [16] 4743 	rr	(hl)
    00001686 23               [ 8] 4744 	inc	hl
    00001687 CB 3E            [16] 4745 	srl	(hl)
    00001689 2B               [ 8] 4746 	dec	hl
    0000168A CB 1E            [16] 4747 	rr	(hl)
    0000168C 23               [ 8] 4748 	inc	hl
    0000168D CB 3E            [16] 4749 	srl	(hl)
    0000168F 2B               [ 8] 4750 	dec	hl
    00001690 CB 1E            [16] 4751 	rr	(hl)
                                   4752 ;include/collision.h:55: uint16_t my = (uint16_t)world_py >> 4;        // pixel → metatile row
    00001692 59               [ 4] 4753 	ld	e, c
    00001693 50               [ 4] 4754 	ld	d, b
    00001694 CB 3A            [ 8] 4755 	srl	d
    00001696 CB 1B            [ 8] 4756 	rr	e
    00001698 CB 3A            [ 8] 4757 	srl	d
    0000169A CB 1B            [ 8] 4758 	rr	e
    0000169C CB 3A            [ 8] 4759 	srl	d
    0000169E CB 1B            [ 8] 4760 	rr	e
    000016A0 CB 3A            [ 8] 4761 	srl	d
    000016A2 CB 1B            [ 8] 4762 	rr	e
                                   4763 ;include/player.h:74: uint8_t cl = col_point(p->world_x,               ny + PLAYER_SIZE, map, map_w, map_h);
    000016A4 D5               [16] 4764 	push	de
    000016A5 F8 2D            [12] 4765 	ldhl	sp,	#45
    000016A7 5D               [ 4] 4766 	ld	e, l
    000016A8 54               [ 4] 4767 	ld	d, h
    000016A9 F8 18            [12] 4768 	ldhl	sp,	#24
    000016AB 1A               [ 8] 4769 	ld	a, (de)
    000016AC 13               [ 8] 4770 	inc	de
    000016AD 96               [ 8] 4771 	sub	a, (hl)
    000016AE 23               [ 8] 4772 	inc	hl
    000016AF 1A               [ 8] 4773 	ld	a, (de)
    000016B0 9E               [ 8] 4774 	sbc	a, (hl)
    000016B1 D1               [12] 4775 	pop	de
    000016B2 30 09            [12] 4776 	jr	NC, 00138$
    000016B4 F8 14            [12] 4777 	ldhl	sp,	#20
    000016B6 7B               [ 4] 4778 	ld	a, e
    000016B7 96               [ 8] 4779 	sub	a, (hl)
    000016B8 23               [ 8] 4780 	inc	hl
    000016B9 7A               [ 4] 4781 	ld	a, d
    000016BA 9E               [ 8] 4782 	sbc	a, (hl)
    000016BB 38 04            [12] 4783 	jr	C, 00139$
    000016BD                       4784 00138$:
    000016BD 3E 07            [ 8] 4785 	ld	a, #0x07
    000016BF 18 21            [12] 4786 	jr	00141$
    000016C1                       4787 00139$:
    000016C1 F8 16            [12] 4788 	ldhl	sp,	#22
    000016C3 2A               [ 8] 4789 	ld	a, (hl+)
    000016C4 4F               [ 4] 4790 	ld	c, a
    000016C5 46               [ 8] 4791 	ld	b, (hl)
    000016C6 CDr00r00         [24] 4792 	call	__mulint
    000016C9 F8 2B            [12] 4793 	ldhl	sp,	#43
    000016CB 2A               [ 8] 4794 	ld	a,	(hl+)
    000016CC 66               [ 8] 4795 	ld	h, (hl)
    000016CD 6F               [ 4] 4796 	ld	l, a
    000016CE 09               [ 8] 4797 	add	hl, bc
    000016CF 4D               [ 4] 4798 	ld	c, l
    000016D0 44               [ 4] 4799 	ld	b, h
    000016D1 F8 18            [12] 4800 	ldhl	sp,	#24
    000016D3 2A               [ 8] 4801 	ld	a,	(hl+)
    000016D4 66               [ 8] 4802 	ld	h, (hl)
    000016D5 6F               [ 4] 4803 	ld	l, a
    000016D6 09               [ 8] 4804 	add	hl, bc
    000016D7 4D               [ 4] 4805 	ld	c, l
    000016D8 44               [ 4] 4806 	ld	b, h
    000016D9 0A               [ 8] 4807 	ld	a, (bc)
    000016DA 6F               [ 4] 4808 	ld	l, a
    000016DB 26 00            [ 8] 4809 	ld	h, #0x00
    000016DD 11r00r00         [12] 4810 	ld	de, #_famidash_metatile_collision
    000016E0 19               [ 8] 4811 	add	hl, de
    000016E1 7E               [ 8] 4812 	ld	a, (hl)
    000016E2                       4813 00141$:
    000016E2 F8 2C            [12] 4814 	ldhl	sp,	#44
                                   4815 ;include/player.h:75: uint8_t cr = col_point(p->world_x + PLAYER_SIZE,  ny + PLAYER_SIZE, map, map_w, map_h);
    000016E4 22               [ 8] 4816 	ld	(hl+), a
    000016E5 2A               [ 8] 4817 	ld	a, (hl+)
    000016E6 CB 7E            [12] 4818 	bit	7, (hl)
    000016E8 28 06            [12] 4819 	jr	Z, 00144$
    000016EA 23               [ 8] 4820 	inc	hl
    000016EB 23               [ 8] 4821 	inc	hl
    000016EC 36 00            [12] 4822 	ld	(hl), #0x00
    000016EE 18 7C            [12] 4823 	jr	00149$
    000016F0                       4824 00144$:
                                   4825 ;include/collision.h:54: uint16_t mx = world_px >> 4;                  // pixel → metatile col
    000016F0 F8 30            [12] 4826 	ldhl	sp,	#48
    000016F2 CB 3E            [16] 4827 	srl	(hl)
    000016F4 2B               [ 8] 4828 	dec	hl
    000016F5 CB 1E            [16] 4829 	rr	(hl)
    000016F7 23               [ 8] 4830 	inc	hl
    000016F8 CB 3E            [16] 4831 	srl	(hl)
    000016FA 2B               [ 8] 4832 	dec	hl
    000016FB CB 1E            [16] 4833 	rr	(hl)
    000016FD 23               [ 8] 4834 	inc	hl
    000016FE CB 3E            [16] 4835 	srl	(hl)
    00001700 2B               [ 8] 4836 	dec	hl
    00001701 CB 1E            [16] 4837 	rr	(hl)
    00001703 23               [ 8] 4838 	inc	hl
    00001704 CB 3E            [16] 4839 	srl	(hl)
    00001706 2B               [ 8] 4840 	dec	hl
    00001707 CB 1E            [16] 4841 	rr	(hl)
                                   4842 ;include/collision.h:55: uint16_t my = (uint16_t)world_py >> 4;        // pixel → metatile row
    00001709 2B               [ 8] 4843 	dec	hl
    0000170A CB 3E            [16] 4844 	srl	(hl)
    0000170C 2B               [ 8] 4845 	dec	hl
    0000170D CB 1E            [16] 4846 	rr	(hl)
    0000170F 23               [ 8] 4847 	inc	hl
    00001710 CB 3E            [16] 4848 	srl	(hl)
    00001712 2B               [ 8] 4849 	dec	hl
    00001713 CB 1E            [16] 4850 	rr	(hl)
    00001715 23               [ 8] 4851 	inc	hl
    00001716 CB 3E            [16] 4852 	srl	(hl)
    00001718 2B               [ 8] 4853 	dec	hl
    00001719 CB 1E            [16] 4854 	rr	(hl)
    0000171B 23               [ 8] 4855 	inc	hl
    0000171C CB 3E            [16] 4856 	srl	(hl)
    0000171E 2B               [ 8] 4857 	dec	hl
    0000171F CB 1E            [16] 4858 	rr	(hl)
                                   4859 ;include/player.h:75: uint8_t cr = col_point(p->world_x + PLAYER_SIZE,  ny + PLAYER_SIZE, map, map_w, map_h);
    00001721 F8 2F            [12] 4860 	ldhl	sp,	#47
    00001723 5D               [ 4] 4861 	ld	e, l
    00001724 54               [ 4] 4862 	ld	d, h
    00001725 F8 16            [12] 4863 	ldhl	sp,	#22
    00001727 1A               [ 8] 4864 	ld	a, (de)
    00001728 13               [ 8] 4865 	inc	de
    00001729 96               [ 8] 4866 	sub	a, (hl)
    0000172A 23               [ 8] 4867 	inc	hl
    0000172B 1A               [ 8] 4868 	ld	a, (de)
    0000172C 9E               [ 8] 4869 	sbc	a, (hl)
    0000172D 30 0E            [12] 4870 	jr	NC, 00146$
    0000172F F8 2D            [12] 4871 	ldhl	sp,	#45
    00001731 5D               [ 4] 4872 	ld	e, l
    00001732 54               [ 4] 4873 	ld	d, h
    00001733 F8 14            [12] 4874 	ldhl	sp,	#20
    00001735 1A               [ 8] 4875 	ld	a, (de)
    00001736 13               [ 8] 4876 	inc	de
    00001737 96               [ 8] 4877 	sub	a, (hl)
    00001738 23               [ 8] 4878 	inc	hl
    00001739 1A               [ 8] 4879 	ld	a, (de)
    0000173A 9E               [ 8] 4880 	sbc	a, (hl)
    0000173B 38 06            [12] 4881 	jr	C, 00147$
    0000173D                       4882 00146$:
    0000173D F8 30            [12] 4883 	ldhl	sp,	#48
    0000173F 36 07            [12] 4884 	ld	(hl), #0x07
    00001741 18 29            [12] 4885 	jr	00149$
    00001743                       4886 00147$:
    00001743 F8 16            [12] 4887 	ldhl	sp,	#22
    00001745 2A               [ 8] 4888 	ld	a, (hl+)
    00001746 4F               [ 4] 4889 	ld	c, a
    00001747 46               [ 8] 4890 	ld	b, (hl)
    00001748 F8 2D            [12] 4891 	ldhl	sp,	#45
    0000174A 2A               [ 8] 4892 	ld	a, (hl+)
    0000174B 5F               [ 4] 4893 	ld	e, a
    0000174C 56               [ 8] 4894 	ld	d, (hl)
    0000174D CDr00r00         [24] 4895 	call	__mulint
    00001750 F8 2F            [12] 4896 	ldhl	sp,	#47
    00001752 2A               [ 8] 4897 	ld	a,	(hl+)
    00001753 66               [ 8] 4898 	ld	h, (hl)
    00001754 6F               [ 4] 4899 	ld	l, a
    00001755 09               [ 8] 4900 	add	hl, bc
    00001756 4D               [ 4] 4901 	ld	c, l
    00001757 44               [ 4] 4902 	ld	b, h
    00001758 F8 18            [12] 4903 	ldhl	sp,	#24
    0000175A 2A               [ 8] 4904 	ld	a,	(hl+)
    0000175B 66               [ 8] 4905 	ld	h, (hl)
    0000175C 6F               [ 4] 4906 	ld	l, a
    0000175D 09               [ 8] 4907 	add	hl, bc
    0000175E 4D               [ 4] 4908 	ld	c, l
    0000175F 44               [ 4] 4909 	ld	b, h
    00001760 0A               [ 8] 4910 	ld	a, (bc)
    00001761 6F               [ 4] 4911 	ld	l, a
    00001762 26 00            [ 8] 4912 	ld	h, #0x00
    00001764 11r00r00         [12] 4913 	ld	de, #_famidash_metatile_collision
    00001767 19               [ 8] 4914 	add	hl, de
    00001768 7E               [ 8] 4915 	ld	a, (hl)
    00001769 F8 30            [12] 4916 	ldhl	sp,	#48
    0000176B 77               [ 8] 4917 	ld	(hl), a
    0000176C                       4918 00149$:
                                   4919 ;include/player.h:76: if (IS_SOLID(cl) || IS_SOLID(cr)) {
    0000176C F8 2C            [12] 4920 	ldhl	sp,	#44
    0000176E 7E               [ 8] 4921 	ld	a, (hl)
    0000176F D6 07            [ 8] 4922 	sub	a, #0x07
    00001771 28 32            [12] 4923 	jr	Z, 00158$
    00001773 F8 2C            [12] 4924 	ldhl	sp,	#44
    00001775 7E               [ 8] 4925 	ld	a, (hl)
    00001776 D6 09            [ 8] 4926 	sub	a, #0x09
    00001778 28 2B            [12] 4927 	jr	Z, 00158$
    0000177A F8 2C            [12] 4928 	ldhl	sp,	#44
    0000177C 7E               [ 8] 4929 	ld	a, (hl)
    0000177D D6 05            [ 8] 4930 	sub	a, #0x05
    0000177F 28 24            [12] 4931 	jr	Z, 00158$
    00001781 F8 2C            [12] 4932 	ldhl	sp,	#44
    00001783 7E               [ 8] 4933 	ld	a, (hl)
    00001784 D6 06            [ 8] 4934 	sub	a, #0x06
    00001786 28 1D            [12] 4935 	jr	Z, 00158$
    00001788 F8 30            [12] 4936 	ldhl	sp,	#48
    0000178A 7E               [ 8] 4937 	ld	a, (hl)
    0000178B D6 07            [ 8] 4938 	sub	a, #0x07
    0000178D 28 16            [12] 4939 	jr	Z, 00158$
    0000178F F8 30            [12] 4940 	ldhl	sp,	#48
    00001791 7E               [ 8] 4941 	ld	a, (hl)
    00001792 D6 09            [ 8] 4942 	sub	a, #0x09
    00001794 28 0F            [12] 4943 	jr	Z, 00158$
    00001796 F8 30            [12] 4944 	ldhl	sp,	#48
    00001798 7E               [ 8] 4945 	ld	a, (hl)
    00001799 D6 05            [ 8] 4946 	sub	a, #0x05
    0000179B 28 08            [12] 4947 	jr	Z, 00158$
    0000179D F8 30            [12] 4948 	ldhl	sp,	#48
    0000179F 7E               [ 8] 4949 	ld	a, (hl)
    000017A0 D6 06            [ 8] 4950 	sub	a, #0x06
    000017A2 C2r4Br19         [16] 4951 	jp	NZ, 00187$
    000017A5                       4952 00158$:
                                   4953 ;include/player.h:77: p->world_y   = ((ny + PLAYER_SIZE) & ~15) - PLAYER_SIZE - 1;
    000017A5 F8 24            [12] 4954 	ldhl	sp,	#36
    000017A7 2A               [ 8] 4955 	ld	a, (hl+)
    000017A8 E6 F0            [ 8] 4956 	and	a, #0xf0
    000017AA 4F               [ 4] 4957 	ld	c, a
    000017AB 46               [ 8] 4958 	ld	b, (hl)
    000017AC 79               [ 4] 4959 	ld	a, c
    000017AD C6 F0            [ 8] 4960 	add	a, #0xf0
    000017AF 4F               [ 4] 4961 	ld	c, a
    000017B0 78               [ 4] 4962 	ld	a, b
    000017B1 CE FF            [ 8] 4963 	adc	a, #0xff
    000017B3 47               [ 4] 4964 	ld	b, a
    000017B4 F8 02            [12] 4965 	ldhl	sp,	#2
    000017B6 79               [ 4] 4966 	ld	a, c
    000017B7 22               [ 8] 4967 	ld	(hl+), a
                                   4968 ;include/player.h:78: p->vel_y     = 0;
    000017B8 78               [ 4] 4969 	ld	a, b
    000017B9 22               [ 8] 4970 	ld	(hl+), a
    000017BA AF               [ 4] 4971 	xor	a, a
    000017BB 22               [ 8] 4972 	ld	(hl+), a
                                   4973 ;include/player.h:79: p->on_ground = 1;
    000017BC 22               [ 8] 4974 	ld	(hl+), a
    000017BD 36 01            [12] 4975 	ld	(hl), #0x01
                                   4976 ;include/player.h:80: break;
    000017BF C3r5Dr19         [16] 4977 	jp	00188$
    000017C2                       4978 00186$:
                                   4979 ;include/player.h:84: uint8_t cl = col_point(p->world_x,               ny, map, map_w, map_h);
    000017C2 F8 2B            [12] 4980 	ldhl	sp,	#43
    000017C4 7E               [ 8] 4981 	ld	a, (hl)
    000017C5 F8 24            [12] 4982 	ldhl	sp,	#36
    000017C7 77               [ 8] 4983 	ld	(hl), a
    000017C8 F8 2C            [12] 4984 	ldhl	sp,	#44
    000017CA 7E               [ 8] 4985 	ld	a, (hl)
    000017CB F8 25            [12] 4986 	ldhl	sp,	#37
    000017CD 77               [ 8] 4987 	ld	(hl), a
    000017CE F8 2E            [12] 4988 	ldhl	sp,	#46
    000017D0 7E               [ 8] 4989 	ld	a, (hl)
    000017D1 07               [ 4] 4990 	rlca
    000017D2 E6 01            [ 8] 4991 	and	a,#0x01
    000017D4 F8 2B            [12] 4992 	ldhl	sp,	#43
                                   4993 ;include/collision.h:55: uint16_t my = (uint16_t)world_py >> 4;        // pixel → metatile row
    000017D6 32               [ 8] 4994 	ld	(hl-), a
    000017D7 2B               [ 8] 4995 	dec	hl
    000017D8 2A               [ 8] 4996 	ld	a, (hl+)
    000017D9 4F               [ 4] 4997 	ld	c, a
    000017DA 2A               [ 8] 4998 	ld	a, (hl+)
    000017DB 23               [ 8] 4999 	inc	hl
    000017DC 47               [ 4] 5000 	ld	b, a
    000017DD 79               [ 4] 5001 	ld	a, c
    000017DE 22               [ 8] 5002 	ld	(hl+), a
    000017DF 70               [ 8] 5003 	ld	(hl), b
    000017E0 CB 3E            [16] 5004 	srl	(hl)
    000017E2 2B               [ 8] 5005 	dec	hl
    000017E3 CB 1E            [16] 5006 	rr	(hl)
    000017E5 23               [ 8] 5007 	inc	hl
    000017E6 CB 3E            [16] 5008 	srl	(hl)
    000017E8 2B               [ 8] 5009 	dec	hl
    000017E9 CB 1E            [16] 5010 	rr	(hl)
    000017EB 23               [ 8] 5011 	inc	hl
    000017EC CB 3E            [16] 5012 	srl	(hl)
    000017EE 2B               [ 8] 5013 	dec	hl
    000017EF CB 1E            [16] 5014 	rr	(hl)
    000017F1 23               [ 8] 5015 	inc	hl
    000017F2 CB 3E            [16] 5016 	srl	(hl)
    000017F4 2B               [ 8] 5017 	dec	hl
    000017F5 CB 1E            [16] 5018 	rr	(hl)
                                   5019 ;include/player.h:84: uint8_t cl = col_point(p->world_x,               ny, map, map_w, map_h);
    000017F7 2B               [ 8] 5020 	dec	hl
    000017F8 7E               [ 8] 5021 	ld	a, (hl)
    000017F9 B7               [ 4] 5022 	or	a, a
    000017FA 28 06            [12] 5023 	jr	Z, 00162$
    000017FC F8 2E            [12] 5024 	ldhl	sp,	#46
    000017FE 36 00            [12] 5025 	ld	(hl), #0x00
    00001800 18 78            [12] 5026 	jr	00167$
    00001802                       5027 00162$:
                                   5028 ;include/collision.h:54: uint16_t mx = world_px >> 4;                  // pixel → metatile col
    00001802 F8 24            [12] 5029 	ldhl	sp,	#36
    00001804 3A               [ 8] 5030 	ld	a, (hl-)
    00001805 2B               [ 8] 5031 	dec	hl
    00001806 77               [ 8] 5032 	ld	(hl), a
    00001807 F8 25            [12] 5033 	ldhl	sp,	#37
    00001809 3A               [ 8] 5034 	ld	a, (hl-)
    0000180A 2B               [ 8] 5035 	dec	hl
    0000180B 77               [ 8] 5036 	ld	(hl), a
    0000180C CB 3E            [16] 5037 	srl	(hl)
    0000180E 2B               [ 8] 5038 	dec	hl
    0000180F CB 1E            [16] 5039 	rr	(hl)
    00001811 23               [ 8] 5040 	inc	hl
    00001812 CB 3E            [16] 5041 	srl	(hl)
    00001814 2B               [ 8] 5042 	dec	hl
    00001815 CB 1E            [16] 5043 	rr	(hl)
    00001817 23               [ 8] 5044 	inc	hl
    00001818 CB 3E            [16] 5045 	srl	(hl)
    0000181A 2B               [ 8] 5046 	dec	hl
    0000181B CB 1E            [16] 5047 	rr	(hl)
    0000181D 23               [ 8] 5048 	inc	hl
    0000181E CB 3E            [16] 5049 	srl	(hl)
    00001820 2B               [ 8] 5050 	dec	hl
    00001821 CB 1E            [16] 5051 	rr	(hl)
                                   5052 ;include/collision.h:55: uint16_t my = (uint16_t)world_py >> 4;        // pixel → metatile row
    00001823 F8 2C            [12] 5053 	ldhl	sp,	#44
    00001825 7E               [ 8] 5054 	ld	a, (hl)
    00001826 F8 24            [12] 5055 	ldhl	sp,	#36
    00001828 77               [ 8] 5056 	ld	(hl), a
    00001829 F8 2D            [12] 5057 	ldhl	sp,	#45
    0000182B 7E               [ 8] 5058 	ld	a, (hl)
    0000182C F8 25            [12] 5059 	ldhl	sp,	#37
    0000182E 77               [ 8] 5060 	ld	(hl), a
                                   5061 ;include/player.h:84: uint8_t cl = col_point(p->world_x,               ny, map, map_w, map_h);
    0000182F F8 22            [12] 5062 	ldhl	sp,	#34
    00001831 5D               [ 4] 5063 	ld	e, l
    00001832 54               [ 4] 5064 	ld	d, h
    00001833 F8 16            [12] 5065 	ldhl	sp,	#22
    00001835 1A               [ 8] 5066 	ld	a, (de)
    00001836 13               [ 8] 5067 	inc	de
    00001837 96               [ 8] 5068 	sub	a, (hl)
    00001838 23               [ 8] 5069 	inc	hl
    00001839 1A               [ 8] 5070 	ld	a, (de)
    0000183A 9E               [ 8] 5071 	sbc	a, (hl)
    0000183B 30 0E            [12] 5072 	jr	NC, 00164$
    0000183D F8 24            [12] 5073 	ldhl	sp,	#36
    0000183F 5D               [ 4] 5074 	ld	e, l
    00001840 54               [ 4] 5075 	ld	d, h
    00001841 F8 14            [12] 5076 	ldhl	sp,	#20
    00001843 1A               [ 8] 5077 	ld	a, (de)
    00001844 13               [ 8] 5078 	inc	de
    00001845 96               [ 8] 5079 	sub	a, (hl)
    00001846 23               [ 8] 5080 	inc	hl
    00001847 1A               [ 8] 5081 	ld	a, (de)
    00001848 9E               [ 8] 5082 	sbc	a, (hl)
    00001849 38 06            [12] 5083 	jr	C, 00165$
    0000184B                       5084 00164$:
    0000184B F8 2E            [12] 5085 	ldhl	sp,	#46
    0000184D 36 07            [12] 5086 	ld	(hl), #0x07
    0000184F 18 29            [12] 5087 	jr	00167$
    00001851                       5088 00165$:
    00001851 F8 16            [12] 5089 	ldhl	sp,	#22
    00001853 2A               [ 8] 5090 	ld	a, (hl+)
    00001854 4F               [ 4] 5091 	ld	c, a
    00001855 46               [ 8] 5092 	ld	b, (hl)
    00001856 F8 24            [12] 5093 	ldhl	sp,	#36
    00001858 2A               [ 8] 5094 	ld	a, (hl+)
    00001859 5F               [ 4] 5095 	ld	e, a
    0000185A 56               [ 8] 5096 	ld	d, (hl)
    0000185B CDr00r00         [24] 5097 	call	__mulint
    0000185E F8 22            [12] 5098 	ldhl	sp,	#34
    00001860 2A               [ 8] 5099 	ld	a,	(hl+)
    00001861 66               [ 8] 5100 	ld	h, (hl)
    00001862 6F               [ 4] 5101 	ld	l, a
    00001863 09               [ 8] 5102 	add	hl, bc
    00001864 4D               [ 4] 5103 	ld	c, l
    00001865 44               [ 4] 5104 	ld	b, h
    00001866 F8 18            [12] 5105 	ldhl	sp,	#24
    00001868 2A               [ 8] 5106 	ld	a,	(hl+)
    00001869 66               [ 8] 5107 	ld	h, (hl)
    0000186A 6F               [ 4] 5108 	ld	l, a
    0000186B 09               [ 8] 5109 	add	hl, bc
    0000186C 4D               [ 4] 5110 	ld	c, l
    0000186D 44               [ 4] 5111 	ld	b, h
    0000186E 0A               [ 8] 5112 	ld	a, (bc)
    0000186F 6F               [ 4] 5113 	ld	l, a
    00001870 26 00            [ 8] 5114 	ld	h, #0x00
    00001872 11r00r00         [12] 5115 	ld	de, #_famidash_metatile_collision
    00001875 19               [ 8] 5116 	add	hl, de
    00001876 7E               [ 8] 5117 	ld	a, (hl)
    00001877 F8 2E            [12] 5118 	ldhl	sp,	#46
    00001879 77               [ 8] 5119 	ld	(hl), a
    0000187A                       5120 00167$:
                                   5121 ;include/player.h:85: uint8_t cr = col_point(p->world_x + PLAYER_SIZE,  ny, map, map_w, map_h);
    0000187A F8 2B            [12] 5122 	ldhl	sp,	#43
    0000187C 7E               [ 8] 5123 	ld	a, (hl)
    0000187D B7               [ 4] 5124 	or	a, a
    0000187E 28 06            [12] 5125 	jr	Z, 00170$
    00001880 F8 30            [12] 5126 	ldhl	sp,	#48
    00001882 36 00            [12] 5127 	ld	(hl), #0x00
    00001884 18 64            [12] 5128 	jr	00175$
    00001886                       5129 00170$:
                                   5130 ;include/collision.h:54: uint16_t mx = world_px >> 4;                  // pixel → metatile col
    00001886 F8 30            [12] 5131 	ldhl	sp,	#48
    00001888 CB 3E            [16] 5132 	srl	(hl)
    0000188A 2B               [ 8] 5133 	dec	hl
    0000188B CB 1E            [16] 5134 	rr	(hl)
    0000188D 23               [ 8] 5135 	inc	hl
    0000188E CB 3E            [16] 5136 	srl	(hl)
    00001890 2B               [ 8] 5137 	dec	hl
    00001891 CB 1E            [16] 5138 	rr	(hl)
    00001893 23               [ 8] 5139 	inc	hl
    00001894 CB 3E            [16] 5140 	srl	(hl)
    00001896 2B               [ 8] 5141 	dec	hl
    00001897 CB 1E            [16] 5142 	rr	(hl)
    00001899 23               [ 8] 5143 	inc	hl
    0000189A CB 3E            [16] 5144 	srl	(hl)
    0000189C 2B               [ 8] 5145 	dec	hl
    0000189D CB 1E            [16] 5146 	rr	(hl)
                                   5147 ;include/collision.h:55: uint16_t my = (uint16_t)world_py >> 4;        // pixel → metatile row
                                   5148 ;include/player.h:85: uint8_t cr = col_point(p->world_x + PLAYER_SIZE,  ny, map, map_w, map_h);
    0000189F F8 2F            [12] 5149 	ldhl	sp,	#47
    000018A1 5D               [ 4] 5150 	ld	e, l
    000018A2 54               [ 4] 5151 	ld	d, h
    000018A3 F8 16            [12] 5152 	ldhl	sp,	#22
    000018A5 1A               [ 8] 5153 	ld	a, (de)
    000018A6 13               [ 8] 5154 	inc	de
    000018A7 96               [ 8] 5155 	sub	a, (hl)
    000018A8 23               [ 8] 5156 	inc	hl
    000018A9 1A               [ 8] 5157 	ld	a, (de)
    000018AA 9E               [ 8] 5158 	sbc	a, (hl)
    000018AB 30 0E            [12] 5159 	jr	NC, 00172$
    000018AD F8 2C            [12] 5160 	ldhl	sp,	#44
    000018AF 5D               [ 4] 5161 	ld	e, l
    000018B0 54               [ 4] 5162 	ld	d, h
    000018B1 F8 14            [12] 5163 	ldhl	sp,	#20
    000018B3 1A               [ 8] 5164 	ld	a, (de)
    000018B4 13               [ 8] 5165 	inc	de
    000018B5 96               [ 8] 5166 	sub	a, (hl)
    000018B6 23               [ 8] 5167 	inc	hl
    000018B7 1A               [ 8] 5168 	ld	a, (de)
    000018B8 9E               [ 8] 5169 	sbc	a, (hl)
    000018B9 38 06            [12] 5170 	jr	C, 00173$
    000018BB                       5171 00172$:
    000018BB F8 30            [12] 5172 	ldhl	sp,	#48
    000018BD 36 07            [12] 5173 	ld	(hl), #0x07
    000018BF 18 29            [12] 5174 	jr	00175$
    000018C1                       5175 00173$:
    000018C1 F8 16            [12] 5176 	ldhl	sp,	#22
    000018C3 2A               [ 8] 5177 	ld	a, (hl+)
    000018C4 4F               [ 4] 5178 	ld	c, a
    000018C5 46               [ 8] 5179 	ld	b, (hl)
    000018C6 F8 2C            [12] 5180 	ldhl	sp,	#44
    000018C8 2A               [ 8] 5181 	ld	a, (hl+)
    000018C9 5F               [ 4] 5182 	ld	e, a
    000018CA 56               [ 8] 5183 	ld	d, (hl)
    000018CB CDr00r00         [24] 5184 	call	__mulint
    000018CE F8 2F            [12] 5185 	ldhl	sp,	#47
    000018D0 2A               [ 8] 5186 	ld	a,	(hl+)
    000018D1 66               [ 8] 5187 	ld	h, (hl)
    000018D2 6F               [ 4] 5188 	ld	l, a
    000018D3 09               [ 8] 5189 	add	hl, bc
    000018D4 4D               [ 4] 5190 	ld	c, l
    000018D5 44               [ 4] 5191 	ld	b, h
    000018D6 F8 18            [12] 5192 	ldhl	sp,	#24
    000018D8 2A               [ 8] 5193 	ld	a,	(hl+)
    000018D9 66               [ 8] 5194 	ld	h, (hl)
    000018DA 6F               [ 4] 5195 	ld	l, a
    000018DB 09               [ 8] 5196 	add	hl, bc
    000018DC 4D               [ 4] 5197 	ld	c, l
    000018DD 44               [ 4] 5198 	ld	b, h
    000018DE 0A               [ 8] 5199 	ld	a, (bc)
    000018DF 6F               [ 4] 5200 	ld	l, a
    000018E0 26 00            [ 8] 5201 	ld	h, #0x00
    000018E2 11r00r00         [12] 5202 	ld	de, #_famidash_metatile_collision
    000018E5 19               [ 8] 5203 	add	hl, de
    000018E6 7E               [ 8] 5204 	ld	a, (hl)
    000018E7 F8 30            [12] 5205 	ldhl	sp,	#48
    000018E9 77               [ 8] 5206 	ld	(hl), a
    000018EA                       5207 00175$:
                                   5208 ;include/player.h:86: if (IS_SOLID(cl) || IS_SOLID(cr)) {
    000018EA F8 2E            [12] 5209 	ldhl	sp,	#46
    000018EC 7E               [ 8] 5210 	ld	a, (hl)
    000018ED D6 07            [ 8] 5211 	sub	a, #0x07
    000018EF 28 31            [12] 5212 	jr	Z, 00184$
    000018F1 F8 2E            [12] 5213 	ldhl	sp,	#46
    000018F3 7E               [ 8] 5214 	ld	a, (hl)
    000018F4 D6 09            [ 8] 5215 	sub	a, #0x09
    000018F6 28 2A            [12] 5216 	jr	Z, 00184$
    000018F8 F8 2E            [12] 5217 	ldhl	sp,	#46
    000018FA 7E               [ 8] 5218 	ld	a, (hl)
    000018FB D6 05            [ 8] 5219 	sub	a, #0x05
    000018FD 28 23            [12] 5220 	jr	Z, 00184$
    000018FF F8 2E            [12] 5221 	ldhl	sp,	#46
    00001901 7E               [ 8] 5222 	ld	a, (hl)
    00001902 D6 06            [ 8] 5223 	sub	a, #0x06
    00001904 28 1C            [12] 5224 	jr	Z, 00184$
    00001906 F8 30            [12] 5225 	ldhl	sp,	#48
    00001908 7E               [ 8] 5226 	ld	a, (hl)
    00001909 D6 07            [ 8] 5227 	sub	a, #0x07
    0000190B 28 15            [12] 5228 	jr	Z, 00184$
    0000190D F8 30            [12] 5229 	ldhl	sp,	#48
    0000190F 7E               [ 8] 5230 	ld	a, (hl)
    00001910 D6 09            [ 8] 5231 	sub	a, #0x09
    00001912 28 0E            [12] 5232 	jr	Z, 00184$
    00001914 F8 30            [12] 5233 	ldhl	sp,	#48
    00001916 7E               [ 8] 5234 	ld	a, (hl)
    00001917 D6 05            [ 8] 5235 	sub	a, #0x05
    00001919 28 07            [12] 5236 	jr	Z, 00184$
    0000191B F8 30            [12] 5237 	ldhl	sp,	#48
    0000191D 7E               [ 8] 5238 	ld	a, (hl)
    0000191E D6 06            [ 8] 5239 	sub	a, #0x06
    00001920 20 29            [12] 5240 	jr	NZ, 00187$
    00001922                       5241 00184$:
                                   5242 ;include/player.h:87: p->world_y = ((ny >> 4) + 1) << 4;
    00001922 F8 29            [12] 5243 	ldhl	sp,#41
    00001924 2A               [ 8] 5244 	ld	a, (hl+)
    00001925 4F               [ 4] 5245 	ld	c, a
    00001926 46               [ 8] 5246 	ld	b, (hl)
    00001927 CB 28            [ 8] 5247 	sra	b
    00001929 CB 19            [ 8] 5248 	rr	c
    0000192B CB 28            [ 8] 5249 	sra	b
    0000192D CB 19            [ 8] 5250 	rr	c
    0000192F CB 28            [ 8] 5251 	sra	b
    00001931 CB 19            [ 8] 5252 	rr	c
    00001933 CB 28            [ 8] 5253 	sra	b
    00001935 CB 19            [ 8] 5254 	rr	c
    00001937 69               [ 4] 5255 	ld	l, c
    00001938 60               [ 4] 5256 	ld	h, b
    00001939 23               [ 8] 5257 	inc	hl
    0000193A 29               [ 8] 5258 	add	hl, hl
    0000193B 29               [ 8] 5259 	add	hl, hl
    0000193C 29               [ 8] 5260 	add	hl, hl
    0000193D 29               [ 8] 5261 	add	hl, hl
    0000193E 4D               [ 4] 5262 	ld	c, l
    0000193F 44               [ 4] 5263 	ld	b, h
    00001940 F8 02            [12] 5264 	ldhl	sp,	#2
    00001942 79               [ 4] 5265 	ld	a, c
    00001943 22               [ 8] 5266 	ld	(hl+), a
                                   5267 ;include/player.h:88: p->vel_y   = 0;
    00001944 78               [ 4] 5268 	ld	a, b
    00001945 22               [ 8] 5269 	ld	(hl+), a
    00001946 AF               [ 4] 5270 	xor	a, a
    00001947 22               [ 8] 5271 	ld	(hl+), a
    00001948 77               [ 8] 5272 	ld	(hl), a
                                   5273 ;include/player.h:89: break;
    00001949 18 12            [12] 5274 	jr	00188$
    0000194B                       5275 00187$:
                                   5276 ;include/player.h:92: p->world_y = ny;
    0000194B F8 29            [12] 5277 	ldhl	sp,	#41
    0000194D 7E               [ 8] 5278 	ld	a, (hl)
    0000194E F8 02            [12] 5279 	ldhl	sp,	#2
    00001950 77               [ 8] 5280 	ld	(hl), a
    00001951 F8 2A            [12] 5281 	ldhl	sp,	#42
    00001953 7E               [ 8] 5282 	ld	a, (hl)
    00001954 F8 03            [12] 5283 	ldhl	sp,	#3
    00001956 77               [ 8] 5284 	ld	(hl), a
                                   5285 ;include/player.h:69: for (int8_t i = 0; i < steps; i++) {
    00001957 F8 31            [12] 5286 	ldhl	sp,	#49
    00001959 34               [12] 5287 	inc	(hl)
    0000195A C3rF4r15         [16] 5288 	jp	00408$
    0000195D                       5289 00188$:
                                   5290 ;include/player.h:74: uint8_t cl = col_point(p->world_x,               ny + PLAYER_SIZE, map, map_w, map_h);
    0000195D F8 00            [12] 5291 	ldhl	sp,	#0
    0000195F 7E               [ 8] 5292 	ld	a, (hl)
    00001960 F8 1D            [12] 5293 	ldhl	sp,	#29
    00001962 77               [ 8] 5294 	ld	(hl), a
    00001963 F8 01            [12] 5295 	ldhl	sp,	#1
    00001965 7E               [ 8] 5296 	ld	a, (hl)
    00001966 F8 1E            [12] 5297 	ldhl	sp,	#30
                                   5298 ;include/player.h:75: uint8_t cr = col_point(p->world_x + PLAYER_SIZE,  ny + PLAYER_SIZE, map, map_w, map_h);
    00001968 32               [ 8] 5299 	ld	(hl-), a
    00001969 2A               [ 8] 5300 	ld	a, (hl+)
    0000196A 23               [ 8] 5301 	inc	hl
    0000196B 32               [ 8] 5302 	ld	(hl-), a
    0000196C 2A               [ 8] 5303 	ld	a, (hl+)
    0000196D 23               [ 8] 5304 	inc	hl
                                   5305 ;include/player.h:97: uint16_t hx1 = p->world_x  + PLAYER_HBOX;
    0000196E 32               [ 8] 5306 	ld	(hl-), a
    0000196F 2A               [ 8] 5307 	ld	a, (hl+)
    00001970 4F               [ 4] 5308 	ld	c, a
    00001971 46               [ 8] 5309 	ld	b, (hl)
    00001972 03               [ 8] 5310 	inc	bc
    00001973 03               [ 8] 5311 	inc	bc
    00001974 F8 30            [12] 5312 	ldhl	sp,	#48
    00001976 79               [ 4] 5313 	ld	a, c
    00001977 22               [ 8] 5314 	ld	(hl+), a
    00001978 70               [ 8] 5315 	ld	(hl), b
                                   5316 ;include/player.h:98: uint16_t hx2 = p->world_x  + PLAYER_SIZE - PLAYER_HBOX;
    00001979 F8 1F            [12] 5317 	ldhl	sp,#31
    0000197B 2A               [ 8] 5318 	ld	a, (hl+)
    0000197C 5F               [ 4] 5319 	ld	e, a
    0000197D 56               [ 8] 5320 	ld	d, (hl)
    0000197E 21 0D 00         [12] 5321 	ld	hl, #0x000d
    00001981 19               [ 8] 5322 	add	hl, de
    00001982 4D               [ 4] 5323 	ld	c, l
    00001983 7C               [ 4] 5324 	ld	a, h
    00001984 F8 21            [12] 5325 	ldhl	sp,	#33
    00001986 71               [ 8] 5326 	ld	(hl), c
    00001987 23               [ 8] 5327 	inc	hl
    00001988 77               [ 8] 5328 	ld	(hl), a
                                   5329 ;include/player.h:99: int16_t  hy1 = p->world_y  + PLAYER_HBOX;
    00001989 F8 02            [12] 5330 	ldhl	sp,	#2
    0000198B 7E               [ 8] 5331 	ld	a, (hl)
    0000198C F8 23            [12] 5332 	ldhl	sp,	#35
    0000198E 77               [ 8] 5333 	ld	(hl), a
    0000198F F8 03            [12] 5334 	ldhl	sp,	#3
    00001991 7E               [ 8] 5335 	ld	a, (hl)
    00001992 F8 24            [12] 5336 	ldhl	sp,	#36
    00001994 32               [ 8] 5337 	ld	(hl-), a
    00001995 2A               [ 8] 5338 	ld	a, (hl+)
    00001996 23               [ 8] 5339 	inc	hl
    00001997 32               [ 8] 5340 	ld	(hl-), a
    00001998 2A               [ 8] 5341 	ld	a, (hl+)
    00001999 23               [ 8] 5342 	inc	hl
    0000199A 32               [ 8] 5343 	ld	(hl-), a
    0000199B 2A               [ 8] 5344 	ld	a, (hl+)
    0000199C 4F               [ 4] 5345 	ld	c, a
                                   5346 ;include/player.h:100: int16_t  hy2 = p->world_y  + PLAYER_SIZE - PLAYER_HBOX;
    0000199D 3A               [ 8] 5347 	ld	a, (hl-)
    0000199E 47               [ 4] 5348 	ld	b, a
    0000199F 03               [ 8] 5349 	inc	bc
    000019A0 03               [ 8] 5350 	inc	bc
    000019A1 2A               [ 8] 5351 	ld	a, (hl+)
    000019A2 5F               [ 4] 5352 	ld	e, a
    000019A3 56               [ 8] 5353 	ld	d, (hl)
    000019A4 21 0D 00         [12] 5354 	ld	hl, #0x000d
    000019A7 19               [ 8] 5355 	add	hl, de
    000019A8 5D               [ 4] 5356 	ld	e, l
    000019A9 7C               [ 4] 5357 	ld	a, h
    000019AA F8 27            [12] 5358 	ldhl	sp,	#39
    000019AC 73               [ 8] 5359 	ld	(hl), e
    000019AD 23               [ 8] 5360 	inc	hl
    000019AE 77               [ 8] 5361 	ld	(hl), a
                                   5362 ;include/collision.h:53: if (world_py < 0) return COL_NONE;            // above map = sky
    000019AF 78               [ 4] 5363 	ld	a, b
    000019B0 07               [ 4] 5364 	rlca
    000019B1 E6 01            [ 8] 5365 	and	a,#0x01
    000019B3 F8 29            [12] 5366 	ldhl	sp,	#41
    000019B5 77               [ 8] 5367 	ld	(hl), a
                                   5368 ;include/collision.h:54: uint16_t mx = world_px >> 4;                  // pixel → metatile col
    000019B6 F8 30            [12] 5369 	ldhl	sp,	#48
    000019B8 7E               [ 8] 5370 	ld	a, (hl)
    000019B9 F8 2A            [12] 5371 	ldhl	sp,	#42
    000019BB 77               [ 8] 5372 	ld	(hl), a
    000019BC F8 31            [12] 5373 	ldhl	sp,	#49
    000019BE 7E               [ 8] 5374 	ld	a, (hl)
    000019BF F8 2B            [12] 5375 	ldhl	sp,	#43
    000019C1 77               [ 8] 5376 	ld	(hl), a
    000019C2 CB 3E            [16] 5377 	srl	(hl)
    000019C4 2B               [ 8] 5378 	dec	hl
    000019C5 CB 1E            [16] 5379 	rr	(hl)
    000019C7 23               [ 8] 5380 	inc	hl
    000019C8 CB 3E            [16] 5381 	srl	(hl)
    000019CA 2B               [ 8] 5382 	dec	hl
    000019CB CB 1E            [16] 5383 	rr	(hl)
    000019CD 23               [ 8] 5384 	inc	hl
    000019CE CB 3E            [16] 5385 	srl	(hl)
    000019D0 2B               [ 8] 5386 	dec	hl
    000019D1 CB 1E            [16] 5387 	rr	(hl)
    000019D3 23               [ 8] 5388 	inc	hl
    000019D4 CB 3E            [16] 5389 	srl	(hl)
    000019D6 2B               [ 8] 5390 	dec	hl
    000019D7 CB 1E            [16] 5391 	rr	(hl)
                                   5392 ;include/collision.h:55: uint16_t my = (uint16_t)world_py >> 4;        // pixel → metatile row
    000019D9 23               [ 8] 5393 	inc	hl
    000019DA 23               [ 8] 5394 	inc	hl
    000019DB 79               [ 4] 5395 	ld	a, c
    000019DC 22               [ 8] 5396 	ld	(hl+), a
    000019DD 70               [ 8] 5397 	ld	(hl), b
    000019DE CB 3E            [16] 5398 	srl	(hl)
    000019E0 2B               [ 8] 5399 	dec	hl
    000019E1 CB 1E            [16] 5400 	rr	(hl)
    000019E3 23               [ 8] 5401 	inc	hl
    000019E4 CB 3E            [16] 5402 	srl	(hl)
    000019E6 2B               [ 8] 5403 	dec	hl
    000019E7 CB 1E            [16] 5404 	rr	(hl)
    000019E9 23               [ 8] 5405 	inc	hl
    000019EA CB 3E            [16] 5406 	srl	(hl)
    000019EC 2B               [ 8] 5407 	dec	hl
    000019ED CB 1E            [16] 5408 	rr	(hl)
    000019EF 23               [ 8] 5409 	inc	hl
    000019F0 CB 3E            [16] 5410 	srl	(hl)
    000019F2 2B               [ 8] 5411 	dec	hl
    000019F3 CB 1E            [16] 5412 	rr	(hl)
                                   5413 ;include/collision.h:53: if (world_py < 0) return COL_NONE;            // above map = sky
    000019F5 F8 29            [12] 5414 	ldhl	sp,	#41
    000019F7 7E               [ 8] 5415 	ld	a, (hl)
    000019F8 B7               [ 4] 5416 	or	a, a
    000019F9 28 04            [12] 5417 	jr	Z, 00190$
    000019FB 0E 00            [ 8] 5418 	ld	c, #0x00
    000019FD 18 4F            [12] 5419 	jr	00195$
    000019FF                       5420 00190$:
                                   5421 ;include/collision.h:54: uint16_t mx = world_px >> 4;                  // pixel → metatile col
    000019FF F8 2A            [12] 5422 	ldhl	sp,	#42
    00001A01 7E               [ 8] 5423 	ld	a, (hl)
    00001A02 F8 30            [12] 5424 	ldhl	sp,	#48
    00001A04 77               [ 8] 5425 	ld	(hl), a
    00001A05 F8 2B            [12] 5426 	ldhl	sp,	#43
    00001A07 7E               [ 8] 5427 	ld	a, (hl)
    00001A08 F8 31            [12] 5428 	ldhl	sp,	#49
    00001A0A 77               [ 8] 5429 	ld	(hl), a
                                   5430 ;include/collision.h:55: uint16_t my = (uint16_t)world_py >> 4;        // pixel → metatile row
    00001A0B F8 2C            [12] 5431 	ldhl	sp,	#44
    00001A0D 2A               [ 8] 5432 	ld	a, (hl+)
    00001A0E 5F               [ 4] 5433 	ld	e, a
    00001A0F 56               [ 8] 5434 	ld	d, (hl)
                                   5435 ;include/collision.h:56: if (mx >= map_w || my >= map_h) return COL_ALL; // out of bounds = solid
    00001A10 D5               [16] 5436 	push	de
    00001A11 F8 32            [12] 5437 	ldhl	sp,	#50
    00001A13 5D               [ 4] 5438 	ld	e, l
    00001A14 54               [ 4] 5439 	ld	d, h
    00001A15 F8 18            [12] 5440 	ldhl	sp,	#24
    00001A17 1A               [ 8] 5441 	ld	a, (de)
    00001A18 13               [ 8] 5442 	inc	de
    00001A19 96               [ 8] 5443 	sub	a, (hl)
    00001A1A 23               [ 8] 5444 	inc	hl
    00001A1B 1A               [ 8] 5445 	ld	a, (de)
    00001A1C 9E               [ 8] 5446 	sbc	a, (hl)
    00001A1D D1               [12] 5447 	pop	de
    00001A1E 30 09            [12] 5448 	jr	NC, 00192$
    00001A20 F8 14            [12] 5449 	ldhl	sp,	#20
    00001A22 7B               [ 4] 5450 	ld	a, e
    00001A23 96               [ 8] 5451 	sub	a, (hl)
    00001A24 23               [ 8] 5452 	inc	hl
    00001A25 7A               [ 4] 5453 	ld	a, d
    00001A26 9E               [ 8] 5454 	sbc	a, (hl)
    00001A27 38 04            [12] 5455 	jr	C, 00193$
    00001A29                       5456 00192$:
    00001A29 0E 07            [ 8] 5457 	ld	c, #0x07
    00001A2B 18 21            [12] 5458 	jr	00195$
    00001A2D                       5459 00193$:
                                   5460 ;include/collision.h:57: return col_of(map[(uint16_t)my * map_w + mx]);
    00001A2D F8 16            [12] 5461 	ldhl	sp,	#22
    00001A2F 2A               [ 8] 5462 	ld	a, (hl+)
    00001A30 4F               [ 4] 5463 	ld	c, a
    00001A31 46               [ 8] 5464 	ld	b, (hl)
    00001A32 CDr00r00         [24] 5465 	call	__mulint
    00001A35 F8 30            [12] 5466 	ldhl	sp,	#48
    00001A37 2A               [ 8] 5467 	ld	a,	(hl+)
    00001A38 66               [ 8] 5468 	ld	h, (hl)
    00001A39 6F               [ 4] 5469 	ld	l, a
    00001A3A 09               [ 8] 5470 	add	hl, bc
    00001A3B 4D               [ 4] 5471 	ld	c, l
    00001A3C 44               [ 4] 5472 	ld	b, h
    00001A3D F8 18            [12] 5473 	ldhl	sp,	#24
    00001A3F 2A               [ 8] 5474 	ld	a,	(hl+)
    00001A40 66               [ 8] 5475 	ld	h, (hl)
    00001A41 6F               [ 4] 5476 	ld	l, a
    00001A42 09               [ 8] 5477 	add	hl, bc
    00001A43 4D               [ 4] 5478 	ld	c, l
    00001A44 44               [ 4] 5479 	ld	b, h
    00001A45 0A               [ 8] 5480 	ld	a, (bc)
                                   5481 ;include/collision.h:40: return famidash_metatile_collision[tile_id];
    00001A46 6F               [ 4] 5482 	ld	l, a
    00001A47 26 00            [ 8] 5483 	ld	h, #0x00
    00001A49 11r00r00         [12] 5484 	ld	de, #_famidash_metatile_collision
    00001A4C 19               [ 8] 5485 	add	hl, de
    00001A4D 4E               [ 8] 5486 	ld	c, (hl)
                                   5487 ;include/player.h:37: return col_at(px, py, map, map_w, map_h);
    00001A4E                       5488 00195$:
                                   5489 ;include/player.h:106: p->dead = 1;
                                   5490 ;include/player.h:102: if (IS_HAZARD(col_point(hx1, hy1, map, map_w, map_h)) ||
    00001A4E 79               [ 4] 5491 	ld	a, c
    00001A4F D6 08            [ 8] 5492 	sub	a, #0x08
    00001A51 CArD1r21         [16] 5493 	jp	Z, 00368$
                                   5494 ;include/collision.h:53: if (world_py < 0) return COL_NONE;            // above map = sky
    00001A54 F8 29            [12] 5495 	ldhl	sp,	#41
    00001A56 7E               [ 8] 5496 	ld	a, (hl)
    00001A57 B7               [ 4] 5497 	or	a, a
    00001A58 28 04            [12] 5498 	jr	Z, 00198$
    00001A5A 0E 00            [ 8] 5499 	ld	c, #0x00
    00001A5C 18 4F            [12] 5500 	jr	00203$
    00001A5E                       5501 00198$:
                                   5502 ;include/collision.h:54: uint16_t mx = world_px >> 4;                  // pixel → metatile col
    00001A5E F8 2A            [12] 5503 	ldhl	sp,	#42
    00001A60 7E               [ 8] 5504 	ld	a, (hl)
    00001A61 F8 30            [12] 5505 	ldhl	sp,	#48
    00001A63 77               [ 8] 5506 	ld	(hl), a
    00001A64 F8 2B            [12] 5507 	ldhl	sp,	#43
    00001A66 7E               [ 8] 5508 	ld	a, (hl)
    00001A67 F8 31            [12] 5509 	ldhl	sp,	#49
    00001A69 77               [ 8] 5510 	ld	(hl), a
                                   5511 ;include/collision.h:55: uint16_t my = (uint16_t)world_py >> 4;        // pixel → metatile row
    00001A6A F8 2C            [12] 5512 	ldhl	sp,	#44
    00001A6C 2A               [ 8] 5513 	ld	a, (hl+)
    00001A6D 5F               [ 4] 5514 	ld	e, a
    00001A6E 56               [ 8] 5515 	ld	d, (hl)
                                   5516 ;include/collision.h:56: if (mx >= map_w || my >= map_h) return COL_ALL; // out of bounds = solid
    00001A6F D5               [16] 5517 	push	de
    00001A70 F8 32            [12] 5518 	ldhl	sp,	#50
    00001A72 5D               [ 4] 5519 	ld	e, l
    00001A73 54               [ 4] 5520 	ld	d, h
    00001A74 F8 18            [12] 5521 	ldhl	sp,	#24
    00001A76 1A               [ 8] 5522 	ld	a, (de)
    00001A77 13               [ 8] 5523 	inc	de
    00001A78 96               [ 8] 5524 	sub	a, (hl)
    00001A79 23               [ 8] 5525 	inc	hl
    00001A7A 1A               [ 8] 5526 	ld	a, (de)
    00001A7B 9E               [ 8] 5527 	sbc	a, (hl)
    00001A7C D1               [12] 5528 	pop	de
    00001A7D 30 09            [12] 5529 	jr	NC, 00200$
    00001A7F F8 14            [12] 5530 	ldhl	sp,	#20
    00001A81 7B               [ 4] 5531 	ld	a, e
    00001A82 96               [ 8] 5532 	sub	a, (hl)
    00001A83 23               [ 8] 5533 	inc	hl
    00001A84 7A               [ 4] 5534 	ld	a, d
    00001A85 9E               [ 8] 5535 	sbc	a, (hl)
    00001A86 38 04            [12] 5536 	jr	C, 00201$
    00001A88                       5537 00200$:
    00001A88 0E 07            [ 8] 5538 	ld	c, #0x07
    00001A8A 18 21            [12] 5539 	jr	00203$
    00001A8C                       5540 00201$:
                                   5541 ;include/collision.h:57: return col_of(map[(uint16_t)my * map_w + mx]);
    00001A8C F8 16            [12] 5542 	ldhl	sp,	#22
    00001A8E 2A               [ 8] 5543 	ld	a, (hl+)
    00001A8F 4F               [ 4] 5544 	ld	c, a
    00001A90 46               [ 8] 5545 	ld	b, (hl)
    00001A91 CDr00r00         [24] 5546 	call	__mulint
    00001A94 F8 30            [12] 5547 	ldhl	sp,	#48
    00001A96 2A               [ 8] 5548 	ld	a,	(hl+)
    00001A97 66               [ 8] 5549 	ld	h, (hl)
    00001A98 6F               [ 4] 5550 	ld	l, a
    00001A99 09               [ 8] 5551 	add	hl, bc
    00001A9A 4D               [ 4] 5552 	ld	c, l
    00001A9B 44               [ 4] 5553 	ld	b, h
    00001A9C F8 18            [12] 5554 	ldhl	sp,	#24
    00001A9E 2A               [ 8] 5555 	ld	a,	(hl+)
    00001A9F 66               [ 8] 5556 	ld	h, (hl)
    00001AA0 6F               [ 4] 5557 	ld	l, a
    00001AA1 09               [ 8] 5558 	add	hl, bc
    00001AA2 4D               [ 4] 5559 	ld	c, l
    00001AA3 44               [ 4] 5560 	ld	b, h
    00001AA4 0A               [ 8] 5561 	ld	a, (bc)
                                   5562 ;include/collision.h:40: return famidash_metatile_collision[tile_id];
    00001AA5 6F               [ 4] 5563 	ld	l, a
    00001AA6 26 00            [ 8] 5564 	ld	h, #0x00
    00001AA8 11r00r00         [12] 5565 	ld	de, #_famidash_metatile_collision
    00001AAB 19               [ 8] 5566 	add	hl, de
    00001AAC 4E               [ 8] 5567 	ld	c, (hl)
                                   5568 ;include/player.h:37: return col_at(px, py, map, map_w, map_h);
    00001AAD                       5569 00203$:
                                   5570 ;include/player.h:102: if (IS_HAZARD(col_point(hx1, hy1, map, map_w, map_h)) ||
    00001AAD 79               [ 4] 5571 	ld	a, c
    00001AAE D6 03            [ 8] 5572 	sub	a, #0x03
    00001AB0 CArD1r21         [16] 5573 	jp	Z, 00368$
                                   5574 ;include/collision.h:53: if (world_py < 0) return COL_NONE;            // above map = sky
    00001AB3 F8 29            [12] 5575 	ldhl	sp,	#41
    00001AB5 7E               [ 8] 5576 	ld	a, (hl)
    00001AB6 B7               [ 4] 5577 	or	a, a
    00001AB7 28 04            [12] 5578 	jr	Z, 00207$
    00001AB9 0E 00            [ 8] 5579 	ld	c, #0x00
    00001ABB 18 4F            [12] 5580 	jr	00212$
    00001ABD                       5581 00207$:
                                   5582 ;include/collision.h:54: uint16_t mx = world_px >> 4;                  // pixel → metatile col
    00001ABD F8 2A            [12] 5583 	ldhl	sp,	#42
    00001ABF 7E               [ 8] 5584 	ld	a, (hl)
    00001AC0 F8 30            [12] 5585 	ldhl	sp,	#48
    00001AC2 77               [ 8] 5586 	ld	(hl), a
    00001AC3 F8 2B            [12] 5587 	ldhl	sp,	#43
    00001AC5 7E               [ 8] 5588 	ld	a, (hl)
    00001AC6 F8 31            [12] 5589 	ldhl	sp,	#49
    00001AC8 77               [ 8] 5590 	ld	(hl), a
                                   5591 ;include/collision.h:55: uint16_t my = (uint16_t)world_py >> 4;        // pixel → metatile row
    00001AC9 F8 2C            [12] 5592 	ldhl	sp,	#44
    00001ACB 2A               [ 8] 5593 	ld	a, (hl+)
    00001ACC 5F               [ 4] 5594 	ld	e, a
    00001ACD 56               [ 8] 5595 	ld	d, (hl)
                                   5596 ;include/collision.h:56: if (mx >= map_w || my >= map_h) return COL_ALL; // out of bounds = solid
    00001ACE D5               [16] 5597 	push	de
    00001ACF F8 32            [12] 5598 	ldhl	sp,	#50
    00001AD1 5D               [ 4] 5599 	ld	e, l
    00001AD2 54               [ 4] 5600 	ld	d, h
    00001AD3 F8 18            [12] 5601 	ldhl	sp,	#24
    00001AD5 1A               [ 8] 5602 	ld	a, (de)
    00001AD6 13               [ 8] 5603 	inc	de
    00001AD7 96               [ 8] 5604 	sub	a, (hl)
    00001AD8 23               [ 8] 5605 	inc	hl
    00001AD9 1A               [ 8] 5606 	ld	a, (de)
    00001ADA 9E               [ 8] 5607 	sbc	a, (hl)
    00001ADB D1               [12] 5608 	pop	de
    00001ADC 30 09            [12] 5609 	jr	NC, 00209$
    00001ADE F8 14            [12] 5610 	ldhl	sp,	#20
    00001AE0 7B               [ 4] 5611 	ld	a, e
    00001AE1 96               [ 8] 5612 	sub	a, (hl)
    00001AE2 23               [ 8] 5613 	inc	hl
    00001AE3 7A               [ 4] 5614 	ld	a, d
    00001AE4 9E               [ 8] 5615 	sbc	a, (hl)
    00001AE5 38 04            [12] 5616 	jr	C, 00210$
    00001AE7                       5617 00209$:
    00001AE7 0E 07            [ 8] 5618 	ld	c, #0x07
    00001AE9 18 21            [12] 5619 	jr	00212$
    00001AEB                       5620 00210$:
                                   5621 ;include/collision.h:57: return col_of(map[(uint16_t)my * map_w + mx]);
    00001AEB F8 16            [12] 5622 	ldhl	sp,	#22
    00001AED 2A               [ 8] 5623 	ld	a, (hl+)
    00001AEE 4F               [ 4] 5624 	ld	c, a
    00001AEF 46               [ 8] 5625 	ld	b, (hl)
    00001AF0 CDr00r00         [24] 5626 	call	__mulint
    00001AF3 F8 30            [12] 5627 	ldhl	sp,	#48
    00001AF5 2A               [ 8] 5628 	ld	a,	(hl+)
    00001AF6 66               [ 8] 5629 	ld	h, (hl)
    00001AF7 6F               [ 4] 5630 	ld	l, a
    00001AF8 09               [ 8] 5631 	add	hl, bc
    00001AF9 4D               [ 4] 5632 	ld	c, l
    00001AFA 44               [ 4] 5633 	ld	b, h
    00001AFB F8 18            [12] 5634 	ldhl	sp,	#24
    00001AFD 2A               [ 8] 5635 	ld	a,	(hl+)
    00001AFE 66               [ 8] 5636 	ld	h, (hl)
    00001AFF 6F               [ 4] 5637 	ld	l, a
    00001B00 09               [ 8] 5638 	add	hl, bc
    00001B01 4D               [ 4] 5639 	ld	c, l
    00001B02 44               [ 4] 5640 	ld	b, h
    00001B03 0A               [ 8] 5641 	ld	a, (bc)
                                   5642 ;include/collision.h:40: return famidash_metatile_collision[tile_id];
    00001B04 6F               [ 4] 5643 	ld	l, a
    00001B05 26 00            [ 8] 5644 	ld	h, #0x00
    00001B07 11r00r00         [12] 5645 	ld	de, #_famidash_metatile_collision
    00001B0A 19               [ 8] 5646 	add	hl, de
    00001B0B 4E               [ 8] 5647 	ld	c, (hl)
                                   5648 ;include/player.h:37: return col_at(px, py, map, map_w, map_h);
    00001B0C                       5649 00212$:
                                   5650 ;include/player.h:102: if (IS_HAZARD(col_point(hx1, hy1, map, map_w, map_h)) ||
    00001B0C 79               [ 4] 5651 	ld	a, c
    00001B0D D6 04            [ 8] 5652 	sub	a, #0x04
    00001B0F CArD1r21         [16] 5653 	jp	Z, 00368$
                                   5654 ;include/collision.h:53: if (world_py < 0) return COL_NONE;            // above map = sky
    00001B12 F8 29            [12] 5655 	ldhl	sp,	#41
    00001B14 7E               [ 8] 5656 	ld	a, (hl)
    00001B15 B7               [ 4] 5657 	or	a, a
    00001B16 28 04            [12] 5658 	jr	Z, 00216$
    00001B18 0E 00            [ 8] 5659 	ld	c, #0x00
    00001B1A 18 4F            [12] 5660 	jr	00221$
    00001B1C                       5661 00216$:
                                   5662 ;include/collision.h:54: uint16_t mx = world_px >> 4;                  // pixel → metatile col
    00001B1C F8 2A            [12] 5663 	ldhl	sp,	#42
    00001B1E 7E               [ 8] 5664 	ld	a, (hl)
    00001B1F F8 30            [12] 5665 	ldhl	sp,	#48
    00001B21 77               [ 8] 5666 	ld	(hl), a
    00001B22 F8 2B            [12] 5667 	ldhl	sp,	#43
    00001B24 7E               [ 8] 5668 	ld	a, (hl)
    00001B25 F8 31            [12] 5669 	ldhl	sp,	#49
    00001B27 77               [ 8] 5670 	ld	(hl), a
                                   5671 ;include/collision.h:55: uint16_t my = (uint16_t)world_py >> 4;        // pixel → metatile row
    00001B28 F8 2C            [12] 5672 	ldhl	sp,	#44
    00001B2A 2A               [ 8] 5673 	ld	a, (hl+)
    00001B2B 5F               [ 4] 5674 	ld	e, a
    00001B2C 56               [ 8] 5675 	ld	d, (hl)
                                   5676 ;include/collision.h:56: if (mx >= map_w || my >= map_h) return COL_ALL; // out of bounds = solid
    00001B2D D5               [16] 5677 	push	de
    00001B2E F8 32            [12] 5678 	ldhl	sp,	#50
    00001B30 5D               [ 4] 5679 	ld	e, l
    00001B31 54               [ 4] 5680 	ld	d, h
    00001B32 F8 18            [12] 5681 	ldhl	sp,	#24
    00001B34 1A               [ 8] 5682 	ld	a, (de)
    00001B35 13               [ 8] 5683 	inc	de
    00001B36 96               [ 8] 5684 	sub	a, (hl)
    00001B37 23               [ 8] 5685 	inc	hl
    00001B38 1A               [ 8] 5686 	ld	a, (de)
    00001B39 9E               [ 8] 5687 	sbc	a, (hl)
    00001B3A D1               [12] 5688 	pop	de
    00001B3B 30 09            [12] 5689 	jr	NC, 00218$
    00001B3D F8 14            [12] 5690 	ldhl	sp,	#20
    00001B3F 7B               [ 4] 5691 	ld	a, e
    00001B40 96               [ 8] 5692 	sub	a, (hl)
    00001B41 23               [ 8] 5693 	inc	hl
    00001B42 7A               [ 4] 5694 	ld	a, d
    00001B43 9E               [ 8] 5695 	sbc	a, (hl)
    00001B44 38 04            [12] 5696 	jr	C, 00219$
    00001B46                       5697 00218$:
    00001B46 0E 07            [ 8] 5698 	ld	c, #0x07
    00001B48 18 21            [12] 5699 	jr	00221$
    00001B4A                       5700 00219$:
                                   5701 ;include/collision.h:57: return col_of(map[(uint16_t)my * map_w + mx]);
    00001B4A F8 16            [12] 5702 	ldhl	sp,	#22
    00001B4C 2A               [ 8] 5703 	ld	a, (hl+)
    00001B4D 4F               [ 4] 5704 	ld	c, a
    00001B4E 46               [ 8] 5705 	ld	b, (hl)
    00001B4F CDr00r00         [24] 5706 	call	__mulint
    00001B52 F8 30            [12] 5707 	ldhl	sp,	#48
    00001B54 2A               [ 8] 5708 	ld	a,	(hl+)
    00001B55 66               [ 8] 5709 	ld	h, (hl)
    00001B56 6F               [ 4] 5710 	ld	l, a
    00001B57 09               [ 8] 5711 	add	hl, bc
    00001B58 4D               [ 4] 5712 	ld	c, l
    00001B59 44               [ 4] 5713 	ld	b, h
    00001B5A F8 18            [12] 5714 	ldhl	sp,	#24
    00001B5C 2A               [ 8] 5715 	ld	a,	(hl+)
    00001B5D 66               [ 8] 5716 	ld	h, (hl)
    00001B5E 6F               [ 4] 5717 	ld	l, a
    00001B5F 09               [ 8] 5718 	add	hl, bc
    00001B60 4D               [ 4] 5719 	ld	c, l
    00001B61 44               [ 4] 5720 	ld	b, h
    00001B62 0A               [ 8] 5721 	ld	a, (bc)
                                   5722 ;include/collision.h:40: return famidash_metatile_collision[tile_id];
    00001B63 6F               [ 4] 5723 	ld	l, a
    00001B64 26 00            [ 8] 5724 	ld	h, #0x00
    00001B66 11r00r00         [12] 5725 	ld	de, #_famidash_metatile_collision
    00001B69 19               [ 8] 5726 	add	hl, de
    00001B6A 4E               [ 8] 5727 	ld	c, (hl)
                                   5728 ;include/player.h:37: return col_at(px, py, map, map_w, map_h);
    00001B6B                       5729 00221$:
                                   5730 ;include/player.h:102: if (IS_HAZARD(col_point(hx1, hy1, map, map_w, map_h)) ||
    00001B6B 79               [ 4] 5731 	ld	a, c
    00001B6C D6 02            [ 8] 5732 	sub	a, #0x02
    00001B6E CArD1r21         [16] 5733 	jp	Z, 00368$
                                   5734 ;include/collision.h:53: if (world_py < 0) return COL_NONE;            // above map = sky
    00001B71 F8 29            [12] 5735 	ldhl	sp,	#41
    00001B73 7E               [ 8] 5736 	ld	a, (hl)
    00001B74 B7               [ 4] 5737 	or	a, a
    00001B75 28 06            [12] 5738 	jr	Z, 00225$
    00001B77 F8 31            [12] 5739 	ldhl	sp,	#49
    00001B79 36 00            [12] 5740 	ld	(hl), #0x00
    00001B7B 18 63            [12] 5741 	jr	00230$
    00001B7D                       5742 00225$:
                                   5743 ;include/collision.h:54: uint16_t mx = world_px >> 4;                  // pixel → metatile col
    00001B7D F8 2A            [12] 5744 	ldhl	sp,	#42
    00001B7F 7E               [ 8] 5745 	ld	a, (hl)
    00001B80 F8 2E            [12] 5746 	ldhl	sp,	#46
    00001B82 77               [ 8] 5747 	ld	(hl), a
    00001B83 F8 2B            [12] 5748 	ldhl	sp,	#43
    00001B85 7E               [ 8] 5749 	ld	a, (hl)
    00001B86 F8 2F            [12] 5750 	ldhl	sp,	#47
    00001B88 77               [ 8] 5751 	ld	(hl), a
                                   5752 ;include/collision.h:55: uint16_t my = (uint16_t)world_py >> 4;        // pixel → metatile row
    00001B89 F8 2C            [12] 5753 	ldhl	sp,	#44
    00001B8B 7E               [ 8] 5754 	ld	a, (hl)
    00001B8C F8 30            [12] 5755 	ldhl	sp,	#48
    00001B8E 77               [ 8] 5756 	ld	(hl), a
    00001B8F F8 2D            [12] 5757 	ldhl	sp,	#45
    00001B91 7E               [ 8] 5758 	ld	a, (hl)
    00001B92 F8 31            [12] 5759 	ldhl	sp,	#49
    00001B94 77               [ 8] 5760 	ld	(hl), a
                                   5761 ;include/collision.h:56: if (mx >= map_w || my >= map_h) return COL_ALL; // out of bounds = solid
    00001B95 F8 2E            [12] 5762 	ldhl	sp,	#46
    00001B97 5D               [ 4] 5763 	ld	e, l
    00001B98 54               [ 4] 5764 	ld	d, h
    00001B99 F8 16            [12] 5765 	ldhl	sp,	#22
    00001B9B 1A               [ 8] 5766 	ld	a, (de)
    00001B9C 13               [ 8] 5767 	inc	de
    00001B9D 96               [ 8] 5768 	sub	a, (hl)
    00001B9E 23               [ 8] 5769 	inc	hl
    00001B9F 1A               [ 8] 5770 	ld	a, (de)
    00001BA0 9E               [ 8] 5771 	sbc	a, (hl)
    00001BA1 30 0E            [12] 5772 	jr	NC, 00227$
    00001BA3 F8 30            [12] 5773 	ldhl	sp,	#48
    00001BA5 5D               [ 4] 5774 	ld	e, l
    00001BA6 54               [ 4] 5775 	ld	d, h
    00001BA7 F8 14            [12] 5776 	ldhl	sp,	#20
    00001BA9 1A               [ 8] 5777 	ld	a, (de)
    00001BAA 13               [ 8] 5778 	inc	de
    00001BAB 96               [ 8] 5779 	sub	a, (hl)
    00001BAC 23               [ 8] 5780 	inc	hl
    00001BAD 1A               [ 8] 5781 	ld	a, (de)
    00001BAE 9E               [ 8] 5782 	sbc	a, (hl)
    00001BAF 38 06            [12] 5783 	jr	C, 00228$
    00001BB1                       5784 00227$:
    00001BB1 F8 31            [12] 5785 	ldhl	sp,	#49
    00001BB3 36 07            [12] 5786 	ld	(hl), #0x07
    00001BB5 18 29            [12] 5787 	jr	00230$
    00001BB7                       5788 00228$:
                                   5789 ;include/collision.h:57: return col_of(map[(uint16_t)my * map_w + mx]);
    00001BB7 F8 16            [12] 5790 	ldhl	sp,	#22
    00001BB9 2A               [ 8] 5791 	ld	a, (hl+)
    00001BBA 4F               [ 4] 5792 	ld	c, a
    00001BBB 46               [ 8] 5793 	ld	b, (hl)
    00001BBC F8 30            [12] 5794 	ldhl	sp,	#48
    00001BBE 2A               [ 8] 5795 	ld	a, (hl+)
    00001BBF 5F               [ 4] 5796 	ld	e, a
    00001BC0 56               [ 8] 5797 	ld	d, (hl)
    00001BC1 CDr00r00         [24] 5798 	call	__mulint
    00001BC4 F8 2E            [12] 5799 	ldhl	sp,	#46
    00001BC6 2A               [ 8] 5800 	ld	a,	(hl+)
    00001BC7 66               [ 8] 5801 	ld	h, (hl)
    00001BC8 6F               [ 4] 5802 	ld	l, a
    00001BC9 09               [ 8] 5803 	add	hl, bc
    00001BCA 4D               [ 4] 5804 	ld	c, l
    00001BCB 44               [ 4] 5805 	ld	b, h
    00001BCC F8 18            [12] 5806 	ldhl	sp,	#24
    00001BCE 2A               [ 8] 5807 	ld	a,	(hl+)
    00001BCF 66               [ 8] 5808 	ld	h, (hl)
    00001BD0 6F               [ 4] 5809 	ld	l, a
    00001BD1 09               [ 8] 5810 	add	hl, bc
    00001BD2 4D               [ 4] 5811 	ld	c, l
    00001BD3 44               [ 4] 5812 	ld	b, h
    00001BD4 0A               [ 8] 5813 	ld	a, (bc)
                                   5814 ;include/collision.h:40: return famidash_metatile_collision[tile_id];
    00001BD5 6F               [ 4] 5815 	ld	l, a
    00001BD6 26 00            [ 8] 5816 	ld	h, #0x00
    00001BD8 11r00r00         [12] 5817 	ld	de, #_famidash_metatile_collision
    00001BDB 19               [ 8] 5818 	add	hl, de
    00001BDC 7E               [ 8] 5819 	ld	a, (hl)
    00001BDD F8 31            [12] 5820 	ldhl	sp,	#49
    00001BDF 77               [ 8] 5821 	ld	(hl), a
                                   5822 ;include/player.h:37: return col_at(px, py, map, map_w, map_h);
    00001BE0                       5823 00230$:
                                   5824 ;include/player.h:102: if (IS_HAZARD(col_point(hx1, hy1, map, map_w, map_h)) ||
    00001BE0 F8 31            [12] 5825 	ldhl	sp,	#49
    00001BE2 7E               [ 8] 5826 	ld	a, (hl)
    00001BE3 3D               [ 4] 5827 	dec	a
    00001BE4 CArD1r21         [16] 5828 	jp	Z, 00368$
                                   5829 ;include/collision.h:54: uint16_t mx = world_px >> 4;                  // pixel → metatile col
    00001BE7 F8 21            [12] 5830 	ldhl	sp,	#33
    00001BE9 7E               [ 8] 5831 	ld	a, (hl)
    00001BEA F8 30            [12] 5832 	ldhl	sp,	#48
    00001BEC 77               [ 8] 5833 	ld	(hl), a
    00001BED F8 22            [12] 5834 	ldhl	sp,	#34
    00001BEF 7E               [ 8] 5835 	ld	a, (hl)
    00001BF0 F8 31            [12] 5836 	ldhl	sp,	#49
    00001BF2 77               [ 8] 5837 	ld	(hl), a
    00001BF3 CB 3E            [16] 5838 	srl	(hl)
    00001BF5 2B               [ 8] 5839 	dec	hl
    00001BF6 CB 1E            [16] 5840 	rr	(hl)
    00001BF8 23               [ 8] 5841 	inc	hl
    00001BF9 CB 3E            [16] 5842 	srl	(hl)
    00001BFB 2B               [ 8] 5843 	dec	hl
    00001BFC CB 1E            [16] 5844 	rr	(hl)
    00001BFE 23               [ 8] 5845 	inc	hl
    00001BFF CB 3E            [16] 5846 	srl	(hl)
    00001C01 2B               [ 8] 5847 	dec	hl
    00001C02 CB 1E            [16] 5848 	rr	(hl)
    00001C04 23               [ 8] 5849 	inc	hl
    00001C05 CB 3E            [16] 5850 	srl	(hl)
    00001C07 2B               [ 8] 5851 	dec	hl
    00001C08 CB 1E            [16] 5852 	rr	(hl)
                                   5853 ;include/collision.h:53: if (world_py < 0) return COL_NONE;            // above map = sky
    00001C0A F8 29            [12] 5854 	ldhl	sp,	#41
    00001C0C 7E               [ 8] 5855 	ld	a, (hl)
    00001C0D B7               [ 4] 5856 	or	a, a
    00001C0E 28 04            [12] 5857 	jr	Z, 00234$
    00001C10 0E 00            [ 8] 5858 	ld	c, #0x00
    00001C12 18 4D            [12] 5859 	jr	00239$
    00001C14                       5860 00234$:
                                   5861 ;include/collision.h:54: uint16_t mx = world_px >> 4;                  // pixel → metatile col
    00001C14 F8 30            [12] 5862 	ldhl	sp,	#48
    00001C16 3A               [ 8] 5863 	ld	a, (hl-)
    00001C17 2B               [ 8] 5864 	dec	hl
    00001C18 77               [ 8] 5865 	ld	(hl), a
    00001C19 F8 31            [12] 5866 	ldhl	sp,	#49
    00001C1B 3A               [ 8] 5867 	ld	a, (hl-)
    00001C1C 2B               [ 8] 5868 	dec	hl
    00001C1D 77               [ 8] 5869 	ld	(hl), a
                                   5870 ;include/collision.h:55: uint16_t my = (uint16_t)world_py >> 4;        // pixel → metatile row
    00001C1E F8 2C            [12] 5871 	ldhl	sp,	#44
    00001C20 2A               [ 8] 5872 	ld	a, (hl+)
    00001C21 5F               [ 4] 5873 	ld	e, a
    00001C22 56               [ 8] 5874 	ld	d, (hl)
                                   5875 ;include/collision.h:56: if (mx >= map_w || my >= map_h) return COL_ALL; // out of bounds = solid
    00001C23 D5               [16] 5876 	push	de
    00001C24 F8 30            [12] 5877 	ldhl	sp,	#48
    00001C26 5D               [ 4] 5878 	ld	e, l
    00001C27 54               [ 4] 5879 	ld	d, h
    00001C28 F8 18            [12] 5880 	ldhl	sp,	#24
    00001C2A 1A               [ 8] 5881 	ld	a, (de)
    00001C2B 13               [ 8] 5882 	inc	de
    00001C2C 96               [ 8] 5883 	sub	a, (hl)
    00001C2D 23               [ 8] 5884 	inc	hl
    00001C2E 1A               [ 8] 5885 	ld	a, (de)
    00001C2F 9E               [ 8] 5886 	sbc	a, (hl)
    00001C30 D1               [12] 5887 	pop	de
    00001C31 30 09            [12] 5888 	jr	NC, 00236$
    00001C33 F8 14            [12] 5889 	ldhl	sp,	#20
    00001C35 7B               [ 4] 5890 	ld	a, e
    00001C36 96               [ 8] 5891 	sub	a, (hl)
    00001C37 23               [ 8] 5892 	inc	hl
    00001C38 7A               [ 4] 5893 	ld	a, d
    00001C39 9E               [ 8] 5894 	sbc	a, (hl)
    00001C3A 38 04            [12] 5895 	jr	C, 00237$
    00001C3C                       5896 00236$:
    00001C3C 0E 07            [ 8] 5897 	ld	c, #0x07
    00001C3E 18 21            [12] 5898 	jr	00239$
    00001C40                       5899 00237$:
                                   5900 ;include/collision.h:57: return col_of(map[(uint16_t)my * map_w + mx]);
    00001C40 F8 16            [12] 5901 	ldhl	sp,	#22
    00001C42 2A               [ 8] 5902 	ld	a, (hl+)
    00001C43 4F               [ 4] 5903 	ld	c, a
    00001C44 46               [ 8] 5904 	ld	b, (hl)
    00001C45 CDr00r00         [24] 5905 	call	__mulint
    00001C48 F8 2E            [12] 5906 	ldhl	sp,	#46
    00001C4A 2A               [ 8] 5907 	ld	a,	(hl+)
    00001C4B 66               [ 8] 5908 	ld	h, (hl)
    00001C4C 6F               [ 4] 5909 	ld	l, a
    00001C4D 09               [ 8] 5910 	add	hl, bc
    00001C4E 4D               [ 4] 5911 	ld	c, l
    00001C4F 44               [ 4] 5912 	ld	b, h
    00001C50 F8 18            [12] 5913 	ldhl	sp,	#24
    00001C52 2A               [ 8] 5914 	ld	a,	(hl+)
    00001C53 66               [ 8] 5915 	ld	h, (hl)
    00001C54 6F               [ 4] 5916 	ld	l, a
    00001C55 09               [ 8] 5917 	add	hl, bc
    00001C56 4D               [ 4] 5918 	ld	c, l
    00001C57 44               [ 4] 5919 	ld	b, h
    00001C58 0A               [ 8] 5920 	ld	a, (bc)
                                   5921 ;include/collision.h:40: return famidash_metatile_collision[tile_id];
    00001C59 6F               [ 4] 5922 	ld	l, a
    00001C5A 26 00            [ 8] 5923 	ld	h, #0x00
    00001C5C 11r00r00         [12] 5924 	ld	de, #_famidash_metatile_collision
    00001C5F 19               [ 8] 5925 	add	hl, de
    00001C60 4E               [ 8] 5926 	ld	c, (hl)
                                   5927 ;include/player.h:37: return col_at(px, py, map, map_w, map_h);
    00001C61                       5928 00239$:
                                   5929 ;include/player.h:103: IS_HAZARD(col_point(hx2, hy1, map, map_w, map_h)) ||
    00001C61 79               [ 4] 5930 	ld	a, c
    00001C62 D6 08            [ 8] 5931 	sub	a, #0x08
    00001C64 CArD1r21         [16] 5932 	jp	Z, 00368$
                                   5933 ;include/collision.h:53: if (world_py < 0) return COL_NONE;            // above map = sky
    00001C67 F8 29            [12] 5934 	ldhl	sp,	#41
    00001C69 7E               [ 8] 5935 	ld	a, (hl)
    00001C6A B7               [ 4] 5936 	or	a, a
    00001C6B 28 04            [12] 5937 	jr	Z, 00242$
    00001C6D 0E 00            [ 8] 5938 	ld	c, #0x00
    00001C6F 18 4D            [12] 5939 	jr	00247$
    00001C71                       5940 00242$:
                                   5941 ;include/collision.h:54: uint16_t mx = world_px >> 4;                  // pixel → metatile col
    00001C71 F8 30            [12] 5942 	ldhl	sp,	#48
    00001C73 3A               [ 8] 5943 	ld	a, (hl-)
    00001C74 2B               [ 8] 5944 	dec	hl
    00001C75 77               [ 8] 5945 	ld	(hl), a
    00001C76 F8 31            [12] 5946 	ldhl	sp,	#49
    00001C78 3A               [ 8] 5947 	ld	a, (hl-)
    00001C79 2B               [ 8] 5948 	dec	hl
    00001C7A 77               [ 8] 5949 	ld	(hl), a
                                   5950 ;include/collision.h:55: uint16_t my = (uint16_t)world_py >> 4;        // pixel → metatile row
    00001C7B F8 2C            [12] 5951 	ldhl	sp,	#44
    00001C7D 2A               [ 8] 5952 	ld	a, (hl+)
    00001C7E 5F               [ 4] 5953 	ld	e, a
    00001C7F 56               [ 8] 5954 	ld	d, (hl)
                                   5955 ;include/collision.h:56: if (mx >= map_w || my >= map_h) return COL_ALL; // out of bounds = solid
    00001C80 D5               [16] 5956 	push	de
    00001C81 F8 30            [12] 5957 	ldhl	sp,	#48
    00001C83 5D               [ 4] 5958 	ld	e, l
    00001C84 54               [ 4] 5959 	ld	d, h
    00001C85 F8 18            [12] 5960 	ldhl	sp,	#24
    00001C87 1A               [ 8] 5961 	ld	a, (de)
    00001C88 13               [ 8] 5962 	inc	de
    00001C89 96               [ 8] 5963 	sub	a, (hl)
    00001C8A 23               [ 8] 5964 	inc	hl
    00001C8B 1A               [ 8] 5965 	ld	a, (de)
    00001C8C 9E               [ 8] 5966 	sbc	a, (hl)
    00001C8D D1               [12] 5967 	pop	de
    00001C8E 30 09            [12] 5968 	jr	NC, 00244$
    00001C90 F8 14            [12] 5969 	ldhl	sp,	#20
    00001C92 7B               [ 4] 5970 	ld	a, e
    00001C93 96               [ 8] 5971 	sub	a, (hl)
    00001C94 23               [ 8] 5972 	inc	hl
    00001C95 7A               [ 4] 5973 	ld	a, d
    00001C96 9E               [ 8] 5974 	sbc	a, (hl)
    00001C97 38 04            [12] 5975 	jr	C, 00245$
    00001C99                       5976 00244$:
    00001C99 0E 07            [ 8] 5977 	ld	c, #0x07
    00001C9B 18 21            [12] 5978 	jr	00247$
    00001C9D                       5979 00245$:
                                   5980 ;include/collision.h:57: return col_of(map[(uint16_t)my * map_w + mx]);
    00001C9D F8 16            [12] 5981 	ldhl	sp,	#22
    00001C9F 2A               [ 8] 5982 	ld	a, (hl+)
    00001CA0 4F               [ 4] 5983 	ld	c, a
    00001CA1 46               [ 8] 5984 	ld	b, (hl)
    00001CA2 CDr00r00         [24] 5985 	call	__mulint
    00001CA5 F8 2E            [12] 5986 	ldhl	sp,	#46
    00001CA7 2A               [ 8] 5987 	ld	a,	(hl+)
    00001CA8 66               [ 8] 5988 	ld	h, (hl)
    00001CA9 6F               [ 4] 5989 	ld	l, a
    00001CAA 09               [ 8] 5990 	add	hl, bc
    00001CAB 4D               [ 4] 5991 	ld	c, l
    00001CAC 44               [ 4] 5992 	ld	b, h
    00001CAD F8 18            [12] 5993 	ldhl	sp,	#24
    00001CAF 2A               [ 8] 5994 	ld	a,	(hl+)
    00001CB0 66               [ 8] 5995 	ld	h, (hl)
    00001CB1 6F               [ 4] 5996 	ld	l, a
    00001CB2 09               [ 8] 5997 	add	hl, bc
    00001CB3 4D               [ 4] 5998 	ld	c, l
    00001CB4 44               [ 4] 5999 	ld	b, h
    00001CB5 0A               [ 8] 6000 	ld	a, (bc)
                                   6001 ;include/collision.h:40: return famidash_metatile_collision[tile_id];
    00001CB6 6F               [ 4] 6002 	ld	l, a
    00001CB7 26 00            [ 8] 6003 	ld	h, #0x00
    00001CB9 11r00r00         [12] 6004 	ld	de, #_famidash_metatile_collision
    00001CBC 19               [ 8] 6005 	add	hl, de
    00001CBD 4E               [ 8] 6006 	ld	c, (hl)
                                   6007 ;include/player.h:37: return col_at(px, py, map, map_w, map_h);
    00001CBE                       6008 00247$:
                                   6009 ;include/player.h:103: IS_HAZARD(col_point(hx2, hy1, map, map_w, map_h)) ||
    00001CBE 79               [ 4] 6010 	ld	a, c
    00001CBF D6 03            [ 8] 6011 	sub	a, #0x03
    00001CC1 CArD1r21         [16] 6012 	jp	Z, 00368$
                                   6013 ;include/collision.h:53: if (world_py < 0) return COL_NONE;            // above map = sky
    00001CC4 F8 29            [12] 6014 	ldhl	sp,	#41
    00001CC6 7E               [ 8] 6015 	ld	a, (hl)
    00001CC7 B7               [ 4] 6016 	or	a, a
    00001CC8 28 04            [12] 6017 	jr	Z, 00251$
    00001CCA 0E 00            [ 8] 6018 	ld	c, #0x00
    00001CCC 18 4D            [12] 6019 	jr	00256$
    00001CCE                       6020 00251$:
                                   6021 ;include/collision.h:54: uint16_t mx = world_px >> 4;                  // pixel → metatile col
    00001CCE F8 30            [12] 6022 	ldhl	sp,	#48
    00001CD0 3A               [ 8] 6023 	ld	a, (hl-)
    00001CD1 2B               [ 8] 6024 	dec	hl
    00001CD2 77               [ 8] 6025 	ld	(hl), a
    00001CD3 F8 31            [12] 6026 	ldhl	sp,	#49
    00001CD5 3A               [ 8] 6027 	ld	a, (hl-)
    00001CD6 2B               [ 8] 6028 	dec	hl
    00001CD7 77               [ 8] 6029 	ld	(hl), a
                                   6030 ;include/collision.h:55: uint16_t my = (uint16_t)world_py >> 4;        // pixel → metatile row
    00001CD8 F8 2C            [12] 6031 	ldhl	sp,	#44
    00001CDA 2A               [ 8] 6032 	ld	a, (hl+)
    00001CDB 5F               [ 4] 6033 	ld	e, a
    00001CDC 56               [ 8] 6034 	ld	d, (hl)
                                   6035 ;include/collision.h:56: if (mx >= map_w || my >= map_h) return COL_ALL; // out of bounds = solid
    00001CDD D5               [16] 6036 	push	de
    00001CDE F8 30            [12] 6037 	ldhl	sp,	#48
    00001CE0 5D               [ 4] 6038 	ld	e, l
    00001CE1 54               [ 4] 6039 	ld	d, h
    00001CE2 F8 18            [12] 6040 	ldhl	sp,	#24
    00001CE4 1A               [ 8] 6041 	ld	a, (de)
    00001CE5 13               [ 8] 6042 	inc	de
    00001CE6 96               [ 8] 6043 	sub	a, (hl)
    00001CE7 23               [ 8] 6044 	inc	hl
    00001CE8 1A               [ 8] 6045 	ld	a, (de)
    00001CE9 9E               [ 8] 6046 	sbc	a, (hl)
    00001CEA D1               [12] 6047 	pop	de
    00001CEB 30 09            [12] 6048 	jr	NC, 00253$
    00001CED F8 14            [12] 6049 	ldhl	sp,	#20
    00001CEF 7B               [ 4] 6050 	ld	a, e
    00001CF0 96               [ 8] 6051 	sub	a, (hl)
    00001CF1 23               [ 8] 6052 	inc	hl
    00001CF2 7A               [ 4] 6053 	ld	a, d
    00001CF3 9E               [ 8] 6054 	sbc	a, (hl)
    00001CF4 38 04            [12] 6055 	jr	C, 00254$
    00001CF6                       6056 00253$:
    00001CF6 0E 07            [ 8] 6057 	ld	c, #0x07
    00001CF8 18 21            [12] 6058 	jr	00256$
    00001CFA                       6059 00254$:
                                   6060 ;include/collision.h:57: return col_of(map[(uint16_t)my * map_w + mx]);
    00001CFA F8 16            [12] 6061 	ldhl	sp,	#22
    00001CFC 2A               [ 8] 6062 	ld	a, (hl+)
    00001CFD 4F               [ 4] 6063 	ld	c, a
    00001CFE 46               [ 8] 6064 	ld	b, (hl)
    00001CFF CDr00r00         [24] 6065 	call	__mulint
    00001D02 F8 2E            [12] 6066 	ldhl	sp,	#46
    00001D04 2A               [ 8] 6067 	ld	a,	(hl+)
    00001D05 66               [ 8] 6068 	ld	h, (hl)
    00001D06 6F               [ 4] 6069 	ld	l, a
    00001D07 09               [ 8] 6070 	add	hl, bc
    00001D08 4D               [ 4] 6071 	ld	c, l
    00001D09 44               [ 4] 6072 	ld	b, h
    00001D0A F8 18            [12] 6073 	ldhl	sp,	#24
    00001D0C 2A               [ 8] 6074 	ld	a,	(hl+)
    00001D0D 66               [ 8] 6075 	ld	h, (hl)
    00001D0E 6F               [ 4] 6076 	ld	l, a
    00001D0F 09               [ 8] 6077 	add	hl, bc
    00001D10 4D               [ 4] 6078 	ld	c, l
    00001D11 44               [ 4] 6079 	ld	b, h
    00001D12 0A               [ 8] 6080 	ld	a, (bc)
                                   6081 ;include/collision.h:40: return famidash_metatile_collision[tile_id];
    00001D13 6F               [ 4] 6082 	ld	l, a
    00001D14 26 00            [ 8] 6083 	ld	h, #0x00
    00001D16 11r00r00         [12] 6084 	ld	de, #_famidash_metatile_collision
    00001D19 19               [ 8] 6085 	add	hl, de
    00001D1A 4E               [ 8] 6086 	ld	c, (hl)
                                   6087 ;include/player.h:37: return col_at(px, py, map, map_w, map_h);
    00001D1B                       6088 00256$:
                                   6089 ;include/player.h:103: IS_HAZARD(col_point(hx2, hy1, map, map_w, map_h)) ||
    00001D1B 79               [ 4] 6090 	ld	a, c
    00001D1C D6 04            [ 8] 6091 	sub	a, #0x04
    00001D1E CArD1r21         [16] 6092 	jp	Z, 00368$
                                   6093 ;include/collision.h:53: if (world_py < 0) return COL_NONE;            // above map = sky
    00001D21 F8 29            [12] 6094 	ldhl	sp,	#41
    00001D23 7E               [ 8] 6095 	ld	a, (hl)
    00001D24 B7               [ 4] 6096 	or	a, a
    00001D25 28 04            [12] 6097 	jr	Z, 00260$
    00001D27 0E 00            [ 8] 6098 	ld	c, #0x00
    00001D29 18 4D            [12] 6099 	jr	00265$
    00001D2B                       6100 00260$:
                                   6101 ;include/collision.h:54: uint16_t mx = world_px >> 4;                  // pixel → metatile col
    00001D2B F8 30            [12] 6102 	ldhl	sp,	#48
    00001D2D 3A               [ 8] 6103 	ld	a, (hl-)
    00001D2E 2B               [ 8] 6104 	dec	hl
    00001D2F 77               [ 8] 6105 	ld	(hl), a
    00001D30 F8 31            [12] 6106 	ldhl	sp,	#49
    00001D32 3A               [ 8] 6107 	ld	a, (hl-)
    00001D33 2B               [ 8] 6108 	dec	hl
    00001D34 77               [ 8] 6109 	ld	(hl), a
                                   6110 ;include/collision.h:55: uint16_t my = (uint16_t)world_py >> 4;        // pixel → metatile row
    00001D35 F8 2C            [12] 6111 	ldhl	sp,	#44
    00001D37 2A               [ 8] 6112 	ld	a, (hl+)
    00001D38 5F               [ 4] 6113 	ld	e, a
    00001D39 56               [ 8] 6114 	ld	d, (hl)
                                   6115 ;include/collision.h:56: if (mx >= map_w || my >= map_h) return COL_ALL; // out of bounds = solid
    00001D3A D5               [16] 6116 	push	de
    00001D3B F8 30            [12] 6117 	ldhl	sp,	#48
    00001D3D 5D               [ 4] 6118 	ld	e, l
    00001D3E 54               [ 4] 6119 	ld	d, h
    00001D3F F8 18            [12] 6120 	ldhl	sp,	#24
    00001D41 1A               [ 8] 6121 	ld	a, (de)
    00001D42 13               [ 8] 6122 	inc	de
    00001D43 96               [ 8] 6123 	sub	a, (hl)
    00001D44 23               [ 8] 6124 	inc	hl
    00001D45 1A               [ 8] 6125 	ld	a, (de)
    00001D46 9E               [ 8] 6126 	sbc	a, (hl)
    00001D47 D1               [12] 6127 	pop	de
    00001D48 30 09            [12] 6128 	jr	NC, 00262$
    00001D4A F8 14            [12] 6129 	ldhl	sp,	#20
    00001D4C 7B               [ 4] 6130 	ld	a, e
    00001D4D 96               [ 8] 6131 	sub	a, (hl)
    00001D4E 23               [ 8] 6132 	inc	hl
    00001D4F 7A               [ 4] 6133 	ld	a, d
    00001D50 9E               [ 8] 6134 	sbc	a, (hl)
    00001D51 38 04            [12] 6135 	jr	C, 00263$
    00001D53                       6136 00262$:
    00001D53 0E 07            [ 8] 6137 	ld	c, #0x07
    00001D55 18 21            [12] 6138 	jr	00265$
    00001D57                       6139 00263$:
                                   6140 ;include/collision.h:57: return col_of(map[(uint16_t)my * map_w + mx]);
    00001D57 F8 16            [12] 6141 	ldhl	sp,	#22
    00001D59 2A               [ 8] 6142 	ld	a, (hl+)
    00001D5A 4F               [ 4] 6143 	ld	c, a
    00001D5B 46               [ 8] 6144 	ld	b, (hl)
    00001D5C CDr00r00         [24] 6145 	call	__mulint
    00001D5F F8 2E            [12] 6146 	ldhl	sp,	#46
    00001D61 2A               [ 8] 6147 	ld	a,	(hl+)
    00001D62 66               [ 8] 6148 	ld	h, (hl)
    00001D63 6F               [ 4] 6149 	ld	l, a
    00001D64 09               [ 8] 6150 	add	hl, bc
    00001D65 4D               [ 4] 6151 	ld	c, l
    00001D66 44               [ 4] 6152 	ld	b, h
    00001D67 F8 18            [12] 6153 	ldhl	sp,	#24
    00001D69 2A               [ 8] 6154 	ld	a,	(hl+)
    00001D6A 66               [ 8] 6155 	ld	h, (hl)
    00001D6B 6F               [ 4] 6156 	ld	l, a
    00001D6C 09               [ 8] 6157 	add	hl, bc
    00001D6D 4D               [ 4] 6158 	ld	c, l
    00001D6E 44               [ 4] 6159 	ld	b, h
    00001D6F 0A               [ 8] 6160 	ld	a, (bc)
                                   6161 ;include/collision.h:40: return famidash_metatile_collision[tile_id];
    00001D70 6F               [ 4] 6162 	ld	l, a
    00001D71 26 00            [ 8] 6163 	ld	h, #0x00
    00001D73 11r00r00         [12] 6164 	ld	de, #_famidash_metatile_collision
    00001D76 19               [ 8] 6165 	add	hl, de
    00001D77 4E               [ 8] 6166 	ld	c, (hl)
                                   6167 ;include/player.h:37: return col_at(px, py, map, map_w, map_h);
    00001D78                       6168 00265$:
                                   6169 ;include/player.h:103: IS_HAZARD(col_point(hx2, hy1, map, map_w, map_h)) ||
    00001D78 79               [ 4] 6170 	ld	a, c
    00001D79 D6 02            [ 8] 6171 	sub	a, #0x02
    00001D7B CArD1r21         [16] 6172 	jp	Z, 00368$
                                   6173 ;include/collision.h:53: if (world_py < 0) return COL_NONE;            // above map = sky
    00001D7E F8 29            [12] 6174 	ldhl	sp,	#41
    00001D80 7E               [ 8] 6175 	ld	a, (hl)
    00001D81 B7               [ 4] 6176 	or	a, a
    00001D82 28 06            [12] 6177 	jr	Z, 00269$
    00001D84 F8 2F            [12] 6178 	ldhl	sp,	#47
    00001D86 36 00            [12] 6179 	ld	(hl), #0x00
    00001D88 18 5F            [12] 6180 	jr	00274$
    00001D8A                       6181 00269$:
                                   6182 ;include/collision.h:54: uint16_t mx = world_px >> 4;                  // pixel → metatile col
    00001D8A F8 30            [12] 6183 	ldhl	sp,	#48
    00001D8C 7E               [ 8] 6184 	ld	a, (hl)
    00001D8D F8 21            [12] 6185 	ldhl	sp,	#33
    00001D8F 77               [ 8] 6186 	ld	(hl), a
    00001D90 F8 31            [12] 6187 	ldhl	sp,	#49
    00001D92 7E               [ 8] 6188 	ld	a, (hl)
    00001D93 F8 22            [12] 6189 	ldhl	sp,	#34
    00001D95 77               [ 8] 6190 	ld	(hl), a
                                   6191 ;include/collision.h:55: uint16_t my = (uint16_t)world_py >> 4;        // pixel → metatile row
    00001D96 F8 2C            [12] 6192 	ldhl	sp,	#44
    00001D98 2A               [ 8] 6193 	ld	a, (hl+)
    00001D99 23               [ 8] 6194 	inc	hl
    00001D9A 32               [ 8] 6195 	ld	(hl-), a
    00001D9B 2A               [ 8] 6196 	ld	a, (hl+)
    00001D9C 23               [ 8] 6197 	inc	hl
    00001D9D 77               [ 8] 6198 	ld	(hl), a
                                   6199 ;include/collision.h:56: if (mx >= map_w || my >= map_h) return COL_ALL; // out of bounds = solid
    00001D9E F8 21            [12] 6200 	ldhl	sp,	#33
    00001DA0 5D               [ 4] 6201 	ld	e, l
    00001DA1 54               [ 4] 6202 	ld	d, h
    00001DA2 F8 16            [12] 6203 	ldhl	sp,	#22
    00001DA4 1A               [ 8] 6204 	ld	a, (de)
    00001DA5 13               [ 8] 6205 	inc	de
    00001DA6 96               [ 8] 6206 	sub	a, (hl)
    00001DA7 23               [ 8] 6207 	inc	hl
    00001DA8 1A               [ 8] 6208 	ld	a, (de)
    00001DA9 9E               [ 8] 6209 	sbc	a, (hl)
    00001DAA 30 0E            [12] 6210 	jr	NC, 00271$
    00001DAC F8 2E            [12] 6211 	ldhl	sp,	#46
    00001DAE 5D               [ 4] 6212 	ld	e, l
    00001DAF 54               [ 4] 6213 	ld	d, h
    00001DB0 F8 14            [12] 6214 	ldhl	sp,	#20
    00001DB2 1A               [ 8] 6215 	ld	a, (de)
    00001DB3 13               [ 8] 6216 	inc	de
    00001DB4 96               [ 8] 6217 	sub	a, (hl)
    00001DB5 23               [ 8] 6218 	inc	hl
    00001DB6 1A               [ 8] 6219 	ld	a, (de)
    00001DB7 9E               [ 8] 6220 	sbc	a, (hl)
    00001DB8 38 06            [12] 6221 	jr	C, 00272$
    00001DBA                       6222 00271$:
    00001DBA F8 2F            [12] 6223 	ldhl	sp,	#47
    00001DBC 36 07            [12] 6224 	ld	(hl), #0x07
    00001DBE 18 29            [12] 6225 	jr	00274$
    00001DC0                       6226 00272$:
                                   6227 ;include/collision.h:57: return col_of(map[(uint16_t)my * map_w + mx]);
    00001DC0 F8 16            [12] 6228 	ldhl	sp,	#22
    00001DC2 2A               [ 8] 6229 	ld	a, (hl+)
    00001DC3 4F               [ 4] 6230 	ld	c, a
    00001DC4 46               [ 8] 6231 	ld	b, (hl)
    00001DC5 F8 2E            [12] 6232 	ldhl	sp,	#46
    00001DC7 2A               [ 8] 6233 	ld	a, (hl+)
    00001DC8 5F               [ 4] 6234 	ld	e, a
    00001DC9 56               [ 8] 6235 	ld	d, (hl)
    00001DCA CDr00r00         [24] 6236 	call	__mulint
    00001DCD F8 21            [12] 6237 	ldhl	sp,	#33
    00001DCF 2A               [ 8] 6238 	ld	a,	(hl+)
    00001DD0 66               [ 8] 6239 	ld	h, (hl)
    00001DD1 6F               [ 4] 6240 	ld	l, a
    00001DD2 09               [ 8] 6241 	add	hl, bc
    00001DD3 4D               [ 4] 6242 	ld	c, l
    00001DD4 44               [ 4] 6243 	ld	b, h
    00001DD5 F8 18            [12] 6244 	ldhl	sp,	#24
    00001DD7 2A               [ 8] 6245 	ld	a,	(hl+)
    00001DD8 66               [ 8] 6246 	ld	h, (hl)
    00001DD9 6F               [ 4] 6247 	ld	l, a
    00001DDA 09               [ 8] 6248 	add	hl, bc
    00001DDB 4D               [ 4] 6249 	ld	c, l
    00001DDC 44               [ 4] 6250 	ld	b, h
    00001DDD 0A               [ 8] 6251 	ld	a, (bc)
                                   6252 ;include/collision.h:40: return famidash_metatile_collision[tile_id];
    00001DDE 6F               [ 4] 6253 	ld	l, a
    00001DDF 26 00            [ 8] 6254 	ld	h, #0x00
    00001DE1 11r00r00         [12] 6255 	ld	de, #_famidash_metatile_collision
    00001DE4 19               [ 8] 6256 	add	hl, de
    00001DE5 7E               [ 8] 6257 	ld	a, (hl)
    00001DE6 F8 2F            [12] 6258 	ldhl	sp,	#47
    00001DE8 77               [ 8] 6259 	ld	(hl), a
                                   6260 ;include/player.h:37: return col_at(px, py, map, map_w, map_h);
    00001DE9                       6261 00274$:
                                   6262 ;include/player.h:103: IS_HAZARD(col_point(hx2, hy1, map, map_w, map_h)) ||
    00001DE9 F8 2F            [12] 6263 	ldhl	sp,	#47
    00001DEB 7E               [ 8] 6264 	ld	a, (hl)
    00001DEC 3D               [ 4] 6265 	dec	a
    00001DED CArD1r21         [16] 6266 	jp	Z, 00368$
                                   6267 ;include/collision.h:53: if (world_py < 0) return COL_NONE;            // above map = sky
    00001DF0 F8 27            [12] 6268 	ldhl	sp,	#39
    00001DF2 2A               [ 8] 6269 	ld	a, (hl+)
    00001DF3 7E               [ 8] 6270 	ld	a, (hl)
    00001DF4 07               [ 4] 6271 	rlca
    00001DF5 E6 01            [ 8] 6272 	and	a,#0x01
    00001DF7 F8 2F            [12] 6273 	ldhl	sp,	#47
    00001DF9 77               [ 8] 6274 	ld	(hl), a
                                   6275 ;include/collision.h:55: uint16_t my = (uint16_t)world_py >> 4;        // pixel → metatile row
    00001DFA F8 27            [12] 6276 	ldhl	sp,	#39
    00001DFC 2A               [ 8] 6277 	ld	a, (hl+)
    00001DFD 4F               [ 4] 6278 	ld	c, a
    00001DFE 46               [ 8] 6279 	ld	b, (hl)
    00001DFF 79               [ 4] 6280 	ld	a, c
    00001E00 22               [ 8] 6281 	ld	(hl+), a
    00001E01 70               [ 8] 6282 	ld	(hl), b
    00001E02 CB 3E            [16] 6283 	srl	(hl)
    00001E04 2B               [ 8] 6284 	dec	hl
    00001E05 CB 1E            [16] 6285 	rr	(hl)
    00001E07 23               [ 8] 6286 	inc	hl
    00001E08 CB 3E            [16] 6287 	srl	(hl)
    00001E0A 2B               [ 8] 6288 	dec	hl
    00001E0B CB 1E            [16] 6289 	rr	(hl)
    00001E0D 23               [ 8] 6290 	inc	hl
    00001E0E CB 3E            [16] 6291 	srl	(hl)
    00001E10 2B               [ 8] 6292 	dec	hl
    00001E11 CB 1E            [16] 6293 	rr	(hl)
    00001E13 23               [ 8] 6294 	inc	hl
    00001E14 CB 3E            [16] 6295 	srl	(hl)
    00001E16 2B               [ 8] 6296 	dec	hl
    00001E17 CB 1E            [16] 6297 	rr	(hl)
                                   6298 ;include/collision.h:53: if (world_py < 0) return COL_NONE;            // above map = sky
    00001E19 F8 2F            [12] 6299 	ldhl	sp,	#47
    00001E1B 7E               [ 8] 6300 	ld	a, (hl)
    00001E1C B7               [ 4] 6301 	or	a, a
    00001E1D 28 04            [12] 6302 	jr	Z, 00279$
    00001E1F 0E 00            [ 8] 6303 	ld	c, #0x00
    00001E21 18 4E            [12] 6304 	jr	00284$
    00001E23                       6305 00279$:
                                   6306 ;include/collision.h:54: uint16_t mx = world_px >> 4;                  // pixel → metatile col
    00001E23 F8 2A            [12] 6307 	ldhl	sp,	#42
    00001E25 7E               [ 8] 6308 	ld	a, (hl)
    00001E26 F8 2D            [12] 6309 	ldhl	sp,	#45
    00001E28 32               [ 8] 6310 	ld	(hl-), a
    00001E29 2B               [ 8] 6311 	dec	hl
    00001E2A 7E               [ 8] 6312 	ld	a, (hl)
    00001E2B F8 2E            [12] 6313 	ldhl	sp,	#46
    00001E2D 77               [ 8] 6314 	ld	(hl), a
                                   6315 ;include/collision.h:55: uint16_t my = (uint16_t)world_py >> 4;        // pixel → metatile row
    00001E2E F8 28            [12] 6316 	ldhl	sp,	#40
    00001E30 2A               [ 8] 6317 	ld	a, (hl+)
    00001E31 5F               [ 4] 6318 	ld	e, a
    00001E32 56               [ 8] 6319 	ld	d, (hl)
                                   6320 ;include/collision.h:56: if (mx >= map_w || my >= map_h) return COL_ALL; // out of bounds = solid
    00001E33 D5               [16] 6321 	push	de
    00001E34 F8 2F            [12] 6322 	ldhl	sp,	#47
    00001E36 5D               [ 4] 6323 	ld	e, l
    00001E37 54               [ 4] 6324 	ld	d, h
    00001E38 F8 18            [12] 6325 	ldhl	sp,	#24
    00001E3A 1A               [ 8] 6326 	ld	a, (de)
    00001E3B 13               [ 8] 6327 	inc	de
    00001E3C 96               [ 8] 6328 	sub	a, (hl)
    00001E3D 23               [ 8] 6329 	inc	hl
    00001E3E 1A               [ 8] 6330 	ld	a, (de)
    00001E3F 9E               [ 8] 6331 	sbc	a, (hl)
    00001E40 D1               [12] 6332 	pop	de
    00001E41 30 09            [12] 6333 	jr	NC, 00281$
    00001E43 F8 14            [12] 6334 	ldhl	sp,	#20
    00001E45 7B               [ 4] 6335 	ld	a, e
    00001E46 96               [ 8] 6336 	sub	a, (hl)
    00001E47 23               [ 8] 6337 	inc	hl
    00001E48 7A               [ 4] 6338 	ld	a, d
    00001E49 9E               [ 8] 6339 	sbc	a, (hl)
    00001E4A 38 04            [12] 6340 	jr	C, 00282$
    00001E4C                       6341 00281$:
    00001E4C 0E 07            [ 8] 6342 	ld	c, #0x07
    00001E4E 18 21            [12] 6343 	jr	00284$
    00001E50                       6344 00282$:
                                   6345 ;include/collision.h:57: return col_of(map[(uint16_t)my * map_w + mx]);
    00001E50 F8 16            [12] 6346 	ldhl	sp,	#22
    00001E52 2A               [ 8] 6347 	ld	a, (hl+)
    00001E53 4F               [ 4] 6348 	ld	c, a
    00001E54 46               [ 8] 6349 	ld	b, (hl)
    00001E55 CDr00r00         [24] 6350 	call	__mulint
    00001E58 F8 2D            [12] 6351 	ldhl	sp,	#45
    00001E5A 2A               [ 8] 6352 	ld	a,	(hl+)
    00001E5B 66               [ 8] 6353 	ld	h, (hl)
    00001E5C 6F               [ 4] 6354 	ld	l, a
    00001E5D 09               [ 8] 6355 	add	hl, bc
    00001E5E 4D               [ 4] 6356 	ld	c, l
    00001E5F 44               [ 4] 6357 	ld	b, h
    00001E60 F8 18            [12] 6358 	ldhl	sp,	#24
    00001E62 2A               [ 8] 6359 	ld	a,	(hl+)
    00001E63 66               [ 8] 6360 	ld	h, (hl)
    00001E64 6F               [ 4] 6361 	ld	l, a
    00001E65 09               [ 8] 6362 	add	hl, bc
    00001E66 4D               [ 4] 6363 	ld	c, l
    00001E67 44               [ 4] 6364 	ld	b, h
    00001E68 0A               [ 8] 6365 	ld	a, (bc)
                                   6366 ;include/collision.h:40: return famidash_metatile_collision[tile_id];
    00001E69 6F               [ 4] 6367 	ld	l, a
    00001E6A 26 00            [ 8] 6368 	ld	h, #0x00
    00001E6C 11r00r00         [12] 6369 	ld	de, #_famidash_metatile_collision
    00001E6F 19               [ 8] 6370 	add	hl, de
    00001E70 4E               [ 8] 6371 	ld	c, (hl)
                                   6372 ;include/player.h:37: return col_at(px, py, map, map_w, map_h);
    00001E71                       6373 00284$:
                                   6374 ;include/player.h:104: IS_HAZARD(col_point(hx1, hy2, map, map_w, map_h)) ||
    00001E71 79               [ 4] 6375 	ld	a, c
    00001E72 D6 08            [ 8] 6376 	sub	a, #0x08
    00001E74 CArD1r21         [16] 6377 	jp	Z, 00368$
                                   6378 ;include/collision.h:53: if (world_py < 0) return COL_NONE;            // above map = sky
    00001E77 F8 2F            [12] 6379 	ldhl	sp,	#47
    00001E79 7E               [ 8] 6380 	ld	a, (hl)
    00001E7A B7               [ 4] 6381 	or	a, a
    00001E7B 28 04            [12] 6382 	jr	Z, 00287$
    00001E7D 0E 00            [ 8] 6383 	ld	c, #0x00
    00001E7F 18 4E            [12] 6384 	jr	00292$
    00001E81                       6385 00287$:
                                   6386 ;include/collision.h:54: uint16_t mx = world_px >> 4;                  // pixel → metatile col
    00001E81 F8 2A            [12] 6387 	ldhl	sp,	#42
    00001E83 7E               [ 8] 6388 	ld	a, (hl)
    00001E84 F8 2D            [12] 6389 	ldhl	sp,	#45
    00001E86 32               [ 8] 6390 	ld	(hl-), a
    00001E87 2B               [ 8] 6391 	dec	hl
    00001E88 7E               [ 8] 6392 	ld	a, (hl)
    00001E89 F8 2E            [12] 6393 	ldhl	sp,	#46
    00001E8B 77               [ 8] 6394 	ld	(hl), a
                                   6395 ;include/collision.h:55: uint16_t my = (uint16_t)world_py >> 4;        // pixel → metatile row
    00001E8C F8 28            [12] 6396 	ldhl	sp,	#40
    00001E8E 2A               [ 8] 6397 	ld	a, (hl+)
    00001E8F 5F               [ 4] 6398 	ld	e, a
    00001E90 56               [ 8] 6399 	ld	d, (hl)
                                   6400 ;include/collision.h:56: if (mx >= map_w || my >= map_h) return COL_ALL; // out of bounds = solid
    00001E91 D5               [16] 6401 	push	de
    00001E92 F8 2F            [12] 6402 	ldhl	sp,	#47
    00001E94 5D               [ 4] 6403 	ld	e, l
    00001E95 54               [ 4] 6404 	ld	d, h
    00001E96 F8 18            [12] 6405 	ldhl	sp,	#24
    00001E98 1A               [ 8] 6406 	ld	a, (de)
    00001E99 13               [ 8] 6407 	inc	de
    00001E9A 96               [ 8] 6408 	sub	a, (hl)
    00001E9B 23               [ 8] 6409 	inc	hl
    00001E9C 1A               [ 8] 6410 	ld	a, (de)
    00001E9D 9E               [ 8] 6411 	sbc	a, (hl)
    00001E9E D1               [12] 6412 	pop	de
    00001E9F 30 09            [12] 6413 	jr	NC, 00289$
    00001EA1 F8 14            [12] 6414 	ldhl	sp,	#20
    00001EA3 7B               [ 4] 6415 	ld	a, e
    00001EA4 96               [ 8] 6416 	sub	a, (hl)
    00001EA5 23               [ 8] 6417 	inc	hl
    00001EA6 7A               [ 4] 6418 	ld	a, d
    00001EA7 9E               [ 8] 6419 	sbc	a, (hl)
    00001EA8 38 04            [12] 6420 	jr	C, 00290$
    00001EAA                       6421 00289$:
    00001EAA 0E 07            [ 8] 6422 	ld	c, #0x07
    00001EAC 18 21            [12] 6423 	jr	00292$
    00001EAE                       6424 00290$:
                                   6425 ;include/collision.h:57: return col_of(map[(uint16_t)my * map_w + mx]);
    00001EAE F8 16            [12] 6426 	ldhl	sp,	#22
    00001EB0 2A               [ 8] 6427 	ld	a, (hl+)
    00001EB1 4F               [ 4] 6428 	ld	c, a
    00001EB2 46               [ 8] 6429 	ld	b, (hl)
    00001EB3 CDr00r00         [24] 6430 	call	__mulint
    00001EB6 F8 2D            [12] 6431 	ldhl	sp,	#45
    00001EB8 2A               [ 8] 6432 	ld	a,	(hl+)
    00001EB9 66               [ 8] 6433 	ld	h, (hl)
    00001EBA 6F               [ 4] 6434 	ld	l, a
    00001EBB 09               [ 8] 6435 	add	hl, bc
    00001EBC 4D               [ 4] 6436 	ld	c, l
    00001EBD 44               [ 4] 6437 	ld	b, h
    00001EBE F8 18            [12] 6438 	ldhl	sp,	#24
    00001EC0 2A               [ 8] 6439 	ld	a,	(hl+)
    00001EC1 66               [ 8] 6440 	ld	h, (hl)
    00001EC2 6F               [ 4] 6441 	ld	l, a
    00001EC3 09               [ 8] 6442 	add	hl, bc
    00001EC4 4D               [ 4] 6443 	ld	c, l
    00001EC5 44               [ 4] 6444 	ld	b, h
    00001EC6 0A               [ 8] 6445 	ld	a, (bc)
                                   6446 ;include/collision.h:40: return famidash_metatile_collision[tile_id];
    00001EC7 6F               [ 4] 6447 	ld	l, a
    00001EC8 26 00            [ 8] 6448 	ld	h, #0x00
    00001ECA 11r00r00         [12] 6449 	ld	de, #_famidash_metatile_collision
    00001ECD 19               [ 8] 6450 	add	hl, de
    00001ECE 4E               [ 8] 6451 	ld	c, (hl)
                                   6452 ;include/player.h:37: return col_at(px, py, map, map_w, map_h);
    00001ECF                       6453 00292$:
                                   6454 ;include/player.h:104: IS_HAZARD(col_point(hx1, hy2, map, map_w, map_h)) ||
    00001ECF 79               [ 4] 6455 	ld	a, c
    00001ED0 D6 03            [ 8] 6456 	sub	a, #0x03
    00001ED2 CArD1r21         [16] 6457 	jp	Z, 00368$
                                   6458 ;include/collision.h:53: if (world_py < 0) return COL_NONE;            // above map = sky
    00001ED5 F8 2F            [12] 6459 	ldhl	sp,	#47
    00001ED7 7E               [ 8] 6460 	ld	a, (hl)
    00001ED8 B7               [ 4] 6461 	or	a, a
    00001ED9 28 04            [12] 6462 	jr	Z, 00296$
    00001EDB 0E 00            [ 8] 6463 	ld	c, #0x00
    00001EDD 18 4E            [12] 6464 	jr	00301$
    00001EDF                       6465 00296$:
                                   6466 ;include/collision.h:54: uint16_t mx = world_px >> 4;                  // pixel → metatile col
    00001EDF F8 2A            [12] 6467 	ldhl	sp,	#42
    00001EE1 7E               [ 8] 6468 	ld	a, (hl)
    00001EE2 F8 2D            [12] 6469 	ldhl	sp,	#45
    00001EE4 32               [ 8] 6470 	ld	(hl-), a
    00001EE5 2B               [ 8] 6471 	dec	hl
    00001EE6 7E               [ 8] 6472 	ld	a, (hl)
    00001EE7 F8 2E            [12] 6473 	ldhl	sp,	#46
    00001EE9 77               [ 8] 6474 	ld	(hl), a
                                   6475 ;include/collision.h:55: uint16_t my = (uint16_t)world_py >> 4;        // pixel → metatile row
    00001EEA F8 28            [12] 6476 	ldhl	sp,	#40
    00001EEC 2A               [ 8] 6477 	ld	a, (hl+)
    00001EED 5F               [ 4] 6478 	ld	e, a
    00001EEE 56               [ 8] 6479 	ld	d, (hl)
                                   6480 ;include/collision.h:56: if (mx >= map_w || my >= map_h) return COL_ALL; // out of bounds = solid
    00001EEF D5               [16] 6481 	push	de
    00001EF0 F8 2F            [12] 6482 	ldhl	sp,	#47
    00001EF2 5D               [ 4] 6483 	ld	e, l
    00001EF3 54               [ 4] 6484 	ld	d, h
    00001EF4 F8 18            [12] 6485 	ldhl	sp,	#24
    00001EF6 1A               [ 8] 6486 	ld	a, (de)
    00001EF7 13               [ 8] 6487 	inc	de
    00001EF8 96               [ 8] 6488 	sub	a, (hl)
    00001EF9 23               [ 8] 6489 	inc	hl
    00001EFA 1A               [ 8] 6490 	ld	a, (de)
    00001EFB 9E               [ 8] 6491 	sbc	a, (hl)
    00001EFC D1               [12] 6492 	pop	de
    00001EFD 30 09            [12] 6493 	jr	NC, 00298$
    00001EFF F8 14            [12] 6494 	ldhl	sp,	#20
    00001F01 7B               [ 4] 6495 	ld	a, e
    00001F02 96               [ 8] 6496 	sub	a, (hl)
    00001F03 23               [ 8] 6497 	inc	hl
    00001F04 7A               [ 4] 6498 	ld	a, d
    00001F05 9E               [ 8] 6499 	sbc	a, (hl)
    00001F06 38 04            [12] 6500 	jr	C, 00299$
    00001F08                       6501 00298$:
    00001F08 0E 07            [ 8] 6502 	ld	c, #0x07
    00001F0A 18 21            [12] 6503 	jr	00301$
    00001F0C                       6504 00299$:
                                   6505 ;include/collision.h:57: return col_of(map[(uint16_t)my * map_w + mx]);
    00001F0C F8 16            [12] 6506 	ldhl	sp,	#22
    00001F0E 2A               [ 8] 6507 	ld	a, (hl+)
    00001F0F 4F               [ 4] 6508 	ld	c, a
    00001F10 46               [ 8] 6509 	ld	b, (hl)
    00001F11 CDr00r00         [24] 6510 	call	__mulint
    00001F14 F8 2D            [12] 6511 	ldhl	sp,	#45
    00001F16 2A               [ 8] 6512 	ld	a,	(hl+)
    00001F17 66               [ 8] 6513 	ld	h, (hl)
    00001F18 6F               [ 4] 6514 	ld	l, a
    00001F19 09               [ 8] 6515 	add	hl, bc
    00001F1A 4D               [ 4] 6516 	ld	c, l
    00001F1B 44               [ 4] 6517 	ld	b, h
    00001F1C F8 18            [12] 6518 	ldhl	sp,	#24
    00001F1E 2A               [ 8] 6519 	ld	a,	(hl+)
    00001F1F 66               [ 8] 6520 	ld	h, (hl)
    00001F20 6F               [ 4] 6521 	ld	l, a
    00001F21 09               [ 8] 6522 	add	hl, bc
    00001F22 4D               [ 4] 6523 	ld	c, l
    00001F23 44               [ 4] 6524 	ld	b, h
    00001F24 0A               [ 8] 6525 	ld	a, (bc)
                                   6526 ;include/collision.h:40: return famidash_metatile_collision[tile_id];
    00001F25 6F               [ 4] 6527 	ld	l, a
    00001F26 26 00            [ 8] 6528 	ld	h, #0x00
    00001F28 11r00r00         [12] 6529 	ld	de, #_famidash_metatile_collision
    00001F2B 19               [ 8] 6530 	add	hl, de
    00001F2C 4E               [ 8] 6531 	ld	c, (hl)
                                   6532 ;include/player.h:37: return col_at(px, py, map, map_w, map_h);
    00001F2D                       6533 00301$:
                                   6534 ;include/player.h:104: IS_HAZARD(col_point(hx1, hy2, map, map_w, map_h)) ||
    00001F2D 79               [ 4] 6535 	ld	a, c
    00001F2E D6 04            [ 8] 6536 	sub	a, #0x04
    00001F30 CArD1r21         [16] 6537 	jp	Z, 00368$
                                   6538 ;include/collision.h:53: if (world_py < 0) return COL_NONE;            // above map = sky
    00001F33 F8 2F            [12] 6539 	ldhl	sp,	#47
    00001F35 7E               [ 8] 6540 	ld	a, (hl)
    00001F36 B7               [ 4] 6541 	or	a, a
    00001F37 28 04            [12] 6542 	jr	Z, 00305$
    00001F39 0E 00            [ 8] 6543 	ld	c, #0x00
    00001F3B 18 4E            [12] 6544 	jr	00310$
    00001F3D                       6545 00305$:
                                   6546 ;include/collision.h:54: uint16_t mx = world_px >> 4;                  // pixel → metatile col
    00001F3D F8 2A            [12] 6547 	ldhl	sp,	#42
    00001F3F 7E               [ 8] 6548 	ld	a, (hl)
    00001F40 F8 2D            [12] 6549 	ldhl	sp,	#45
    00001F42 32               [ 8] 6550 	ld	(hl-), a
    00001F43 2B               [ 8] 6551 	dec	hl
    00001F44 7E               [ 8] 6552 	ld	a, (hl)
    00001F45 F8 2E            [12] 6553 	ldhl	sp,	#46
    00001F47 77               [ 8] 6554 	ld	(hl), a
                                   6555 ;include/collision.h:55: uint16_t my = (uint16_t)world_py >> 4;        // pixel → metatile row
    00001F48 F8 28            [12] 6556 	ldhl	sp,	#40
    00001F4A 2A               [ 8] 6557 	ld	a, (hl+)
    00001F4B 5F               [ 4] 6558 	ld	e, a
    00001F4C 56               [ 8] 6559 	ld	d, (hl)
                                   6560 ;include/collision.h:56: if (mx >= map_w || my >= map_h) return COL_ALL; // out of bounds = solid
    00001F4D D5               [16] 6561 	push	de
    00001F4E F8 2F            [12] 6562 	ldhl	sp,	#47
    00001F50 5D               [ 4] 6563 	ld	e, l
    00001F51 54               [ 4] 6564 	ld	d, h
    00001F52 F8 18            [12] 6565 	ldhl	sp,	#24
    00001F54 1A               [ 8] 6566 	ld	a, (de)
    00001F55 13               [ 8] 6567 	inc	de
    00001F56 96               [ 8] 6568 	sub	a, (hl)
    00001F57 23               [ 8] 6569 	inc	hl
    00001F58 1A               [ 8] 6570 	ld	a, (de)
    00001F59 9E               [ 8] 6571 	sbc	a, (hl)
    00001F5A D1               [12] 6572 	pop	de
    00001F5B 30 09            [12] 6573 	jr	NC, 00307$
    00001F5D F8 14            [12] 6574 	ldhl	sp,	#20
    00001F5F 7B               [ 4] 6575 	ld	a, e
    00001F60 96               [ 8] 6576 	sub	a, (hl)
    00001F61 23               [ 8] 6577 	inc	hl
    00001F62 7A               [ 4] 6578 	ld	a, d
    00001F63 9E               [ 8] 6579 	sbc	a, (hl)
    00001F64 38 04            [12] 6580 	jr	C, 00308$
    00001F66                       6581 00307$:
    00001F66 0E 07            [ 8] 6582 	ld	c, #0x07
    00001F68 18 21            [12] 6583 	jr	00310$
    00001F6A                       6584 00308$:
                                   6585 ;include/collision.h:57: return col_of(map[(uint16_t)my * map_w + mx]);
    00001F6A F8 16            [12] 6586 	ldhl	sp,	#22
    00001F6C 2A               [ 8] 6587 	ld	a, (hl+)
    00001F6D 4F               [ 4] 6588 	ld	c, a
    00001F6E 46               [ 8] 6589 	ld	b, (hl)
    00001F6F CDr00r00         [24] 6590 	call	__mulint
    00001F72 F8 2D            [12] 6591 	ldhl	sp,	#45
    00001F74 2A               [ 8] 6592 	ld	a,	(hl+)
    00001F75 66               [ 8] 6593 	ld	h, (hl)
    00001F76 6F               [ 4] 6594 	ld	l, a
    00001F77 09               [ 8] 6595 	add	hl, bc
    00001F78 4D               [ 4] 6596 	ld	c, l
    00001F79 44               [ 4] 6597 	ld	b, h
    00001F7A F8 18            [12] 6598 	ldhl	sp,	#24
    00001F7C 2A               [ 8] 6599 	ld	a,	(hl+)
    00001F7D 66               [ 8] 6600 	ld	h, (hl)
    00001F7E 6F               [ 4] 6601 	ld	l, a
    00001F7F 09               [ 8] 6602 	add	hl, bc
    00001F80 4D               [ 4] 6603 	ld	c, l
    00001F81 44               [ 4] 6604 	ld	b, h
    00001F82 0A               [ 8] 6605 	ld	a, (bc)
                                   6606 ;include/collision.h:40: return famidash_metatile_collision[tile_id];
    00001F83 6F               [ 4] 6607 	ld	l, a
    00001F84 26 00            [ 8] 6608 	ld	h, #0x00
    00001F86 11r00r00         [12] 6609 	ld	de, #_famidash_metatile_collision
    00001F89 19               [ 8] 6610 	add	hl, de
    00001F8A 4E               [ 8] 6611 	ld	c, (hl)
                                   6612 ;include/player.h:37: return col_at(px, py, map, map_w, map_h);
    00001F8B                       6613 00310$:
                                   6614 ;include/player.h:104: IS_HAZARD(col_point(hx1, hy2, map, map_w, map_h)) ||
    00001F8B 79               [ 4] 6615 	ld	a, c
    00001F8C D6 02            [ 8] 6616 	sub	a, #0x02
    00001F8E CArD1r21         [16] 6617 	jp	Z, 00368$
                                   6618 ;include/collision.h:53: if (world_py < 0) return COL_NONE;            // above map = sky
    00001F91 F8 2F            [12] 6619 	ldhl	sp,	#47
    00001F93 7E               [ 8] 6620 	ld	a, (hl)
    00001F94 B7               [ 4] 6621 	or	a, a
    00001F95 28 04            [12] 6622 	jr	Z, 00314$
    00001F97 0E 00            [ 8] 6623 	ld	c, #0x00
    00001F99 18 4E            [12] 6624 	jr	00319$
    00001F9B                       6625 00314$:
                                   6626 ;include/collision.h:54: uint16_t mx = world_px >> 4;                  // pixel → metatile col
    00001F9B F8 2A            [12] 6627 	ldhl	sp,	#42
    00001F9D 7E               [ 8] 6628 	ld	a, (hl)
    00001F9E F8 2D            [12] 6629 	ldhl	sp,	#45
    00001FA0 32               [ 8] 6630 	ld	(hl-), a
    00001FA1 2B               [ 8] 6631 	dec	hl
    00001FA2 7E               [ 8] 6632 	ld	a, (hl)
    00001FA3 F8 2E            [12] 6633 	ldhl	sp,	#46
    00001FA5 77               [ 8] 6634 	ld	(hl), a
                                   6635 ;include/collision.h:55: uint16_t my = (uint16_t)world_py >> 4;        // pixel → metatile row
    00001FA6 F8 28            [12] 6636 	ldhl	sp,	#40
    00001FA8 2A               [ 8] 6637 	ld	a, (hl+)
    00001FA9 5F               [ 4] 6638 	ld	e, a
    00001FAA 56               [ 8] 6639 	ld	d, (hl)
                                   6640 ;include/collision.h:56: if (mx >= map_w || my >= map_h) return COL_ALL; // out of bounds = solid
    00001FAB D5               [16] 6641 	push	de
    00001FAC F8 2F            [12] 6642 	ldhl	sp,	#47
    00001FAE 5D               [ 4] 6643 	ld	e, l
    00001FAF 54               [ 4] 6644 	ld	d, h
    00001FB0 F8 18            [12] 6645 	ldhl	sp,	#24
    00001FB2 1A               [ 8] 6646 	ld	a, (de)
    00001FB3 13               [ 8] 6647 	inc	de
    00001FB4 96               [ 8] 6648 	sub	a, (hl)
    00001FB5 23               [ 8] 6649 	inc	hl
    00001FB6 1A               [ 8] 6650 	ld	a, (de)
    00001FB7 9E               [ 8] 6651 	sbc	a, (hl)
    00001FB8 D1               [12] 6652 	pop	de
    00001FB9 30 09            [12] 6653 	jr	NC, 00316$
    00001FBB F8 14            [12] 6654 	ldhl	sp,	#20
    00001FBD 7B               [ 4] 6655 	ld	a, e
    00001FBE 96               [ 8] 6656 	sub	a, (hl)
    00001FBF 23               [ 8] 6657 	inc	hl
    00001FC0 7A               [ 4] 6658 	ld	a, d
    00001FC1 9E               [ 8] 6659 	sbc	a, (hl)
    00001FC2 38 04            [12] 6660 	jr	C, 00317$
    00001FC4                       6661 00316$:
    00001FC4 0E 07            [ 8] 6662 	ld	c, #0x07
    00001FC6 18 21            [12] 6663 	jr	00319$
    00001FC8                       6664 00317$:
                                   6665 ;include/collision.h:57: return col_of(map[(uint16_t)my * map_w + mx]);
    00001FC8 F8 16            [12] 6666 	ldhl	sp,	#22
    00001FCA 2A               [ 8] 6667 	ld	a, (hl+)
    00001FCB 4F               [ 4] 6668 	ld	c, a
    00001FCC 46               [ 8] 6669 	ld	b, (hl)
    00001FCD CDr00r00         [24] 6670 	call	__mulint
    00001FD0 F8 2D            [12] 6671 	ldhl	sp,	#45
    00001FD2 2A               [ 8] 6672 	ld	a,	(hl+)
    00001FD3 66               [ 8] 6673 	ld	h, (hl)
    00001FD4 6F               [ 4] 6674 	ld	l, a
    00001FD5 09               [ 8] 6675 	add	hl, bc
    00001FD6 4D               [ 4] 6676 	ld	c, l
    00001FD7 44               [ 4] 6677 	ld	b, h
    00001FD8 F8 18            [12] 6678 	ldhl	sp,	#24
    00001FDA 2A               [ 8] 6679 	ld	a,	(hl+)
    00001FDB 66               [ 8] 6680 	ld	h, (hl)
    00001FDC 6F               [ 4] 6681 	ld	l, a
    00001FDD 09               [ 8] 6682 	add	hl, bc
    00001FDE 4D               [ 4] 6683 	ld	c, l
    00001FDF 44               [ 4] 6684 	ld	b, h
    00001FE0 0A               [ 8] 6685 	ld	a, (bc)
                                   6686 ;include/collision.h:40: return famidash_metatile_collision[tile_id];
    00001FE1 6F               [ 4] 6687 	ld	l, a
    00001FE2 26 00            [ 8] 6688 	ld	h, #0x00
    00001FE4 11r00r00         [12] 6689 	ld	de, #_famidash_metatile_collision
    00001FE7 19               [ 8] 6690 	add	hl, de
    00001FE8 4E               [ 8] 6691 	ld	c, (hl)
                                   6692 ;include/player.h:37: return col_at(px, py, map, map_w, map_h);
    00001FE9                       6693 00319$:
                                   6694 ;include/player.h:104: IS_HAZARD(col_point(hx1, hy2, map, map_w, map_h)) ||
    00001FE9 0D               [ 4] 6695 	dec	c
    00001FEA CArD1r21         [16] 6696 	jp	Z, 00368$
                                   6697 ;include/collision.h:53: if (world_py < 0) return COL_NONE;            // above map = sky
    00001FED F8 2F            [12] 6698 	ldhl	sp,	#47
    00001FEF 7E               [ 8] 6699 	ld	a, (hl)
    00001FF0 B7               [ 4] 6700 	or	a, a
    00001FF1 28 04            [12] 6701 	jr	Z, 00324$
    00001FF3 0E 00            [ 8] 6702 	ld	c, #0x00
    00001FF5 18 4F            [12] 6703 	jr	00329$
    00001FF7                       6704 00324$:
                                   6705 ;include/collision.h:54: uint16_t mx = world_px >> 4;                  // pixel → metatile col
    00001FF7 F8 30            [12] 6706 	ldhl	sp,	#48
    00001FF9 7E               [ 8] 6707 	ld	a, (hl)
    00001FFA F8 2D            [12] 6708 	ldhl	sp,	#45
    00001FFC 77               [ 8] 6709 	ld	(hl), a
    00001FFD F8 31            [12] 6710 	ldhl	sp,	#49
    00001FFF 7E               [ 8] 6711 	ld	a, (hl)
    00002000 F8 2E            [12] 6712 	ldhl	sp,	#46
    00002002 77               [ 8] 6713 	ld	(hl), a
                                   6714 ;include/collision.h:55: uint16_t my = (uint16_t)world_py >> 4;        // pixel → metatile row
    00002003 F8 28            [12] 6715 	ldhl	sp,	#40
    00002005 2A               [ 8] 6716 	ld	a, (hl+)
    00002006 5F               [ 4] 6717 	ld	e, a
    00002007 56               [ 8] 6718 	ld	d, (hl)
                                   6719 ;include/collision.h:56: if (mx >= map_w || my >= map_h) return COL_ALL; // out of bounds = solid
    00002008 D5               [16] 6720 	push	de
    00002009 F8 2F            [12] 6721 	ldhl	sp,	#47
    0000200B 5D               [ 4] 6722 	ld	e, l
    0000200C 54               [ 4] 6723 	ld	d, h
    0000200D F8 18            [12] 6724 	ldhl	sp,	#24
    0000200F 1A               [ 8] 6725 	ld	a, (de)
    00002010 13               [ 8] 6726 	inc	de
    00002011 96               [ 8] 6727 	sub	a, (hl)
    00002012 23               [ 8] 6728 	inc	hl
    00002013 1A               [ 8] 6729 	ld	a, (de)
    00002014 9E               [ 8] 6730 	sbc	a, (hl)
    00002015 D1               [12] 6731 	pop	de
    00002016 30 09            [12] 6732 	jr	NC, 00326$
    00002018 F8 14            [12] 6733 	ldhl	sp,	#20
    0000201A 7B               [ 4] 6734 	ld	a, e
    0000201B 96               [ 8] 6735 	sub	a, (hl)
    0000201C 23               [ 8] 6736 	inc	hl
    0000201D 7A               [ 4] 6737 	ld	a, d
    0000201E 9E               [ 8] 6738 	sbc	a, (hl)
    0000201F 38 04            [12] 6739 	jr	C, 00327$
    00002021                       6740 00326$:
    00002021 0E 07            [ 8] 6741 	ld	c, #0x07
    00002023 18 21            [12] 6742 	jr	00329$
    00002025                       6743 00327$:
                                   6744 ;include/collision.h:57: return col_of(map[(uint16_t)my * map_w + mx]);
    00002025 F8 16            [12] 6745 	ldhl	sp,	#22
    00002027 2A               [ 8] 6746 	ld	a, (hl+)
    00002028 4F               [ 4] 6747 	ld	c, a
    00002029 46               [ 8] 6748 	ld	b, (hl)
    0000202A CDr00r00         [24] 6749 	call	__mulint
    0000202D F8 2D            [12] 6750 	ldhl	sp,	#45
    0000202F 2A               [ 8] 6751 	ld	a,	(hl+)
    00002030 66               [ 8] 6752 	ld	h, (hl)
    00002031 6F               [ 4] 6753 	ld	l, a
    00002032 09               [ 8] 6754 	add	hl, bc
    00002033 4D               [ 4] 6755 	ld	c, l
    00002034 44               [ 4] 6756 	ld	b, h
    00002035 F8 18            [12] 6757 	ldhl	sp,	#24
    00002037 2A               [ 8] 6758 	ld	a,	(hl+)
    00002038 66               [ 8] 6759 	ld	h, (hl)
    00002039 6F               [ 4] 6760 	ld	l, a
    0000203A 09               [ 8] 6761 	add	hl, bc
    0000203B 4D               [ 4] 6762 	ld	c, l
    0000203C 44               [ 4] 6763 	ld	b, h
    0000203D 0A               [ 8] 6764 	ld	a, (bc)
                                   6765 ;include/collision.h:40: return famidash_metatile_collision[tile_id];
    0000203E 6F               [ 4] 6766 	ld	l, a
    0000203F 26 00            [ 8] 6767 	ld	h, #0x00
    00002041 11r00r00         [12] 6768 	ld	de, #_famidash_metatile_collision
    00002044 19               [ 8] 6769 	add	hl, de
    00002045 4E               [ 8] 6770 	ld	c, (hl)
                                   6771 ;include/player.h:37: return col_at(px, py, map, map_w, map_h);
    00002046                       6772 00329$:
                                   6773 ;include/player.h:105: IS_HAZARD(col_point(hx2, hy2, map, map_w, map_h))) {
    00002046 79               [ 4] 6774 	ld	a, c
    00002047 D6 08            [ 8] 6775 	sub	a, #0x08
    00002049 CArD1r21         [16] 6776 	jp	Z, 00368$
                                   6777 ;include/collision.h:53: if (world_py < 0) return COL_NONE;            // above map = sky
    0000204C F8 2F            [12] 6778 	ldhl	sp,	#47
    0000204E 7E               [ 8] 6779 	ld	a, (hl)
    0000204F B7               [ 4] 6780 	or	a, a
    00002050 28 04            [12] 6781 	jr	Z, 00332$
    00002052 0E 00            [ 8] 6782 	ld	c, #0x00
    00002054 18 4F            [12] 6783 	jr	00337$
    00002056                       6784 00332$:
                                   6785 ;include/collision.h:54: uint16_t mx = world_px >> 4;                  // pixel → metatile col
    00002056 F8 30            [12] 6786 	ldhl	sp,	#48
    00002058 7E               [ 8] 6787 	ld	a, (hl)
    00002059 F8 2D            [12] 6788 	ldhl	sp,	#45
    0000205B 77               [ 8] 6789 	ld	(hl), a
    0000205C F8 31            [12] 6790 	ldhl	sp,	#49
    0000205E 7E               [ 8] 6791 	ld	a, (hl)
    0000205F F8 2E            [12] 6792 	ldhl	sp,	#46
    00002061 77               [ 8] 6793 	ld	(hl), a
                                   6794 ;include/collision.h:55: uint16_t my = (uint16_t)world_py >> 4;        // pixel → metatile row
    00002062 F8 28            [12] 6795 	ldhl	sp,	#40
    00002064 2A               [ 8] 6796 	ld	a, (hl+)
    00002065 5F               [ 4] 6797 	ld	e, a
    00002066 56               [ 8] 6798 	ld	d, (hl)
                                   6799 ;include/collision.h:56: if (mx >= map_w || my >= map_h) return COL_ALL; // out of bounds = solid
    00002067 D5               [16] 6800 	push	de
    00002068 F8 2F            [12] 6801 	ldhl	sp,	#47
    0000206A 5D               [ 4] 6802 	ld	e, l
    0000206B 54               [ 4] 6803 	ld	d, h
    0000206C F8 18            [12] 6804 	ldhl	sp,	#24
    0000206E 1A               [ 8] 6805 	ld	a, (de)
    0000206F 13               [ 8] 6806 	inc	de
    00002070 96               [ 8] 6807 	sub	a, (hl)
    00002071 23               [ 8] 6808 	inc	hl
    00002072 1A               [ 8] 6809 	ld	a, (de)
    00002073 9E               [ 8] 6810 	sbc	a, (hl)
    00002074 D1               [12] 6811 	pop	de
    00002075 30 09            [12] 6812 	jr	NC, 00334$
    00002077 F8 14            [12] 6813 	ldhl	sp,	#20
    00002079 7B               [ 4] 6814 	ld	a, e
    0000207A 96               [ 8] 6815 	sub	a, (hl)
    0000207B 23               [ 8] 6816 	inc	hl
    0000207C 7A               [ 4] 6817 	ld	a, d
    0000207D 9E               [ 8] 6818 	sbc	a, (hl)
    0000207E 38 04            [12] 6819 	jr	C, 00335$
    00002080                       6820 00334$:
    00002080 0E 07            [ 8] 6821 	ld	c, #0x07
    00002082 18 21            [12] 6822 	jr	00337$
    00002084                       6823 00335$:
                                   6824 ;include/collision.h:57: return col_of(map[(uint16_t)my * map_w + mx]);
    00002084 F8 16            [12] 6825 	ldhl	sp,	#22
    00002086 2A               [ 8] 6826 	ld	a, (hl+)
    00002087 4F               [ 4] 6827 	ld	c, a
    00002088 46               [ 8] 6828 	ld	b, (hl)
    00002089 CDr00r00         [24] 6829 	call	__mulint
    0000208C F8 2D            [12] 6830 	ldhl	sp,	#45
    0000208E 2A               [ 8] 6831 	ld	a,	(hl+)
    0000208F 66               [ 8] 6832 	ld	h, (hl)
    00002090 6F               [ 4] 6833 	ld	l, a
    00002091 09               [ 8] 6834 	add	hl, bc
    00002092 4D               [ 4] 6835 	ld	c, l
    00002093 44               [ 4] 6836 	ld	b, h
    00002094 F8 18            [12] 6837 	ldhl	sp,	#24
    00002096 2A               [ 8] 6838 	ld	a,	(hl+)
    00002097 66               [ 8] 6839 	ld	h, (hl)
    00002098 6F               [ 4] 6840 	ld	l, a
    00002099 09               [ 8] 6841 	add	hl, bc
    0000209A 4D               [ 4] 6842 	ld	c, l
    0000209B 44               [ 4] 6843 	ld	b, h
    0000209C 0A               [ 8] 6844 	ld	a, (bc)
                                   6845 ;include/collision.h:40: return famidash_metatile_collision[tile_id];
    0000209D 6F               [ 4] 6846 	ld	l, a
    0000209E 26 00            [ 8] 6847 	ld	h, #0x00
    000020A0 11r00r00         [12] 6848 	ld	de, #_famidash_metatile_collision
    000020A3 19               [ 8] 6849 	add	hl, de
    000020A4 4E               [ 8] 6850 	ld	c, (hl)
                                   6851 ;include/player.h:37: return col_at(px, py, map, map_w, map_h);
    000020A5                       6852 00337$:
                                   6853 ;include/player.h:105: IS_HAZARD(col_point(hx2, hy2, map, map_w, map_h))) {
    000020A5 79               [ 4] 6854 	ld	a, c
    000020A6 D6 03            [ 8] 6855 	sub	a, #0x03
    000020A8 CArD1r21         [16] 6856 	jp	Z, 00368$
                                   6857 ;include/collision.h:53: if (world_py < 0) return COL_NONE;            // above map = sky
    000020AB F8 2F            [12] 6858 	ldhl	sp,	#47
    000020AD 7E               [ 8] 6859 	ld	a, (hl)
    000020AE B7               [ 4] 6860 	or	a, a
    000020AF 28 04            [12] 6861 	jr	Z, 00341$
    000020B1 0E 00            [ 8] 6862 	ld	c, #0x00
    000020B3 18 4F            [12] 6863 	jr	00346$
    000020B5                       6864 00341$:
                                   6865 ;include/collision.h:54: uint16_t mx = world_px >> 4;                  // pixel → metatile col
    000020B5 F8 30            [12] 6866 	ldhl	sp,	#48
    000020B7 7E               [ 8] 6867 	ld	a, (hl)
    000020B8 F8 2D            [12] 6868 	ldhl	sp,	#45
    000020BA 77               [ 8] 6869 	ld	(hl), a
    000020BB F8 31            [12] 6870 	ldhl	sp,	#49
    000020BD 7E               [ 8] 6871 	ld	a, (hl)
    000020BE F8 2E            [12] 6872 	ldhl	sp,	#46
    000020C0 77               [ 8] 6873 	ld	(hl), a
                                   6874 ;include/collision.h:55: uint16_t my = (uint16_t)world_py >> 4;        // pixel → metatile row
    000020C1 F8 28            [12] 6875 	ldhl	sp,	#40
    000020C3 2A               [ 8] 6876 	ld	a, (hl+)
    000020C4 5F               [ 4] 6877 	ld	e, a
    000020C5 56               [ 8] 6878 	ld	d, (hl)
                                   6879 ;include/collision.h:56: if (mx >= map_w || my >= map_h) return COL_ALL; // out of bounds = solid
    000020C6 D5               [16] 6880 	push	de
    000020C7 F8 2F            [12] 6881 	ldhl	sp,	#47
    000020C9 5D               [ 4] 6882 	ld	e, l
    000020CA 54               [ 4] 6883 	ld	d, h
    000020CB F8 18            [12] 6884 	ldhl	sp,	#24
    000020CD 1A               [ 8] 6885 	ld	a, (de)
    000020CE 13               [ 8] 6886 	inc	de
    000020CF 96               [ 8] 6887 	sub	a, (hl)
    000020D0 23               [ 8] 6888 	inc	hl
    000020D1 1A               [ 8] 6889 	ld	a, (de)
    000020D2 9E               [ 8] 6890 	sbc	a, (hl)
    000020D3 D1               [12] 6891 	pop	de
    000020D4 30 09            [12] 6892 	jr	NC, 00343$
    000020D6 F8 14            [12] 6893 	ldhl	sp,	#20
    000020D8 7B               [ 4] 6894 	ld	a, e
    000020D9 96               [ 8] 6895 	sub	a, (hl)
    000020DA 23               [ 8] 6896 	inc	hl
    000020DB 7A               [ 4] 6897 	ld	a, d
    000020DC 9E               [ 8] 6898 	sbc	a, (hl)
    000020DD 38 04            [12] 6899 	jr	C, 00344$
    000020DF                       6900 00343$:
    000020DF 0E 07            [ 8] 6901 	ld	c, #0x07
    000020E1 18 21            [12] 6902 	jr	00346$
    000020E3                       6903 00344$:
                                   6904 ;include/collision.h:57: return col_of(map[(uint16_t)my * map_w + mx]);
    000020E3 F8 16            [12] 6905 	ldhl	sp,	#22
    000020E5 2A               [ 8] 6906 	ld	a, (hl+)
    000020E6 4F               [ 4] 6907 	ld	c, a
    000020E7 46               [ 8] 6908 	ld	b, (hl)
    000020E8 CDr00r00         [24] 6909 	call	__mulint
    000020EB F8 2D            [12] 6910 	ldhl	sp,	#45
    000020ED 2A               [ 8] 6911 	ld	a,	(hl+)
    000020EE 66               [ 8] 6912 	ld	h, (hl)
    000020EF 6F               [ 4] 6913 	ld	l, a
    000020F0 09               [ 8] 6914 	add	hl, bc
    000020F1 4D               [ 4] 6915 	ld	c, l
    000020F2 44               [ 4] 6916 	ld	b, h
    000020F3 F8 18            [12] 6917 	ldhl	sp,	#24
    000020F5 2A               [ 8] 6918 	ld	a,	(hl+)
    000020F6 66               [ 8] 6919 	ld	h, (hl)
    000020F7 6F               [ 4] 6920 	ld	l, a
    000020F8 09               [ 8] 6921 	add	hl, bc
    000020F9 4D               [ 4] 6922 	ld	c, l
    000020FA 44               [ 4] 6923 	ld	b, h
    000020FB 0A               [ 8] 6924 	ld	a, (bc)
                                   6925 ;include/collision.h:40: return famidash_metatile_collision[tile_id];
    000020FC 6F               [ 4] 6926 	ld	l, a
    000020FD 26 00            [ 8] 6927 	ld	h, #0x00
    000020FF 11r00r00         [12] 6928 	ld	de, #_famidash_metatile_collision
    00002102 19               [ 8] 6929 	add	hl, de
    00002103 4E               [ 8] 6930 	ld	c, (hl)
                                   6931 ;include/player.h:37: return col_at(px, py, map, map_w, map_h);
    00002104                       6932 00346$:
                                   6933 ;include/player.h:105: IS_HAZARD(col_point(hx2, hy2, map, map_w, map_h))) {
    00002104 79               [ 4] 6934 	ld	a, c
    00002105 D6 04            [ 8] 6935 	sub	a, #0x04
    00002107 CArD1r21         [16] 6936 	jp	Z, 00368$
                                   6937 ;include/collision.h:53: if (world_py < 0) return COL_NONE;            // above map = sky
    0000210A F8 2F            [12] 6938 	ldhl	sp,	#47
    0000210C 7E               [ 8] 6939 	ld	a, (hl)
    0000210D B7               [ 4] 6940 	or	a, a
    0000210E 28 04            [12] 6941 	jr	Z, 00350$
    00002110 0E 00            [ 8] 6942 	ld	c, #0x00
    00002112 18 4F            [12] 6943 	jr	00355$
    00002114                       6944 00350$:
                                   6945 ;include/collision.h:54: uint16_t mx = world_px >> 4;                  // pixel → metatile col
    00002114 F8 30            [12] 6946 	ldhl	sp,	#48
    00002116 7E               [ 8] 6947 	ld	a, (hl)
    00002117 F8 2D            [12] 6948 	ldhl	sp,	#45
    00002119 77               [ 8] 6949 	ld	(hl), a
    0000211A F8 31            [12] 6950 	ldhl	sp,	#49
    0000211C 7E               [ 8] 6951 	ld	a, (hl)
    0000211D F8 2E            [12] 6952 	ldhl	sp,	#46
    0000211F 77               [ 8] 6953 	ld	(hl), a
                                   6954 ;include/collision.h:55: uint16_t my = (uint16_t)world_py >> 4;        // pixel → metatile row
    00002120 F8 28            [12] 6955 	ldhl	sp,	#40
    00002122 2A               [ 8] 6956 	ld	a, (hl+)
    00002123 5F               [ 4] 6957 	ld	e, a
    00002124 56               [ 8] 6958 	ld	d, (hl)
                                   6959 ;include/collision.h:56: if (mx >= map_w || my >= map_h) return COL_ALL; // out of bounds = solid
    00002125 D5               [16] 6960 	push	de
    00002126 F8 2F            [12] 6961 	ldhl	sp,	#47
    00002128 5D               [ 4] 6962 	ld	e, l
    00002129 54               [ 4] 6963 	ld	d, h
    0000212A F8 18            [12] 6964 	ldhl	sp,	#24
    0000212C 1A               [ 8] 6965 	ld	a, (de)
    0000212D 13               [ 8] 6966 	inc	de
    0000212E 96               [ 8] 6967 	sub	a, (hl)
    0000212F 23               [ 8] 6968 	inc	hl
    00002130 1A               [ 8] 6969 	ld	a, (de)
    00002131 9E               [ 8] 6970 	sbc	a, (hl)
    00002132 D1               [12] 6971 	pop	de
    00002133 30 09            [12] 6972 	jr	NC, 00352$
    00002135 F8 14            [12] 6973 	ldhl	sp,	#20
    00002137 7B               [ 4] 6974 	ld	a, e
    00002138 96               [ 8] 6975 	sub	a, (hl)
    00002139 23               [ 8] 6976 	inc	hl
    0000213A 7A               [ 4] 6977 	ld	a, d
    0000213B 9E               [ 8] 6978 	sbc	a, (hl)
    0000213C 38 04            [12] 6979 	jr	C, 00353$
    0000213E                       6980 00352$:
    0000213E 0E 07            [ 8] 6981 	ld	c, #0x07
    00002140 18 21            [12] 6982 	jr	00355$
    00002142                       6983 00353$:
                                   6984 ;include/collision.h:57: return col_of(map[(uint16_t)my * map_w + mx]);
    00002142 F8 16            [12] 6985 	ldhl	sp,	#22
    00002144 2A               [ 8] 6986 	ld	a, (hl+)
    00002145 4F               [ 4] 6987 	ld	c, a
    00002146 46               [ 8] 6988 	ld	b, (hl)
    00002147 CDr00r00         [24] 6989 	call	__mulint
    0000214A F8 2D            [12] 6990 	ldhl	sp,	#45
    0000214C 2A               [ 8] 6991 	ld	a,	(hl+)
    0000214D 66               [ 8] 6992 	ld	h, (hl)
    0000214E 6F               [ 4] 6993 	ld	l, a
    0000214F 09               [ 8] 6994 	add	hl, bc
    00002150 4D               [ 4] 6995 	ld	c, l
    00002151 44               [ 4] 6996 	ld	b, h
    00002152 F8 18            [12] 6997 	ldhl	sp,	#24
    00002154 2A               [ 8] 6998 	ld	a,	(hl+)
    00002155 66               [ 8] 6999 	ld	h, (hl)
    00002156 6F               [ 4] 7000 	ld	l, a
    00002157 09               [ 8] 7001 	add	hl, bc
    00002158 4D               [ 4] 7002 	ld	c, l
    00002159 44               [ 4] 7003 	ld	b, h
    0000215A 0A               [ 8] 7004 	ld	a, (bc)
                                   7005 ;include/collision.h:40: return famidash_metatile_collision[tile_id];
    0000215B 6F               [ 4] 7006 	ld	l, a
    0000215C 26 00            [ 8] 7007 	ld	h, #0x00
    0000215E 11r00r00         [12] 7008 	ld	de, #_famidash_metatile_collision
    00002161 19               [ 8] 7009 	add	hl, de
    00002162 4E               [ 8] 7010 	ld	c, (hl)
                                   7011 ;include/player.h:37: return col_at(px, py, map, map_w, map_h);
    00002163                       7012 00355$:
                                   7013 ;include/player.h:105: IS_HAZARD(col_point(hx2, hy2, map, map_w, map_h))) {
    00002163 79               [ 4] 7014 	ld	a, c
    00002164 D6 02            [ 8] 7015 	sub	a, #0x02
    00002166 28 69            [12] 7016 	jr	Z, 00368$
                                   7017 ;include/collision.h:53: if (world_py < 0) return COL_NONE;            // above map = sky
    00002168 F8 2F            [12] 7018 	ldhl	sp,	#47
    0000216A 7E               [ 8] 7019 	ld	a, (hl)
    0000216B B7               [ 4] 7020 	or	a, a
    0000216C 28 06            [12] 7021 	jr	Z, 00359$
    0000216E 23               [ 8] 7022 	inc	hl
    0000216F 23               [ 8] 7023 	inc	hl
    00002170 36 00            [12] 7024 	ld	(hl), #0x00
    00002172 18 57            [12] 7025 	jr	00364$
    00002174                       7026 00359$:
                                   7027 ;include/collision.h:54: uint16_t mx = world_px >> 4;                  // pixel → metatile col
                                   7028 ;include/collision.h:55: uint16_t my = (uint16_t)world_py >> 4;        // pixel → metatile row
    00002174 F8 28            [12] 7029 	ldhl	sp,	#40
    00002176 7E               [ 8] 7030 	ld	a, (hl)
    00002177 F8 2E            [12] 7031 	ldhl	sp,	#46
    00002179 77               [ 8] 7032 	ld	(hl), a
    0000217A F8 29            [12] 7033 	ldhl	sp,	#41
    0000217C 7E               [ 8] 7034 	ld	a, (hl)
    0000217D F8 2F            [12] 7035 	ldhl	sp,	#47
    0000217F 77               [ 8] 7036 	ld	(hl), a
                                   7037 ;include/collision.h:56: if (mx >= map_w || my >= map_h) return COL_ALL; // out of bounds = solid
    00002180 F8 30            [12] 7038 	ldhl	sp,	#48
    00002182 5D               [ 4] 7039 	ld	e, l
    00002183 54               [ 4] 7040 	ld	d, h
    00002184 F8 16            [12] 7041 	ldhl	sp,	#22
    00002186 1A               [ 8] 7042 	ld	a, (de)
    00002187 13               [ 8] 7043 	inc	de
    00002188 96               [ 8] 7044 	sub	a, (hl)
    00002189 23               [ 8] 7045 	inc	hl
    0000218A 1A               [ 8] 7046 	ld	a, (de)
    0000218B 9E               [ 8] 7047 	sbc	a, (hl)
    0000218C 30 0E            [12] 7048 	jr	NC, 00361$
    0000218E F8 2E            [12] 7049 	ldhl	sp,	#46
    00002190 5D               [ 4] 7050 	ld	e, l
    00002191 54               [ 4] 7051 	ld	d, h
    00002192 F8 14            [12] 7052 	ldhl	sp,	#20
    00002194 1A               [ 8] 7053 	ld	a, (de)
    00002195 13               [ 8] 7054 	inc	de
    00002196 96               [ 8] 7055 	sub	a, (hl)
    00002197 23               [ 8] 7056 	inc	hl
    00002198 1A               [ 8] 7057 	ld	a, (de)
    00002199 9E               [ 8] 7058 	sbc	a, (hl)
    0000219A 38 06            [12] 7059 	jr	C, 00362$
    0000219C                       7060 00361$:
    0000219C F8 31            [12] 7061 	ldhl	sp,	#49
    0000219E 36 07            [12] 7062 	ld	(hl), #0x07
    000021A0 18 29            [12] 7063 	jr	00364$
    000021A2                       7064 00362$:
                                   7065 ;include/collision.h:57: return col_of(map[(uint16_t)my * map_w + mx]);
    000021A2 F8 16            [12] 7066 	ldhl	sp,	#22
    000021A4 2A               [ 8] 7067 	ld	a, (hl+)
    000021A5 4F               [ 4] 7068 	ld	c, a
    000021A6 46               [ 8] 7069 	ld	b, (hl)
    000021A7 F8 2E            [12] 7070 	ldhl	sp,	#46
    000021A9 2A               [ 8] 7071 	ld	a, (hl+)
    000021AA 5F               [ 4] 7072 	ld	e, a
    000021AB 56               [ 8] 7073 	ld	d, (hl)
    000021AC CDr00r00         [24] 7074 	call	__mulint
    000021AF F8 30            [12] 7075 	ldhl	sp,	#48
    000021B1 2A               [ 8] 7076 	ld	a,	(hl+)
    000021B2 66               [ 8] 7077 	ld	h, (hl)
    000021B3 6F               [ 4] 7078 	ld	l, a
    000021B4 09               [ 8] 7079 	add	hl, bc
    000021B5 4D               [ 4] 7080 	ld	c, l
    000021B6 44               [ 4] 7081 	ld	b, h
    000021B7 F8 18            [12] 7082 	ldhl	sp,	#24
    000021B9 2A               [ 8] 7083 	ld	a,	(hl+)
    000021BA 66               [ 8] 7084 	ld	h, (hl)
    000021BB 6F               [ 4] 7085 	ld	l, a
    000021BC 09               [ 8] 7086 	add	hl, bc
    000021BD 4D               [ 4] 7087 	ld	c, l
    000021BE 44               [ 4] 7088 	ld	b, h
    000021BF 0A               [ 8] 7089 	ld	a, (bc)
                                   7090 ;include/collision.h:40: return famidash_metatile_collision[tile_id];
    000021C0 6F               [ 4] 7091 	ld	l, a
    000021C1 26 00            [ 8] 7092 	ld	h, #0x00
    000021C3 11r00r00         [12] 7093 	ld	de, #_famidash_metatile_collision
    000021C6 19               [ 8] 7094 	add	hl, de
    000021C7 7E               [ 8] 7095 	ld	a, (hl)
    000021C8 F8 31            [12] 7096 	ldhl	sp,	#49
    000021CA 77               [ 8] 7097 	ld	(hl), a
                                   7098 ;include/player.h:37: return col_at(px, py, map, map_w, map_h);
    000021CB                       7099 00364$:
                                   7100 ;include/player.h:105: IS_HAZARD(col_point(hx2, hy2, map, map_w, map_h))) {
    000021CB F8 31            [12] 7101 	ldhl	sp,	#49
    000021CD 7E               [ 8] 7102 	ld	a, (hl)
    000021CE 3D               [ 4] 7103 	dec	a
    000021CF 20 0B            [12] 7104 	jr	NZ, 00369$
    000021D1                       7105 00368$:
                                   7106 ;include/player.h:106: p->dead = 1;
    000021D1 F8 07            [12] 7107 	ldhl	sp,	#7
    000021D3 36 01            [12] 7108 	ld	(hl), #0x01
                                   7109 ;include/player.h:107: return 1;
    000021D5 F8 31            [12] 7110 	ldhl	sp,	#49
    000021D7 36 01            [12] 7111 	ld	(hl), #0x01
    000021D9 C3rE9r23         [16] 7112 	jp	00397$
    000021DC                       7113 00369$:
                                   7114 ;include/player.h:111: uint8_t cm_l = col_point(p->world_x,               p->world_y + 7, map, map_w, map_h);
    000021DC F8 25            [12] 7115 	ldhl	sp,#37
    000021DE 2A               [ 8] 7116 	ld	a, (hl+)
    000021DF 5F               [ 4] 7117 	ld	e, a
    000021E0 56               [ 8] 7118 	ld	d, (hl)
    000021E1 21 07 00         [12] 7119 	ld	hl, #0x0007
    000021E4 19               [ 8] 7120 	add	hl, de
    000021E5 4D               [ 4] 7121 	ld	c, l
    000021E6 7C               [ 4] 7122 	ld	a, h
    000021E7 F8 2C            [12] 7123 	ldhl	sp,	#44
    000021E9 71               [ 8] 7124 	ld	(hl), c
    000021EA 23               [ 8] 7125 	inc	hl
    000021EB 32               [ 8] 7126 	ld	(hl-), a
    000021EC 2A               [ 8] 7127 	ld	a, (hl+)
    000021ED 23               [ 8] 7128 	inc	hl
    000021EE 32               [ 8] 7129 	ld	(hl-), a
    000021EF 2A               [ 8] 7130 	ld	a, (hl+)
    000021F0 23               [ 8] 7131 	inc	hl
    000021F1 77               [ 8] 7132 	ld	(hl), a
    000021F2 F8 1D            [12] 7133 	ldhl	sp,	#29
    000021F4 7E               [ 8] 7134 	ld	a, (hl)
    000021F5 F8 30            [12] 7135 	ldhl	sp,	#48
    000021F7 77               [ 8] 7136 	ld	(hl), a
    000021F8 F8 1E            [12] 7137 	ldhl	sp,	#30
    000021FA 7E               [ 8] 7138 	ld	a, (hl)
    000021FB F8 31            [12] 7139 	ldhl	sp,	#49
    000021FD 77               [ 8] 7140 	ld	(hl), a
    000021FE F8 2E            [12] 7141 	ldhl	sp,	#46
    00002200 2A               [ 8] 7142 	ld	a, (hl+)
    00002201 CB 7E            [12] 7143 	bit	7, (hl)
    00002203 28 07            [12] 7144 	jr	Z, 00371$
    00002205 23               [ 8] 7145 	inc	hl
    00002206 23               [ 8] 7146 	inc	hl
    00002207 36 00            [12] 7147 	ld	(hl), #0x00
    00002209 C3r90r22         [16] 7148 	jp	00376$
    0000220C                       7149 00371$:
                                   7150 ;include/collision.h:54: uint16_t mx = world_px >> 4;                  // pixel → metatile col
    0000220C F8 31            [12] 7151 	ldhl	sp,	#49
    0000220E CB 3E            [16] 7152 	srl	(hl)
    00002210 2B               [ 8] 7153 	dec	hl
    00002211 CB 1E            [16] 7154 	rr	(hl)
    00002213 23               [ 8] 7155 	inc	hl
    00002214 CB 3E            [16] 7156 	srl	(hl)
    00002216 2B               [ 8] 7157 	dec	hl
    00002217 CB 1E            [16] 7158 	rr	(hl)
    00002219 23               [ 8] 7159 	inc	hl
    0000221A CB 3E            [16] 7160 	srl	(hl)
    0000221C 2B               [ 8] 7161 	dec	hl
    0000221D CB 1E            [16] 7162 	rr	(hl)
    0000221F 23               [ 8] 7163 	inc	hl
    00002220 CB 3E            [16] 7164 	srl	(hl)
    00002222 2B               [ 8] 7165 	dec	hl
    00002223 CB 1E            [16] 7166 	rr	(hl)
                                   7167 ;include/collision.h:55: uint16_t my = (uint16_t)world_py >> 4;        // pixel → metatile row
    00002225 2B               [ 8] 7168 	dec	hl
    00002226 2B               [ 8] 7169 	dec	hl
    00002227 2A               [ 8] 7170 	ld	a, (hl+)
    00002228 4F               [ 4] 7171 	ld	c, a
    00002229 3A               [ 8] 7172 	ld	a, (hl-)
    0000222A 47               [ 4] 7173 	ld	b, a
    0000222B 79               [ 4] 7174 	ld	a, c
    0000222C 22               [ 8] 7175 	ld	(hl+), a
    0000222D 70               [ 8] 7176 	ld	(hl), b
    0000222E CB 3E            [16] 7177 	srl	(hl)
    00002230 2B               [ 8] 7178 	dec	hl
    00002231 CB 1E            [16] 7179 	rr	(hl)
    00002233 23               [ 8] 7180 	inc	hl
    00002234 CB 3E            [16] 7181 	srl	(hl)
    00002236 2B               [ 8] 7182 	dec	hl
    00002237 CB 1E            [16] 7183 	rr	(hl)
    00002239 23               [ 8] 7184 	inc	hl
    0000223A CB 3E            [16] 7185 	srl	(hl)
    0000223C 2B               [ 8] 7186 	dec	hl
    0000223D CB 1E            [16] 7187 	rr	(hl)
    0000223F 23               [ 8] 7188 	inc	hl
    00002240 CB 3E            [16] 7189 	srl	(hl)
    00002242 2B               [ 8] 7190 	dec	hl
    00002243 CB 1E            [16] 7191 	rr	(hl)
                                   7192 ;include/player.h:111: uint8_t cm_l = col_point(p->world_x,               p->world_y + 7, map, map_w, map_h);
    00002245 F8 30            [12] 7193 	ldhl	sp,	#48
    00002247 5D               [ 4] 7194 	ld	e, l
    00002248 54               [ 4] 7195 	ld	d, h
    00002249 F8 16            [12] 7196 	ldhl	sp,	#22
    0000224B 1A               [ 8] 7197 	ld	a, (de)
    0000224C 13               [ 8] 7198 	inc	de
    0000224D 96               [ 8] 7199 	sub	a, (hl)
    0000224E 23               [ 8] 7200 	inc	hl
    0000224F 1A               [ 8] 7201 	ld	a, (de)
    00002250 9E               [ 8] 7202 	sbc	a, (hl)
    00002251 30 0E            [12] 7203 	jr	NC, 00373$
    00002253 F8 2E            [12] 7204 	ldhl	sp,	#46
    00002255 5D               [ 4] 7205 	ld	e, l
    00002256 54               [ 4] 7206 	ld	d, h
    00002257 F8 14            [12] 7207 	ldhl	sp,	#20
    00002259 1A               [ 8] 7208 	ld	a, (de)
    0000225A 13               [ 8] 7209 	inc	de
    0000225B 96               [ 8] 7210 	sub	a, (hl)
    0000225C 23               [ 8] 7211 	inc	hl
    0000225D 1A               [ 8] 7212 	ld	a, (de)
    0000225E 9E               [ 8] 7213 	sbc	a, (hl)
    0000225F 38 06            [12] 7214 	jr	C, 00374$
    00002261                       7215 00373$:
    00002261 F8 31            [12] 7216 	ldhl	sp,	#49
    00002263 36 07            [12] 7217 	ld	(hl), #0x07
    00002265 18 29            [12] 7218 	jr	00376$
    00002267                       7219 00374$:
    00002267 F8 16            [12] 7220 	ldhl	sp,	#22
    00002269 2A               [ 8] 7221 	ld	a, (hl+)
    0000226A 4F               [ 4] 7222 	ld	c, a
    0000226B 46               [ 8] 7223 	ld	b, (hl)
    0000226C F8 2E            [12] 7224 	ldhl	sp,	#46
    0000226E 2A               [ 8] 7225 	ld	a, (hl+)
    0000226F 5F               [ 4] 7226 	ld	e, a
    00002270 56               [ 8] 7227 	ld	d, (hl)
    00002271 CDr00r00         [24] 7228 	call	__mulint
    00002274 F8 30            [12] 7229 	ldhl	sp,	#48
    00002276 2A               [ 8] 7230 	ld	a,	(hl+)
    00002277 66               [ 8] 7231 	ld	h, (hl)
    00002278 6F               [ 4] 7232 	ld	l, a
    00002279 09               [ 8] 7233 	add	hl, bc
    0000227A 4D               [ 4] 7234 	ld	c, l
    0000227B 44               [ 4] 7235 	ld	b, h
    0000227C F8 18            [12] 7236 	ldhl	sp,	#24
    0000227E 2A               [ 8] 7237 	ld	a,	(hl+)
    0000227F 66               [ 8] 7238 	ld	h, (hl)
    00002280 6F               [ 4] 7239 	ld	l, a
    00002281 09               [ 8] 7240 	add	hl, bc
    00002282 4D               [ 4] 7241 	ld	c, l
    00002283 44               [ 4] 7242 	ld	b, h
    00002284 0A               [ 8] 7243 	ld	a, (bc)
    00002285 6F               [ 4] 7244 	ld	l, a
    00002286 26 00            [ 8] 7245 	ld	h, #0x00
    00002288 11r00r00         [12] 7246 	ld	de, #_famidash_metatile_collision
    0000228B 19               [ 8] 7247 	add	hl, de
    0000228C 7E               [ 8] 7248 	ld	a, (hl)
    0000228D F8 31            [12] 7249 	ldhl	sp,	#49
    0000228F 77               [ 8] 7250 	ld	(hl), a
    00002290                       7251 00376$:
    00002290 F8 31            [12] 7252 	ldhl	sp,	#49
    00002292 3A               [ 8] 7253 	ld	a, (hl-)
    00002293 2B               [ 8] 7254 	dec	hl
    00002294 77               [ 8] 7255 	ld	(hl), a
                                   7256 ;include/player.h:112: uint8_t cm_r = col_point(p->world_x + PLAYER_SIZE,  p->world_y + 7, map, map_w, map_h);
    00002295 F8 2C            [12] 7257 	ldhl	sp,	#44
    00002297 7E               [ 8] 7258 	ld	a, (hl)
    00002298 F8 30            [12] 7259 	ldhl	sp,	#48
    0000229A 77               [ 8] 7260 	ld	(hl), a
    0000229B F8 2D            [12] 7261 	ldhl	sp,	#45
    0000229D 7E               [ 8] 7262 	ld	a, (hl)
    0000229E F8 31            [12] 7263 	ldhl	sp,	#49
    000022A0 77               [ 8] 7264 	ld	(hl), a
    000022A1 F8 1F            [12] 7265 	ldhl	sp,#31
    000022A3 2A               [ 8] 7266 	ld	a, (hl+)
    000022A4 5F               [ 4] 7267 	ld	e, a
    000022A5 56               [ 8] 7268 	ld	d, (hl)
    000022A6 21 0F 00         [12] 7269 	ld	hl, #0x000f
    000022A9 19               [ 8] 7270 	add	hl, de
    000022AA 4D               [ 4] 7271 	ld	c, l
    000022AB 7C               [ 4] 7272 	ld	a, h
    000022AC F8 2D            [12] 7273 	ldhl	sp,	#45
    000022AE 71               [ 8] 7274 	ld	(hl), c
    000022AF 23               [ 8] 7275 	inc	hl
    000022B0 22               [ 8] 7276 	ld	(hl+), a
    000022B1 23               [ 8] 7277 	inc	hl
    000022B2 2A               [ 8] 7278 	ld	a, (hl+)
    000022B3 CB 7E            [12] 7279 	bit	7, (hl)
    000022B5 28 05            [12] 7280 	jr	Z, 00379$
    000022B7 36 00            [12] 7281 	ld	(hl), #0x00
    000022B9 C3r6Dr23         [16] 7282 	jp	00384$
    000022BC                       7283 00379$:
                                   7284 ;include/collision.h:54: uint16_t mx = world_px >> 4;                  // pixel → metatile col
    000022BC F8 2E            [12] 7285 	ldhl	sp,	#46
    000022BE CB 3E            [16] 7286 	srl	(hl)
    000022C0 2B               [ 8] 7287 	dec	hl
    000022C1 CB 1E            [16] 7288 	rr	(hl)
    000022C3 23               [ 8] 7289 	inc	hl
    000022C4 CB 3E            [16] 7290 	srl	(hl)
    000022C6 2B               [ 8] 7291 	dec	hl
    000022C7 CB 1E            [16] 7292 	rr	(hl)
    000022C9 23               [ 8] 7293 	inc	hl
    000022CA CB 3E            [16] 7294 	srl	(hl)
    000022CC 2B               [ 8] 7295 	dec	hl
    000022CD CB 1E            [16] 7296 	rr	(hl)
    000022CF 23               [ 8] 7297 	inc	hl
    000022D0 CB 3E            [16] 7298 	srl	(hl)
    000022D2 2B               [ 8] 7299 	dec	hl
    000022D3 CB 1E            [16] 7300 	rr	(hl)
                                   7301 ;include/collision.h:55: uint16_t my = (uint16_t)world_py >> 4;        // pixel → metatile row
    000022D5 F8 30            [12] 7302 	ldhl	sp,	#48
    000022D7 2A               [ 8] 7303 	ld	a, (hl+)
    000022D8 4F               [ 4] 7304 	ld	c, a
    000022D9 3A               [ 8] 7305 	ld	a, (hl-)
    000022DA 47               [ 4] 7306 	ld	b, a
    000022DB 79               [ 4] 7307 	ld	a, c
    000022DC 22               [ 8] 7308 	ld	(hl+), a
    000022DD 70               [ 8] 7309 	ld	(hl), b
    000022DE CB 3E            [16] 7310 	srl	(hl)
    000022E0 2B               [ 8] 7311 	dec	hl
    000022E1 CB 1E            [16] 7312 	rr	(hl)
    000022E3 23               [ 8] 7313 	inc	hl
    000022E4 CB 3E            [16] 7314 	srl	(hl)
    000022E6 2B               [ 8] 7315 	dec	hl
    000022E7 CB 1E            [16] 7316 	rr	(hl)
    000022E9 23               [ 8] 7317 	inc	hl
    000022EA CB 3E            [16] 7318 	srl	(hl)
    000022EC 2B               [ 8] 7319 	dec	hl
    000022ED CB 1E            [16] 7320 	rr	(hl)
    000022EF 23               [ 8] 7321 	inc	hl
    000022F0 CB 3E            [16] 7322 	srl	(hl)
    000022F2 2B               [ 8] 7323 	dec	hl
    000022F3 CB 1E            [16] 7324 	rr	(hl)
                                   7325 ;include/player.h:112: uint8_t cm_r = col_point(p->world_x + PLAYER_SIZE,  p->world_y + 7, map, map_w, map_h);
    000022F5 F8 2D            [12] 7326 	ldhl	sp,	#45
    000022F7 5D               [ 4] 7327 	ld	e, l
    000022F8 54               [ 4] 7328 	ld	d, h
    000022F9 F8 16            [12] 7329 	ldhl	sp,	#22
    000022FB 1A               [ 8] 7330 	ld	a, (de)
    000022FC 13               [ 8] 7331 	inc	de
    000022FD 96               [ 8] 7332 	sub	a, (hl)
    000022FE 23               [ 8] 7333 	inc	hl
    000022FF 1A               [ 8] 7334 	ld	a, (de)
    00002300 9E               [ 8] 7335 	sbc	a, (hl)
    00002301 30 0E            [12] 7336 	jr	NC, 00381$
    00002303 F8 30            [12] 7337 	ldhl	sp,	#48
    00002305 5D               [ 4] 7338 	ld	e, l
    00002306 54               [ 4] 7339 	ld	d, h
    00002307 F8 14            [12] 7340 	ldhl	sp,	#20
    00002309 1A               [ 8] 7341 	ld	a, (de)
    0000230A 13               [ 8] 7342 	inc	de
    0000230B 96               [ 8] 7343 	sub	a, (hl)
    0000230C 23               [ 8] 7344 	inc	hl
    0000230D 1A               [ 8] 7345 	ld	a, (de)
    0000230E 9E               [ 8] 7346 	sbc	a, (hl)
    0000230F 38 06            [12] 7347 	jr	C, 00382$
    00002311                       7348 00381$:
    00002311 F8 31            [12] 7349 	ldhl	sp,	#49
    00002313 36 07            [12] 7350 	ld	(hl), #0x07
    00002315 18 56            [12] 7351 	jr	00384$
    00002317                       7352 00382$:
    00002317 F8 16            [12] 7353 	ldhl	sp,	#22
    00002319 2A               [ 8] 7354 	ld	a, (hl+)
    0000231A 4F               [ 4] 7355 	ld	c, a
    0000231B 46               [ 8] 7356 	ld	b, (hl)
    0000231C F8 30            [12] 7357 	ldhl	sp,	#48
    0000231E 2A               [ 8] 7358 	ld	a, (hl+)
    0000231F 5F               [ 4] 7359 	ld	e, a
    00002320 56               [ 8] 7360 	ld	d, (hl)
    00002321 CDr00r00         [24] 7361 	call	__mulint
    00002324 F8 2B            [12] 7362 	ldhl	sp,	#43
    00002326 79               [ 4] 7363 	ld	a, c
    00002327 22               [ 8] 7364 	ld	(hl+), a
    00002328 70               [ 8] 7365 	ld	(hl), b
    00002329 F8 2B            [12] 7366 	ldhl	sp,#43
    0000232B 2A               [ 8] 7367 	ld	a, (hl+)
    0000232C 5F               [ 4] 7368 	ld	e, a
    0000232D 2A               [ 8] 7369 	ld	a, (hl+)
    0000232E 57               [ 4] 7370 	ld	d, a
    0000232F 2A               [ 8] 7371 	ld	a,	(hl+)
    00002330 66               [ 8] 7372 	ld	h, (hl)
    00002331 6F               [ 4] 7373 	ld	l, a
    00002332 19               [ 8] 7374 	add	hl, de
    00002333 E5               [16] 7375 	push	hl
    00002334 7D               [ 4] 7376 	ld	a, l
    00002335 F8 32            [12] 7377 	ldhl	sp,	#50
    00002337 77               [ 8] 7378 	ld	(hl), a
    00002338 E1               [12] 7379 	pop	hl
    00002339 7C               [ 4] 7380 	ld	a, h
    0000233A F8 31            [12] 7381 	ldhl	sp,	#49
    0000233C 32               [ 8] 7382 	ld	(hl-), a
    0000233D 2A               [ 8] 7383 	ld	a, (hl+)
    0000233E 5F               [ 4] 7384 	ld	e, a
    0000233F 56               [ 8] 7385 	ld	d, (hl)
    00002340 F8 18            [12] 7386 	ldhl	sp,	#24
    00002342 2A               [ 8] 7387 	ld	a,	(hl+)
    00002343 66               [ 8] 7388 	ld	h, (hl)
    00002344 6F               [ 4] 7389 	ld	l, a
    00002345 19               [ 8] 7390 	add	hl, de
    00002346 E5               [16] 7391 	push	hl
    00002347 7D               [ 4] 7392 	ld	a, l
    00002348 F8 2F            [12] 7393 	ldhl	sp,	#47
    0000234A 77               [ 8] 7394 	ld	(hl), a
    0000234B E1               [12] 7395 	pop	hl
    0000234C 7C               [ 4] 7396 	ld	a, h
    0000234D F8 2E            [12] 7397 	ldhl	sp,	#46
    0000234F 32               [ 8] 7398 	ld	(hl-), a
    00002350 2A               [ 8] 7399 	ld	a, (hl+)
    00002351 5F               [ 4] 7400 	ld	e, a
    00002352 56               [ 8] 7401 	ld	d, (hl)
    00002353 1A               [ 8] 7402 	ld	a, (de)
    00002354 F8 31            [12] 7403 	ldhl	sp,	#49
    00002356 77               [ 8] 7404 	ld	(hl), a
    00002357 5E               [ 8] 7405 	ld	e, (hl)
    00002358 16 00            [ 8] 7406 	ld	d, #0x00
    0000235A 21r00r00         [12] 7407 	ld	hl, #_famidash_metatile_collision
    0000235D 19               [ 8] 7408 	add	hl, de
    0000235E E5               [16] 7409 	push	hl
    0000235F 7D               [ 4] 7410 	ld	a, l
    00002360 F8 32            [12] 7411 	ldhl	sp,	#50
    00002362 77               [ 8] 7412 	ld	(hl), a
    00002363 E1               [12] 7413 	pop	hl
    00002364 7C               [ 4] 7414 	ld	a, h
    00002365 F8 31            [12] 7415 	ldhl	sp,	#49
    00002367 32               [ 8] 7416 	ld	(hl-), a
    00002368 2A               [ 8] 7417 	ld	a, (hl+)
    00002369 5F               [ 4] 7418 	ld	e, a
    0000236A 56               [ 8] 7419 	ld	d, (hl)
    0000236B 1A               [ 8] 7420 	ld	a, (de)
    0000236C 77               [ 8] 7421 	ld	(hl), a
    0000236D                       7422 00384$:
                                   7423 ;include/player.h:113: if (IS_SOLID(cm_l) || IS_SOLID(cm_r)) {
    0000236D F8 2F            [12] 7424 	ldhl	sp,	#47
    0000236F 7E               [ 8] 7425 	ld	a, (hl)
    00002370 D6 07            [ 8] 7426 	sub	a, #0x07
    00002372 28 31            [12] 7427 	jr	Z, 00393$
    00002374 F8 2F            [12] 7428 	ldhl	sp,	#47
    00002376 7E               [ 8] 7429 	ld	a, (hl)
    00002377 D6 09            [ 8] 7430 	sub	a, #0x09
    00002379 28 2A            [12] 7431 	jr	Z, 00393$
    0000237B F8 2F            [12] 7432 	ldhl	sp,	#47
    0000237D 7E               [ 8] 7433 	ld	a, (hl)
    0000237E D6 05            [ 8] 7434 	sub	a, #0x05
    00002380 28 23            [12] 7435 	jr	Z, 00393$
    00002382 F8 2F            [12] 7436 	ldhl	sp,	#47
    00002384 7E               [ 8] 7437 	ld	a, (hl)
    00002385 D6 06            [ 8] 7438 	sub	a, #0x06
    00002387 28 1C            [12] 7439 	jr	Z, 00393$
    00002389 F8 31            [12] 7440 	ldhl	sp,	#49
    0000238B 7E               [ 8] 7441 	ld	a, (hl)
    0000238C D6 07            [ 8] 7442 	sub	a, #0x07
    0000238E 28 15            [12] 7443 	jr	Z, 00393$
    00002390 F8 31            [12] 7444 	ldhl	sp,	#49
    00002392 7E               [ 8] 7445 	ld	a, (hl)
    00002393 D6 09            [ 8] 7446 	sub	a, #0x09
    00002395 28 0E            [12] 7447 	jr	Z, 00393$
    00002397 F8 31            [12] 7448 	ldhl	sp,	#49
    00002399 7E               [ 8] 7449 	ld	a, (hl)
    0000239A D6 05            [ 8] 7450 	sub	a, #0x05
    0000239C 28 07            [12] 7451 	jr	Z, 00393$
    0000239E F8 31            [12] 7452 	ldhl	sp,	#49
    000023A0 7E               [ 8] 7453 	ld	a, (hl)
    000023A1 D6 06            [ 8] 7454 	sub	a, #0x06
    000023A3 20 0A            [12] 7455 	jr	NZ, 00394$
    000023A5                       7456 00393$:
                                   7457 ;include/player.h:114: p->dead = 1;
    000023A5 F8 07            [12] 7458 	ldhl	sp,	#7
    000023A7 36 01            [12] 7459 	ld	(hl), #0x01
                                   7460 ;include/player.h:115: return 1;
    000023A9 F8 31            [12] 7461 	ldhl	sp,	#49
    000023AB 36 01            [12] 7462 	ld	(hl), #0x01
    000023AD 18 3A            [12] 7463 	jr	00397$
    000023AF                       7464 00394$:
                                   7465 ;include/player.h:119: if (p->world_y > (int16_t)((uint16_t)map_h << 4)) {
    000023AF F8 1A            [12] 7466 	ldhl	sp,	#26
    000023B1 7E               [ 8] 7467 	ld	a, (hl)
    000023B2 F8 30            [12] 7468 	ldhl	sp,	#48
    000023B4 77               [ 8] 7469 	ld	(hl), a
    000023B5 F8 1B            [12] 7470 	ldhl	sp,	#27
    000023B7 7E               [ 8] 7471 	ld	a, (hl)
    000023B8 F8 31            [12] 7472 	ldhl	sp,	#49
    000023BA 77               [ 8] 7473 	ld	(hl), a
    000023BB F8 30            [12] 7474 	ldhl	sp,	#48
    000023BD 5D               [ 4] 7475 	ld	e, l
    000023BE 54               [ 4] 7476 	ld	d, h
    000023BF F8 23            [12] 7477 	ldhl	sp,	#35
    000023C1 1A               [ 8] 7478 	ld	a, (de)
    000023C2 13               [ 8] 7479 	inc	de
    000023C3 96               [ 8] 7480 	sub	a, (hl)
    000023C4 23               [ 8] 7481 	inc	hl
    000023C5 1A               [ 8] 7482 	ld	a, (de)
    000023C6 9E               [ 8] 7483 	sbc	a, (hl)
    000023C7 1A               [ 8] 7484 	ld	a, (de)
    000023C8 57               [ 4] 7485 	ld	d, a
    000023C9 CB 7E            [12] 7486 	bit	7, (hl)
    000023CB 28 07            [12] 7487 	jr	Z, 01263$
    000023CD CB 7A            [ 8] 7488 	bit	7, d
    000023CF 20 08            [12] 7489 	jr	NZ, 01264$
    000023D1 BF               [ 4] 7490 	cp	a, a
    000023D2 18 05            [12] 7491 	jr	01264$
    000023D4                       7492 01263$:
    000023D4 CB 7A            [ 8] 7493 	bit	7, d
    000023D6 28 01            [12] 7494 	jr	Z, 01264$
    000023D8 37               [ 4] 7495 	scf
    000023D9                       7496 01264$:
    000023D9 30 0A            [12] 7497 	jr	NC, 00396$
                                   7498 ;include/player.h:120: p->dead = 1;
    000023DB F8 07            [12] 7499 	ldhl	sp,	#7
    000023DD 36 01            [12] 7500 	ld	(hl), #0x01
                                   7501 ;include/player.h:121: return 1;
    000023DF F8 31            [12] 7502 	ldhl	sp,	#49
    000023E1 36 01            [12] 7503 	ld	(hl), #0x01
    000023E3 18 04            [12] 7504 	jr	00397$
    000023E5                       7505 00396$:
                                   7506 ;include/player.h:124: return 0;
    000023E5 F8 31            [12] 7507 	ldhl	sp,	#49
    000023E7 36 00            [12] 7508 	ld	(hl), #0x00
                                   7509 ;src/main.c:174: died = player_update(&player, joy, map, map_w, map_h);
    000023E9                       7510 00397$:
                                   7511 ;src/main.c:175: SWITCH_ROM(_prev);
    000023E9 F8 1C            [12] 7512 	ldhl	sp,	#28
    000023EB 7E               [ 8] 7513 	ld	a, (hl)
    000023EC E0r00            [12] 7514 	ldh	(__current_bank + 0), a
    000023EE 7E               [ 8] 7515 	ld	a, (hl)
    000023EF EAr00r00         [16] 7516 	ld	(#_rROMB0),a
                                   7517 ;include/player.h:27: p->world_y   = start_y;
                                   7518 ;src/main.c:177: if (died) {
    000023F2 F8 31            [12] 7519 	ldhl	sp,	#49
    000023F4 7E               [ 8] 7520 	ld	a, (hl)
    000023F5 B7               [ 4] 7521 	or	a, a
    000023F6 28 3D            [12] 7522 	jr	Z, 00114$
                                   7523 ;src/main.c:178: cam_px = 0;
    000023F8 AF               [ 4] 7524 	xor	a, a
    000023F9 F8 0E            [12] 7525 	ldhl	sp,	#14
    000023FB 22               [ 8] 7526 	ld	(hl+), a
                                   7527 ;src/main.c:179: loaded_r = BKG_MT_W - 1;
    000023FC 22               [ 8] 7528 	ld	(hl+), a
    000023FD 3E 0F            [ 8] 7529 	ld	a, #0x0f
    000023FF 22               [ 8] 7530 	ld	(hl+), a
    00002400 AF               [ 4] 7531 	xor	a, a
    00002401 77               [ 8] 7532 	ld	(hl), a
                                   7533 ;include/player.h:26: p->world_x   = start_x;
    00002402 F8 00            [12] 7534 	ldhl	sp,	#0
    00002404 3E 20            [ 8] 7535 	ld	a, #0x20
    00002406 22               [ 8] 7536 	ld	(hl+), a
    00002407 AF               [ 4] 7537 	xor	a, a
                                   7538 ;include/player.h:27: p->world_y   = start_y;
    00002408 22               [ 8] 7539 	ld	(hl+), a
    00002409 3E A0            [ 8] 7540 	ld	a, #0xa0
    0000240B 22               [ 8] 7541 	ld	(hl+), a
                                   7542 ;include/player.h:28: p->vel_y     = 0;
    0000240C AF               [ 4] 7543 	xor	a, a
    0000240D 22               [ 8] 7544 	ld	(hl+), a
    0000240E 22               [ 8] 7545 	ld	(hl+), a
                                   7546 ;include/player.h:29: p->on_ground = 0;
    0000240F 22               [ 8] 7547 	ld	(hl+), a
                                   7548 ;include/player.h:30: p->dead      = 0;
    00002410 AF               [ 4] 7549 	xor	a, a
    00002411 22               [ 8] 7550 	ld	(hl+), a
    00002412 77               [ 8] 7551 	ld	(hl), a
                                   7552 ;c:\gbdk\include\gb\gb.h:1461: SCX_REG=x, SCY_REG=y;
    00002413 AF               [ 4] 7553 	xor	a, a
    00002414 E0r00            [12] 7554 	ldh	(_SCX_REG + 0), a
    00002416 3E 70            [ 8] 7555 	ld	a, #0x70
    00002418 E0r00            [12] 7556 	ldh	(_SCY_REG + 0), a
                                   7557 ;src/main.c:182: fill_scroll_bg(map, map_w, map_h, l->map_bank);
    0000241A F8 12            [12] 7558 	ldhl	sp,#18
    0000241C 2A               [ 8] 7559 	ld	a, (hl+)
    0000241D 5F               [ 4] 7560 	ld	e, a
    0000241E 56               [ 8] 7561 	ld	d, (hl)
    0000241F 1A               [ 8] 7562 	ld	a, (de)
    00002420 F5               [16] 7563 	push	af
    00002421 33               [ 8] 7564 	inc	sp
    00002422 F8 0D            [12] 7565 	ldhl	sp,	#13
    00002424 2A               [ 8] 7566 	ld	a, (hl+)
    00002425 5F               [ 4] 7567 	ld	e, a
    00002426 56               [ 8] 7568 	ld	d, (hl)
    00002427 D5               [16] 7569 	push	de
    00002428 F8 0D            [12] 7570 	ldhl	sp,	#13
    0000242A 2A               [ 8] 7571 	ld	a, (hl+)
    0000242B 4F               [ 4] 7572 	ld	c, a
    0000242C 46               [ 8] 7573 	ld	b, (hl)
    0000242D F8 0B            [12] 7574 	ldhl	sp,	#11
    0000242F 2A               [ 8] 7575 	ld	a, (hl+)
    00002430 5F               [ 4] 7576 	ld	e, a
    00002431 56               [ 8] 7577 	ld	d, (hl)
    00002432 CDr62r12         [24] 7578 	call	_fill_scroll_bg
    00002435                       7579 00114$:
                                   7580 ;include/player.h:128: return p->world_y - (int16_t)cam_py;
    00002435 F8 02            [12] 7581 	ldhl	sp,	#2
    00002437 7E               [ 8] 7582 	ld	a, (hl)
    00002438 C6 90            [ 8] 7583 	add	a, #0x90
                                   7584 ;src/main.c:188: move_sprite(0, PLAYER_SCREEN_X + 8,     py + 16);
    0000243A 4F               [ 4] 7585 	ld	c, a
    0000243B C6 10            [ 8] 7586 	add	a, #0x10
                                   7587 ;c:\gbdk\include\gb\gb.h:1973: OAM_item_t * itm = &shadow_OAM[nb];
                                   7588 ;c:\gbdk\include\gb\gb.h:1974: itm->y=y, itm->x=x;
    0000243D 47               [ 4] 7589 	ld	b, a
    0000243E 21r00r00         [12] 7590 	ld	hl, #_shadow_OAM
    00002441 22               [ 8] 7591 	ld	(hl+), a
    00002442 36 28            [12] 7592 	ld	(hl), #0x28
                                   7593 ;c:\gbdk\include\gb\gb.h:1973: OAM_item_t * itm = &shadow_OAM[nb];
    00002444 21r04r00         [12] 7594 	ld	hl, #(_shadow_OAM + 4)
                                   7595 ;c:\gbdk\include\gb\gb.h:1974: itm->y=y, itm->x=x;
    00002447 78               [ 4] 7596 	ld	a, b
    00002448 22               [ 8] 7597 	ld	(hl+), a
    00002449 36 30            [12] 7598 	ld	(hl), #0x30
                                   7599 ;src/main.c:190: move_sprite(2, PLAYER_SCREEN_X + 8,     py + 16 + 8);
    0000244B 79               [ 4] 7600 	ld	a, c
    0000244C C6 18            [ 8] 7601 	add	a, #0x18
                                   7602 ;c:\gbdk\include\gb\gb.h:1973: OAM_item_t * itm = &shadow_OAM[nb];
                                   7603 ;c:\gbdk\include\gb\gb.h:1974: itm->y=y, itm->x=x;
    0000244E 4F               [ 4] 7604 	ld	c, a
    0000244F 21r08r00         [12] 7605 	ld	hl, #(_shadow_OAM + 8)
    00002452 22               [ 8] 7606 	ld	(hl+), a
    00002453 36 28            [12] 7607 	ld	(hl), #0x28
                                   7608 ;c:\gbdk\include\gb\gb.h:1973: OAM_item_t * itm = &shadow_OAM[nb];
    00002455 21r0Cr00         [12] 7609 	ld	hl, #(_shadow_OAM + 12)
                                   7610 ;c:\gbdk\include\gb\gb.h:1974: itm->y=y, itm->x=x;
    00002458 79               [ 4] 7611 	ld	a, c
    00002459 22               [ 8] 7612 	ld	(hl+), a
    0000245A 36 30            [12] 7613 	ld	(hl), #0x30
                                   7614 ;src/main.c:193: move_bkg((uint8_t)cam_px, (uint8_t)cam_py);
    0000245C F8 0E            [12] 7615 	ldhl	sp,	#14
    0000245E 7E               [ 8] 7616 	ld	a, (hl)
    0000245F E0r00            [12] 7617 	ldh	(_SCX_REG + 0), a
                                   7618 ;c:\gbdk\include\gb\gb.h:1461: SCX_REG=x, SCY_REG=y;
    00002461 3E 70            [ 8] 7619 	ld	a, #0x70
    00002463 E0r00            [12] 7620 	ldh	(_SCY_REG + 0), a
                                   7621 ;src/main.c:193: move_bkg((uint8_t)cam_px, (uint8_t)cam_py);
    00002465 C3r52r14         [16] 7622 	jp	00116$
    00002468                       7623 00117$:
                                   7624 ;src/main.c:197: HIDE_SPRITES;
    00002468 F0r00            [12] 7625 	ldh	a, (_LCDC_REG + 0)
    0000246A E6 FD            [ 8] 7626 	and	a, #0xfd
    0000246C E0r00            [12] 7627 	ldh	(_LCDC_REG + 0), a
                                   7628 ;c:\gbdk\include\gb\gb.h:1461: SCX_REG=x, SCY_REG=y;
    0000246E AF               [ 4] 7629 	xor	a, a
    0000246F E0r00            [12] 7630 	ldh	(_SCX_REG + 0), a
    00002471 AF               [ 4] 7631 	xor	a, a
    00002472 E0r00            [12] 7632 	ldh	(_SCY_REG + 0), a
                                   7633 ;src/main.c:199: waitpadup();
    00002474 CDr00r00         [24] 7634 	call	_waitpadup
                                   7635 ;src/main.c:200: setup_menu_font();
    00002477 CDr2Dr11         [24] 7636 	call	_setup_menu_font
                                   7637 ;src/main.c:201: redraw = 1;
    0000247A 21r01r00         [12] 7638 	ld	hl, #_redraw
    0000247D 36 01            [12] 7639 	ld	(hl), #0x01
                                   7640 ;src/main.c:202: }
    0000247F E8 32            [16] 7641 	add	sp, #50
    00002481 C9               [16] 7642 	ret
                                   7643 ;src/main.c:207: void main(void) {
                                   7644 ;	---------------------------------
                                   7645 ; Function main
                                   7646 ; ---------------------------------
    00002482                       7647 _main::
    00002482 3B               [ 8] 7648 	dec	sp
                                   7649 ;src/main.c:208: music_ready = 0;
    00002483 AF               [ 4] 7650 	xor	a, a
    00002484 EAr00r00         [16] 7651 	ld	(#_music_ready),a
                                   7652 ;src/main.c:209: NR52_REG = 0x80;
    00002487 3E 80            [ 8] 7653 	ld	a, #0x80
    00002489 E0r00            [12] 7654 	ldh	(_NR52_REG + 0), a
                                   7655 ;src/main.c:210: NR51_REG = 0xFF;
    0000248B 3E FF            [ 8] 7656 	ld	a, #0xff
    0000248D E0r00            [12] 7657 	ldh	(_NR51_REG + 0), a
                                   7658 ;src/main.c:211: NR50_REG = 0x77;
    0000248F 3E 77            [ 8] 7659 	ld	a, #0x77
    00002491 E0r00            [12] 7660 	ldh	(_NR50_REG + 0), a
                                   7661 ;src/main.c:213: SWITCH_ROM(5);
    00002493 3E 05            [ 8] 7662 	ld	a, #0x05
    00002495 E0r00            [12] 7663 	ldh	(__current_bank + 0), a
    00002497 21r00r00         [12] 7664 	ld	hl, #_rROMB0
    0000249A 36 05            [12] 7665 	ld	(hl), #0x05
                                   7666 ;src/main.c:214: hUGE_init(&song_stereoma);
    0000249C 11r00r00         [12] 7667 	ld	de, #_song_stereoma
    0000249F CDr00r00         [24] 7668 	call	_hUGE_init
                                   7669 ;src/main.c:215: SWITCH_ROM(1);
    000024A2 3E 01            [ 8] 7670 	ld	a, #0x01
    000024A4 E0r00            [12] 7671 	ldh	(__current_bank + 0), a
    000024A6 21r00r00         [12] 7672 	ld	hl, #_rROMB0
    000024A9 36 01            [12] 7673 	ld	(hl), #0x01
                                   7674 ;src/main.c:216: music_ready = 1;
    000024AB 21r00r00         [12] 7675 	ld	hl, #_music_ready
    000024AE 36 01            [12] 7676 	ld	(hl), #0x01
                                   7677 ;src/main.c:218: TMA_REG = 224;
    000024B0 3E E0            [ 8] 7678 	ld	a, #0xe0
    000024B2 E0r00            [12] 7679 	ldh	(_TMA_REG + 0), a
                                   7680 ;src/main.c:219: TAC_REG = 0x04;
    000024B4 3E 04            [ 8] 7681 	ld	a, #0x04
    000024B6 E0r00            [12] 7682 	ldh	(_TAC_REG + 0), a
                                   7683 ;src/main.c:220: add_TIM(play_music_safe);
    000024B8 11rE5r10         [12] 7684 	ld	de, #_play_music_safe
    000024BB CDr00r00         [24] 7685 	call	_add_TIM
                                   7686 ;src/main.c:221: set_interrupts(VBL_IFLAG | TIM_IFLAG);
    000024BE 3E 05            [ 8] 7687 	ld	a, #0x05
    000024C0 CDr00r00         [24] 7688 	call	_set_interrupts
                                   7689 ;c:\gbdk\include\gb\gb.h:795: __asm__("ei");
    000024C3 FB               [ 4] 7690 	ei
                                   7691 ;src/main.c:224: setup_menu_font();
    000024C4 CDr2Dr11         [24] 7692 	call	_setup_menu_font
                                   7693 ;src/main.c:226: while (1) {
    000024C7                       7694 00116$:
                                   7695 ;src/main.c:227: if (redraw) draw_menu();
    000024C7 FAr01r00         [16] 7696 	ld	a, (#_redraw)
    000024CA B7               [ 4] 7697 	or	a, a
    000024CB 28 03            [12] 7698 	jr	Z, 00102$
    000024CD CDrAFr12         [24] 7699 	call	_draw_menu
    000024D0                       7700 00102$:
                                   7701 ;src/main.c:228: uint8_t joy = joypad();
    000024D0 CDr00r00         [24] 7702 	call	_joypad
    000024D3 F8 00            [12] 7703 	ldhl	sp,	#0
    000024D5 77               [ 8] 7704 	ld	(hl), a
                                   7705 ;src/main.c:230: if (joy & J_UP) {
    000024D6 E5               [16] 7706 	push	hl
    000024D7 CB 56            [12] 7707 	bit	2, (hl)
    000024D9 E1               [12] 7708 	pop	hl
    000024DA 28 12            [12] 7709 	jr	Z, 00113$
                                   7710 ;src/main.c:231: if (selected > 0) { selected--; redraw = 1; }
    000024DC 21r02r00         [12] 7711 	ld	hl, #_selected
    000024DF 7E               [ 8] 7712 	ld	a, (hl)
    000024E0 B7               [ 4] 7713 	or	a, a
    000024E1 28 06            [12] 7714 	jr	Z, 00104$
    000024E3 35               [12] 7715 	dec	(hl)
    000024E4 21r01r00         [12] 7716 	ld	hl, #_redraw
    000024E7 36 01            [12] 7717 	ld	(hl), #0x01
    000024E9                       7718 00104$:
                                   7719 ;src/main.c:232: waitpadup();
    000024E9 CDr00r00         [24] 7720 	call	_waitpadup
    000024EC 18 49            [12] 7721 	jr	00114$
    000024EE                       7722 00113$:
                                   7723 ;src/main.c:234: else if (joy & J_DOWN) {
    000024EE E5               [16] 7724 	push	hl
    000024EF F8 02            [12] 7725 	ldhl	sp,	#2
    000024F1 CB 5E            [12] 7726 	bit	3, (hl)
    000024F3 E1               [12] 7727 	pop	hl
    000024F4 28 33            [12] 7728 	jr	Z, 00110$
                                   7729 ;src/main.c:235: if (selected < MAX_LEVELS - 1) { selected++; redraw = 1; }
    000024F6 FAr00r00         [16] 7730 	ld	a, (_MAX_LEVELS)
    000024F9 06 00            [ 8] 7731 	ld	b, #0x00
    000024FB 4F               [ 4] 7732 	ld	c, a
    000024FC 0B               [ 8] 7733 	dec	bc
    000024FD FAr02r00         [16] 7734 	ld	a, (_selected)
    00002500 6F               [ 4] 7735 	ld	l, a
    00002501 26 00            [ 8] 7736 	ld	h, #0x00
    00002503 58               [ 4] 7737 	ld	e, b
    00002504 54               [ 4] 7738 	ld	d, h
    00002505 7D               [ 4] 7739 	ld	a, l
    00002506 91               [ 4] 7740 	sub	a, c
    00002507 7C               [ 4] 7741 	ld	a, h
    00002508 98               [ 4] 7742 	sbc	a, b
    00002509 CB 7B            [ 8] 7743 	bit	7, e
    0000250B 28 07            [12] 7744 	jr	Z, 00172$
    0000250D CB 7A            [ 8] 7745 	bit	7, d
    0000250F 20 08            [12] 7746 	jr	NZ, 00173$
    00002511 BF               [ 4] 7747 	cp	a, a
    00002512 18 05            [12] 7748 	jr	00173$
    00002514                       7749 00172$:
    00002514 CB 7A            [ 8] 7750 	bit	7, d
    00002516 28 01            [12] 7751 	jr	Z, 00173$
    00002518 37               [ 4] 7752 	scf
    00002519                       7753 00173$:
    00002519 30 09            [12] 7754 	jr	NC, 00106$
    0000251B 21r02r00         [12] 7755 	ld	hl, #_selected
    0000251E 34               [12] 7756 	inc	(hl)
    0000251F 21r01r00         [12] 7757 	ld	hl, #_redraw
    00002522 36 01            [12] 7758 	ld	(hl), #0x01
    00002524                       7759 00106$:
                                   7760 ;src/main.c:236: waitpadup();
    00002524 CDr00r00         [24] 7761 	call	_waitpadup
    00002527 18 0E            [12] 7762 	jr	00114$
    00002529                       7763 00110$:
                                   7764 ;src/main.c:238: else if (joy & J_A) {
    00002529 E5               [16] 7765 	push	hl
    0000252A F8 02            [12] 7766 	ldhl	sp,	#2
    0000252C CB 66            [12] 7767 	bit	4, (hl)
    0000252E E1               [12] 7768 	pop	hl
    0000252F 28 06            [12] 7769 	jr	Z, 00114$
                                   7770 ;src/main.c:239: play_level(selected);
    00002531 FAr02r00         [16] 7771 	ld	a, (_selected)
    00002534 CDrB0r12         [24] 7772 	call	_play_level
    00002537                       7773 00114$:
                                   7774 ;src/main.c:242: wait_vbl_done();
    00002537 CDr00r00         [24] 7775 	call	_wait_vbl_done
    0000253A 18 8B            [12] 7776 	jr	00116$
                                   7777 ;src/main.c:244: }
    0000253C 33               [ 8] 7778 	inc	sp
    0000253D C9               [16] 7779 	ret
                                   7780 	.area _CODE
                                   7781 	.area _INITIALIZER
    00000000                       7782 __xinit__music_ready:
    00000000 00                    7783 	.db #0x00	; 0
    00000001                       7784 __xinit__redraw:
    00000001 01                    7785 	.db #0x01	; 1
    00000002                       7786 __xinit__selected:
    00000002 00                    7787 	.db #0x00	; 0
                                   7788 	.area _CABS (ABS)
